Sample No.,Clustr Grp
1,0
2,2
3,0
4,1
5,1
6,0
7,2
8,0
9,0
10,0
11,0
12,1
13,1
14,0
15,1
16,2
17,2
18,2
19,0
20,2
21,1
22,0
23,0
24,2
25,1
26,0
27,0
28,0
29,0
30,1
31,2
32,1
33,0
34,2
35,0
36,0
37,2
38,1
39,2
40,2
41,0
42,1
43,1
44,2
45,0
46,0
47,0
48,0
49,1
50,2
51,0
52,2
53,0
54,1
55,0
56,0
57,0
58,0
59,1
60,0
61,0
62,1
63,0
64,0
65,2
66,2
67,0
68,0
69,1
70,1
71,2
72,0
73,2
74,2
75,0
76,1
77,1
78,2
79,2
80,1
81,1
82,1
83,2
84,2
85,0
86,1
87,2
88,1
89,0
90,0
91,0
92,0
93,0
94,0
95,2
96,0
97,1
98,2
99,1
100,0
101,2
102,0
103,0
104,2
105,0
106,2
107,0
108,1
109,1
110,0
111,0
112,2
113,0
114,0
115,2
116,0
117,0
118,2
119,1
120,0
121,0
122,1
123,2
124,0
125,0
126,0
127,2
128,0
129,2
130,1
131,2
132,2
133,0
134,0
135,0
136,1
137,0
138,1
139,0
140,0
141,2
142,1
143,0
144,0
145,0
146,1
147,2
148,2
149,0
150,1
151,1
152,0
153,0
154,1
155,0
156,0
157,0
158,2
159,0
160,0
161,2
162,2
163,0
164,2
165,2
166,2
167,0
168,2
169,1
170,1
171,2
172,0
173,0
174,1
175,0
176,2
177,2
178,1
179,2
180,0
181,0
182,2
183,2
184,1
185,2
186,2
187,2
188,1
189,2
190,2
191,1
192,2
193,1
194,0
195,0
196,0
197,2
198,2
199,0
200,1
201,2
202,0
203,2
204,2
205,1
206,1
207,0
208,1
209,0
210,1
211,1
212,0
213,2
214,0
215,0
216,1
217,0
218,2
219,1
220,0
221,2
222,2
223,0
224,0
225,2
226,0
227,1
228,0
229,0
230,0
231,0
232,2
233,1
234,1
235,2
236,0
237,0
238,2
239,2
240,2
241,2
242,1
243,2
244,0
245,1
246,1
247,2
248,2
249,1
250,2
251,0
252,0
253,0
254,2
255,1
256,2
257,2
258,1
259,1
260,1
261,1
262,2
263,1
264,0
265,0
266,2
267,0
268,0
269,1
270,2
271,2
272,2
273,0
274,0
275,1
276,0
277,2
278,0
279,0
280,1
281,0
282,0
283,2
284,0
285,1
286,2
287,2
288,0
289,1
290,0
291,1
292,1
293,0
294,2
295,0
296,0
297,0
298,0
299,0
300,1
301,1
302,0
303,0
304,0
305,1
306,0
307,2
308,2
309,2
310,0
311,0
312,1
313,1
314,0
315,1
316,1
317,0
318,1
319,0
320,0
321,0
322,0
323,0
324,1
325,2
326,0
327,0
328,2
329,1
330,0
331,2
332,0
333,0
334,1
335,2
336,2
337,0
338,1
339,1
340,0
341,2
342,0
343,0
344,2
345,1
346,2
347,1
348,1
349,0
350,2
351,1
352,2
353,1
354,2
355,2
356,0
357,0
358,2
359,1
360,2
361,1
362,1
363,0
364,1
365,1
366,1
367,1
368,1
369,0
370,1
371,1
372,2
373,0
374,0
375,1
376,0
377,0
378,0
379,1
380,0
381,0
382,2
383,1
384,1
385,2
386,1
387,0
388,0
389,0
390,2
391,2
392,1
393,1
394,0
395,0
396,0
397,2
398,0
399,2
400,0
401,0
402,1
403,2
404,0
405,2
406,0
407,1
408,2
409,0
410,1
411,0
412,0
413,2
414,1
415,0
416,0
417,2
418,2
419,0
420,1
421,0
422,0
423,0
424,2
425,0
426,0
427,0
428,1
429,2
430,0
431,0
432,2
433,1
434,1
435,1
436,1
437,2
438,0
439,0
440,0
441,0
442,0
443,0
444,2
445,0
446,1
447,0
448,0
449,1
450,0
451,0
452,1
453,2
454,1
455,1
456,2
457,0
458,0
459,2
460,0
461,1
462,0
463,0
464,2
465,0
466,2
467,2
468,2
469,1
470,0
471,0
472,0
473,1
474,1
475,2
476,1
477,2
478,2
479,0
480,0
481,0
482,0
483,1
484,0
485,2
486,2
487,1
488,2
489,2
490,1
491,0
492,0
493,2
494,1
495,0
496,1
497,0
498,0
499,1
500,0
501,0
502,0
503,0
504,0
505,0
506,2
507,2
508,1
509,1
510,1
511,1
512,2
513,2
514,1
515,2
516,1
517,2
518,1
519,0
520,2
521,0
522,0
523,1
524,2
525,0
526,1
527,2
528,2
529,0
530,2
531,2
532,0
533,0
534,0
535,1
536,0
537,0
538,1
539,2
540,0
541,0
542,0
543,0
544,2
545,0
546,1
547,1
548,2
549,0
550,0
551,1
552,1
553,0
554,1
555,2
556,1
557,0
558,2
559,0
560,1
561,2
562,2
563,1
564,0
565,1
566,1
567,2
568,1
569,1
570,0
571,0
572,1
573,1
574,1
575,1
576,2
577,0
578,1
579,2
580,1
581,1
582,1
583,2
584,0
585,0
586,0
587,1
588,0
589,2
590,0
591,0
592,2
593,0
594,2
595,0
596,1
597,1
598,2
599,0
600,0
601,1
602,0
603,1
604,0
605,1
606,0
607,0
608,0
609,0
610,1
611,2
612,1
613,0
614,1
615,0
616,2
617,0
618,2
619,1
620,0
621,2
622,2
623,0
624,2
625,2
626,1
627,0
628,0
629,2
630,2
631,0
632,2
633,0
634,2
635,0
636,0
637,0
638,0
639,0
640,0
641,2
642,2
643,1
644,2
645,1
646,0
647,1
648,1
649,2
650,0
651,2
652,0
653,2
654,2
655,0
656,1
657,2
658,1
659,0
660,0
661,0
662,1
663,1
664,2
665,2
666,0
667,0
668,0
669,1
670,2
671,2
672,0
673,0
674,0
675,2
676,1
677,1
678,0
679,2
680,0
681,1
682,1
683,0
684,0
685,0
686,0
687,1
688,2
689,1
690,0
691,1
692,0
693,0
694,1
695,2
696,2
697,1
698,0
699,1
700,1
701,1
702,0
703,1
704,0
705,1
706,2
707,0
708,2
709,0
710,2
711,2
712,0
713,2
714,1
715,1
716,1
717,1
718,0
719,2
720,0
721,0
722,0
723,2
724,0
725,0
726,0
727,2
728,2
729,2
730,1
731,2
732,2
733,2
734,1
735,0
736,1
737,2
738,0
739,0
740,0
741,1
742,2
743,2
744,0
745,2
746,1
747,2
748,0
749,1
750,0
751,0
752,2
753,1
754,1
755,0
756,2
757,1
758,1
759,0
760,1
761,2
762,0
763,1
764,1
765,2
766,2
767,0
768,0
769,2
770,0
771,1
772,0
773,2
774,1
775,1
776,2
777,0
778,2
779,0
780,1
781,0
782,2
783,0
784,0
785,0
786,1
787,0
788,0
789,0
790,0
791,0
792,1
793,2
794,0
795,0
796,2
797,1
798,0
799,2
800,0
801,0
802,0
803,2
804,0
805,0
806,2
807,1
808,0
809,0
810,1
811,0
812,0
813,2
814,0
815,0
816,0
817,1
818,1
819,2
820,0
821,2
822,1
823,1
824,1
825,0
826,1
827,1
828,0
829,1
830,2
831,1
832,0
833,2
834,0
835,0
836,1
837,2
838,0
839,1
840,0
841,0
842,2
843,1
844,2
845,2
846,2
847,1
848,2
849,0
850,1
851,0
852,0
853,2
854,2
855,1
856,0
857,0
858,1
859,1
860,1
861,1
862,2
863,0
864,1
865,0
866,1
867,1
868,1
869,0
870,1
871,2
872,1
873,2
874,1
875,1
876,0
877,2
878,0
879,2
880,1
881,2
882,0
883,2
884,1
885,2
886,1
887,2
888,1
889,1
890,1
891,0
892,1
893,1
894,2
895,0
896,1
897,1
898,1
899,0
900,2
901,0
902,1
903,2
904,0
905,0
906,2
907,0
908,0
909,0
910,2
911,1
912,2
913,1
914,1
915,1
916,1
917,2
918,2
919,2
920,0
921,1
922,2
923,0
924,1
925,1
926,0
927,0
928,2
929,2
930,1
931,2
932,1
933,0
934,2
935,1
936,2
937,0
938,2
939,2
940,0
941,0
942,1
943,0
944,1
945,1
946,2
947,1
948,2
949,0
950,0
951,0
952,1
953,0
954,2
955,0
956,2
957,0
958,1
959,2
960,2
961,2
962,0
963,2
964,0
965,0
966,1
967,0
968,0
969,0
970,1
971,0
972,0
973,2
974,0
975,0
976,0
977,1
978,0
979,1
980,0
981,0
982,1
983,1
984,0
985,1
986,0
987,0
988,0
989,1
990,0
991,1
992,1
993,0
994,0
995,2
996,0
997,0
998,1
999,0
1000,1
1001,2
1002,0
1003,1
1004,2
1005,2
1006,2
1007,0
1008,2
1009,2
1010,0
1011,2
1012,2
1013,1
1014,0
1015,0
1016,0
1017,2
1018,1
1019,2
1020,2
1021,1
1022,0
1023,1
1024,0
1025,1
1026,2
1027,0
1028,0
1029,2
1030,2
1031,2
1032,2
1033,1
1034,0
1035,0
1036,1
1037,0
1038,1
1039,2
1040,0
1041,0
1042,2
1043,2
1044,0
1045,0
1046,2
1047,0
1048,2
1049,0
1050,2
1051,0
1052,1
1053,1
1054,0
1055,0
1056,0
1057,1
1058,0
1059,2
1060,0
1061,2
1062,1
1063,1
1064,0
1065,2
1066,1
1067,2
1068,2
1069,0
1070,2
1071,2
1072,2
1073,0
1074,0
1075,0
1076,1
1077,2
1078,0
1079,2
1080,0
1081,2
1082,2
1083,0
1084,1
1085,0
1086,0
1087,2
1088,1
1089,0
1090,0
1091,2
1092,1
1093,0
1094,0
1095,0
1096,2
1097,1
1098,2
1099,1
1100,2
1101,2
1102,2
1103,2
1104,2
1105,0
1106,2
1107,2
1108,0
1109,1
1110,1
1111,0
1112,2
1113,1
1114,0
1115,0
1116,1
1117,1
1118,0
1119,0
1120,2
1121,0
1122,1
1123,2
1124,1
1125,1
1126,1
1127,0
1128,1
1129,0
1130,0
1131,0
1132,2
1133,1
1134,2
1135,0
1136,1
1137,2
1138,1
1139,1
1140,1
1141,2
1142,2
1143,0
1144,1
1145,1
1146,2
1147,0
1148,0
1149,0
1150,1
1151,0
1152,2
1153,0
1154,0
1155,2
1156,1
1157,1
1158,1
1159,0
1160,0
1161,0
1162,0
1163,0
1164,2
1165,1
1166,1
1167,0
1168,0
1169,2
1170,0
1171,0
1172,1
1173,1
1174,2
1175,1
1176,2
1177,1
1178,0
1179,0
1180,1
1181,1
1182,0
1183,1
1184,2
1185,2
1186,2
1187,0
1188,1
1189,0
1190,0
1191,0
1192,2
1193,0
1194,0
1195,0
1196,0
1197,0
1198,1
1199,1
1200,2
1201,0
1202,0
1203,1
1204,1
1205,0
1206,0
1207,1
1208,1
1209,1
1210,2
1211,0
1212,0
1213,0
1214,0
1215,2
1216,1
1217,0
1218,2
1219,1
1220,2
1221,0
1222,2
1223,1
1224,2
1225,2
1226,0
1227,0
1228,2
1229,0
1230,0
1231,0
1232,2
1233,1
1234,0
1235,0
1236,1
1237,0
1238,1
1239,2
1240,2
1241,1
1242,0
1243,0
1244,0
1245,0
1246,1
1247,0
1248,2
1249,0
1250,1
1251,0
1252,1
1253,0
1254,1
1255,1
1256,0
1257,2
1258,1
1259,1
1260,0
1261,0
1262,0
1263,0
1264,0
1265,1
1266,1
1267,2
1268,0
1269,0
1270,0
1271,0
1272,1
1273,0
1274,1
1275,0
1276,0
1277,0
1278,2
1279,0
1280,0
1281,1
1282,2
1283,2
1284,0
1285,0
1286,1
1287,1
1288,0
1289,1
1290,0
1291,0
1292,2
1293,1
1294,1
1295,1
1296,1
1297,1
1298,0
1299,2
1300,2
1301,2
1302,1
1303,0
1304,0
1305,0
1306,0
1307,2
1308,2
1309,0
1310,2
1311,2
1312,0
1313,1
1314,1
1315,0
1316,2
1317,0
1318,2
1319,0
1320,1
1321,0
1322,0
1323,0
1324,1
1325,0
1326,0
1327,0
1328,1
1329,1
1330,0
1331,0
1332,2
1333,2
1334,0
1335,2
1336,0
1337,2
1338,2
1339,1
1340,0
1341,0
1342,0
1343,2
1344,0
1345,2
1346,1
1347,2
1348,1
1349,2
1350,2
1351,0
1352,0
1353,0
1354,1
1355,0
1356,2
1357,1
1358,2
1359,0
1360,2
1361,0
1362,1
1363,0
1364,0
1365,1
1366,2
1367,2
1368,1
1369,0
1370,0
1371,0
1372,0
1373,2
1374,0
1375,0
1376,1
1377,0
1378,0
1379,0
1380,2
1381,2
1382,2
1383,1
1384,1
1385,0
1386,0
1387,2
1388,2
1389,2
1390,0
1391,1
1392,0
1393,1
1394,0
1395,1
1396,2
1397,0
1398,2
1399,2
1400,2
1401,2
1402,0
1403,0
1404,2
1405,1
1406,0
1407,0
1408,2
1409,0
1410,1
1411,2
1412,1
1413,1
1414,1
1415,1
1416,0
1417,2
1418,2
1419,1
1420,2
1421,0
1422,1
1423,2
1424,2
1425,2
1426,2
1427,1
1428,0
1429,2
1430,2
1431,0
1432,1
1433,0
1434,1
1435,2
1436,2
1437,0
1438,0
1439,0
1440,1
1441,0
1442,0
1443,1
1444,2
1445,0
1446,1
1447,2
1448,2
1449,2
1450,0
1451,2
1452,0
1453,0
1454,0
1455,2
1456,0
1457,2
1458,2
1459,1
1460,0
1461,0
1462,0
1463,1
1464,2
1465,2
1466,0
1467,2
1468,2
1469,0
1470,2
1471,1
1472,0
1473,1
1474,2
1475,2
1476,2
1477,1
1478,0
1479,0
1480,0
1481,0
1482,2
1483,1
1484,2
1485,2
1486,2
1487,2
1488,2
1489,0
1490,1
1491,0
1492,0
1493,0
1494,1
1495,2
1496,0
1497,0
1498,1
1499,2
1500,1
1501,2
1502,0
1503,0
1504,0
1505,2
1506,2
1507,2
1508,0
1509,1
1510,0
1511,1
1512,0
1513,0
1514,1
1515,0
1516,1
1517,2
1518,1
1519,0
1520,1
1521,1
1522,2
1523,0
1524,1
1525,0
1526,2
1527,1
1528,2
1529,1
1530,0
1531,1
1532,0
1533,1
1534,1
1535,2
1536,2
1537,1
1538,2
1539,2
1540,2
1541,1
1542,2
1543,2
1544,2
1545,0
1546,1
1547,1
1548,1
1549,0
1550,0
1551,0
1552,1
1553,0
1554,0
1555,2
1556,1
1557,0
1558,2
1559,0
1560,1
1561,2
1562,0
1563,1
1564,2
1565,1
1566,1
1567,1
1568,1
1569,1
1570,1
1571,0
1572,1
1573,1
1574,1
1575,1
1576,1
1577,2
1578,0
1579,0
1580,1
1581,1
1582,0
1583,1
1584,0
1585,1
1586,1
1587,2
1588,1
1589,1
1590,2
1591,2
1592,1
1593,1
1594,0
1595,2
1596,1
1597,2
1598,2
1599,1
1600,0
1601,2
1602,1
1603,0
1604,0
1605,2
1606,0
1607,0
1608,0
1609,0
1610,0
1611,1
1612,2
1613,1
1614,0
1615,1
1616,0
1617,0
1618,2
1619,1
1620,0
1621,0
1622,2
1623,2
1624,0
1625,0
1626,1
1627,0
1628,1
1629,0
1630,0
1631,2
1632,2
1633,2
1634,0
1635,0
1636,2
1637,0
1638,2
1639,1
1640,0
1641,0
1642,0
1643,2
1644,0
1645,1
1646,2
1647,2
1648,1
1649,0
1650,0
1651,2
1652,0
1653,2
1654,2
1655,2
1656,0
1657,0
1658,2
1659,0
1660,0
1661,2
1662,0
1663,0
1664,0
1665,2
1666,0
1667,1
1668,1
1669,2
1670,0
1671,0
1672,1
1673,0
1674,1
1675,0
1676,0
1677,1
1678,1
1679,0
1680,1
1681,1
1682,2
1683,2
1684,2
1685,1
1686,2
1687,2
1688,2
1689,1
1690,1
1691,2
1692,0
1693,0
1694,2
1695,1
1696,1
1697,0
1698,2
1699,2
1700,1
1701,1
1702,2
1703,2
1704,0
1705,0
1706,0
1707,0
1708,0
1709,0
1710,2
1711,1
1712,0
1713,1
1714,2
1715,1
1716,0
1717,2
1718,1
1719,0
1720,1
1721,1
1722,2
1723,2
1724,0
1725,2
1726,0
1727,1
1728,1
1729,2
1730,1
1731,0
1732,2
1733,2
1734,1
1735,2
1736,2
1737,0
1738,2
1739,0
1740,0
1741,2
1742,0
1743,0
1744,2
1745,0
1746,1
1747,2
1748,1
1749,2
1750,2
1751,0
1752,0
1753,1
1754,1
1755,1
1756,2
1757,2
1758,0
1759,0
1760,2
1761,1
1762,2
1763,1
1764,0
1765,1
1766,2
1767,1
1768,1
1769,2
1770,2
1771,2
1772,1
1773,0
1774,0
1775,0
1776,0
1777,1
1778,2
1779,1
1780,0
1781,0
1782,2
1783,2
1784,2
1785,1
1786,1
1787,0
1788,0
1789,2
1790,2
1791,0
1792,2
1793,2
1794,1
1795,1
1796,2
1797,0
1798,2
1799,1
1800,0
1801,1
1802,0
1803,0
1804,0
1805,0
1806,0
1807,0
1808,0
1809,0
1810,2
1811,0
1812,0
1813,0
1814,0
1815,0
1816,0
1817,0
1818,0
1819,0
1820,0
1821,0
1822,0
1823,0
1824,0
1825,1
1826,1
1827,1
1828,0
1829,2
1830,1
1831,2
1832,2
1833,0
1834,2
1835,2
1836,2
1837,2
1838,0
1839,2
1840,1
1841,0
1842,1
1843,2
1844,2
1845,1
1846,0
1847,1
1848,0
1849,0
1850,0
1851,2
1852,1
1853,2
1854,1
1855,2
1856,0
1857,2
1858,2
1859,2
1860,1
1861,2
1862,2
1863,1
1864,0
1865,2
1866,2
1867,0
1868,0
1869,2
1870,0
1871,1
1872,2
1873,1
1874,0
1875,2
1876,0
1877,0
1878,2
1879,0
1880,2
1881,0
1882,2
1883,2
1884,2
1885,2
1886,0
1887,0
1888,1
1889,2
1890,0
1891,0
1892,2
1893,0
1894,2
1895,1
1896,1
1897,0
1898,1
1899,2
1900,0
1901,2
1902,0
1903,2
1904,2
1905,2
1906,2
1907,1
1908,2
1909,0
1910,1
1911,2
1912,2
1913,0
1914,2
1915,1
1916,0
1917,0
1918,1
1919,0
1920,2
1921,1
1922,1
1923,1
1924,0
1925,1
1926,0
1927,0
1928,0
1929,0
1930,2
1931,1
1932,2
1933,2
1934,0
1935,0
1936,2
1937,2
1938,2
1939,1
1940,2
1941,1
1942,0
1943,1
1944,0
1945,2
1946,0
1947,0
1948,0
1949,0
1950,0
1951,1
1952,0
1953,0
1954,0
1955,0
1956,0
1957,1
1958,0
1959,0
1960,1
1961,0
1962,1
1963,1
1964,0
1965,0
1966,1
1967,0
1968,0
1969,2
1970,1
1971,1
1972,2
1973,1
1974,0
1975,0
1976,2
1977,2
1978,2
1979,2
1980,2
1981,0
1982,1
1983,0
1984,2
1985,1
1986,2
1987,0
1988,0
1989,2
1990,1
1991,2
1992,0
1993,1
1994,2
1995,1
1996,0
1997,0
1998,0
1999,0
2000,2
2001,0
2002,0
2003,0
2004,0
2005,0
2006,2
2007,2
2008,1
2009,1
2010,2
2011,0
2012,0
2013,0
2014,0
2015,2
2016,1
2017,2
2018,2
2019,0
2020,0
2021,0
2022,0
2023,0
2024,0
2025,0
2026,0
2027,1
2028,1
2029,0
2030,1
2031,2
2032,0
2033,0
2034,1
2035,0
2036,1
2037,0
2038,0
2039,0
2040,1
2041,2
2042,2
2043,0
2044,0
2045,2
2046,1
2047,0
2048,0
2049,2
2050,0
2051,2
2052,0
2053,0
2054,0
2055,1
2056,0
2057,0
2058,2
2059,0
2060,2
2061,1
2062,0
2063,0
2064,0
2065,1
2066,0
2067,0
2068,2
2069,2
2070,2
2071,2
2072,1
2073,1
2074,2
2075,1
2076,1
2077,0
2078,2
2079,2
2080,1
2081,2
2082,1
2083,2
2084,1
2085,0
2086,0
2087,1
2088,2
2089,0
2090,1
2091,0
2092,1
2093,0
2094,0
2095,2
2096,2
2097,2
2098,0
2099,0
2100,1
2101,2
2102,1
2103,0
2104,0
2105,2
2106,0
2107,2
2108,0
2109,2
2110,1
2111,1
2112,0
2113,1
2114,1
2115,2
2116,1
2117,0
2118,2
2119,1
2120,0
2121,2
2122,0
2123,0
2124,2
2125,1
2126,0
2127,0
2128,0
2129,2
2130,1
2131,2
2132,2
2133,2
2134,2
2135,0
2136,0
2137,2
2138,1
2139,1
2140,0
2141,1
2142,2
2143,1
2144,0
2145,1
2146,0
2147,2
2148,2
2149,1
2150,0
2151,2
2152,0
2153,1
2154,1
2155,2
2156,2
2157,0
2158,2
2159,0
2160,0
2161,0
2162,2
2163,2
2164,2
2165,0
2166,1
2167,2
2168,1
2169,2
2170,0
2171,2
2172,1
2173,1
2174,0
2175,1
2176,2
2177,0
2178,0
2179,0
2180,2
2181,1
2182,1
2183,2
2184,0
2185,0
2186,2
2187,0
2188,0
2189,0
2190,2
2191,0
2192,2
2193,1
2194,0
2195,2
2196,2
2197,0
2198,0
2199,0
2200,0
2201,0
2202,2
2203,0
2204,0
2205,1
2206,0
2207,0
2208,0
2209,2
2210,1
2211,1
2212,2
2213,0
2214,0
2215,0
2216,2
2217,0
2218,1
2219,0
2220,1
2221,1
2222,1
2223,1
2224,2
2225,1
2226,0
2227,0
2228,2
2229,1
2230,1
2231,0
2232,0
2233,1
2234,1
2235,0
2236,0
2237,0
2238,0
2239,2
2240,2
2241,2
2242,0
2243,1
2244,2
2245,0
2246,0
2247,2
2248,0
2249,1
2250,0
2251,0
2252,0
2253,0
2254,1
2255,0
2256,0
2257,1
2258,1
2259,0
2260,0
2261,1
2262,1
2263,2
2264,2
2265,0
2266,1
2267,2
2268,0
2269,1
2270,2
2271,0
2272,0
2273,2
2274,2
2275,1
2276,2
2277,0
2278,2
2279,1
2280,0
2281,0
2282,0
2283,0
2284,2
2285,0
2286,1
2287,0
2288,1
2289,1
2290,0
2291,2
2292,1
2293,0
2294,0
2295,0
2296,0
2297,2
2298,1
2299,1
2300,2
2301,0
2302,2
2303,2
2304,2
2305,0
2306,0
2307,0
2308,0
2309,2
2310,1
2311,1
2312,1
2313,0
2314,1
2315,1
2316,0
2317,2
2318,1
2319,0
2320,1
2321,2
2322,2
2323,2
2324,1
2325,0
2326,0
2327,0
2328,0
2329,2
2330,1
2331,2
2332,1
2333,1
2334,0
2335,1
2336,0
2337,1
2338,0
2339,0
2340,2
2341,2
2342,1
2343,1
2344,0
2345,0
2346,2
2347,1
2348,0
2349,1
2350,0
2351,0
2352,0
2353,0
2354,1
2355,2
2356,0
2357,1
2358,0
2359,0
2360,1
2361,0
2362,0
2363,0
2364,0
2365,0
2366,1
2367,0
2368,2
2369,2
2370,1
2371,0
2372,0
2373,0
2374,0
2375,0
2376,0
2377,0
2378,0
2379,0
2380,1
2381,0
2382,2
2383,2
2384,0
2385,1
2386,2
2387,1
2388,0
2389,0
2390,2
2391,2
2392,2
2393,0
2394,1
2395,0
2396,0
2397,1
2398,0
2399,1
2400,1
2401,1
2402,2
2403,0
2404,0
2405,0
2406,0
2407,1
2408,1
2409,2
2410,0
2411,2
2412,0
2413,2
2414,2
2415,1
2416,0
2417,2
2418,0
2419,2
2420,0
2421,0
2422,2
2423,0
2424,0
2425,0
2426,0
2427,0
2428,2
2429,1
2430,1
2431,1
2432,0
2433,2
2434,2
2435,2
2436,2
2437,1
2438,1
2439,1
2440,0
2441,0
2442,1
2443,1
2444,2
2445,0
2446,0
2447,0
2448,0
2449,1
2450,2
2451,0
2452,2
2453,2
2454,1
2455,2
2456,1
2457,0
2458,2
2459,1
2460,1
2461,1
2462,1
2463,0
2464,0
2465,1
2466,0
2467,1
2468,0
2469,2
2470,0
2471,0
2472,0
2473,0
2474,1
2475,0
2476,2
2477,2
2478,1
2479,2
2480,0
2481,2
2482,0
2483,0
2484,0
2485,0
2486,1
2487,1
2488,0
2489,0
2490,1
2491,0
2492,1
2493,2
2494,0
2495,1
2496,0
2497,1
2498,0
2499,2
2500,2
2501,0
2502,1
2503,0
2504,2
2505,2
2506,1
2507,0
2508,0
2509,2
2510,0
2511,0
2512,2
2513,1
2514,0
2515,0
2516,0
2517,1
2518,0
2519,2
2520,2
2521,2
2522,2
2523,2
2524,0
2525,2
2526,0
2527,0
2528,1
2529,2
2530,0
2531,2
2532,0
2533,2
2534,0
2535,2
2536,1
2537,0
2538,0
2539,0
2540,0
2541,2
2542,1
2543,1
2544,1
2545,1
2546,2
2547,2
2548,0
2549,0
2550,2
2551,2
2552,2
2553,0
2554,0
2555,1
2556,1
2557,1
2558,0
2559,2
2560,0
2561,2
2562,1
2563,1
2564,0
2565,2
2566,0
2567,1
2568,2
2569,2
2570,0
2571,0
2572,2
2573,1
2574,0
2575,0
2576,0
2577,1
2578,1
2579,0
2580,2
2581,0
2582,2
2583,0
2584,0
2585,2
2586,0
2587,2
2588,1
2589,1
2590,2
2591,1
2592,0
2593,1
2594,2
2595,0
2596,0
2597,1
2598,0
2599,0
2600,0
2601,0
2602,0
2603,1
2604,1
2605,2
2606,1
2607,2
2608,2
2609,0
2610,0
2611,0
2612,1
2613,0
2614,1
2615,0
2616,0
2617,0
2618,1
2619,1
2620,1
2621,0
2622,0
2623,1
2624,0
2625,0
2626,1
2627,1
2628,0
2629,2
2630,0
2631,2
2632,1
2633,2
2634,0
2635,1
2636,0
2637,0
2638,0
2639,2
2640,1
2641,2
2642,0
2643,2
2644,1
2645,0
2646,2
2647,0
2648,0
2649,2
2650,1
2651,2
2652,1
2653,0
2654,2
2655,2
2656,2
2657,2
2658,1
2659,1
2660,0
2661,0
2662,1
2663,2
2664,1
2665,2
2666,2
2667,0
2668,1
2669,1
2670,0
2671,0
2672,2
2673,0
2674,0
2675,2
2676,0
2677,0
2678,0
2679,0
2680,1
2681,2
2682,0
2683,2
2684,2
2685,0
2686,0
2687,0
2688,0
2689,0
2690,0
2691,1
2692,2
2693,2
2694,1
2695,2
2696,2
2697,1
2698,1
2699,0
2700,2
2701,0
2702,1
2703,0
2704,0
2705,1
2706,2
2707,0
2708,1
2709,2
2710,2
2711,1
2712,1
2713,0
2714,1
2715,0
2716,2
2717,1
2718,0
2719,0
2720,2
2721,1
2722,0
2723,1
2724,0
2725,2
2726,0
2727,0
2728,0
2729,1
2730,0
2731,0
2732,1
2733,0
2734,1
2735,2
2736,0
2737,2
2738,2
2739,1
2740,0
2741,1
2742,1
2743,0
2744,1
2745,0
2746,2
2747,0
2748,2
2749,1
2750,0
2751,0
2752,2
2753,2
2754,0
2755,0
2756,2
2757,2
2758,2
2759,1
2760,2
2761,2
2762,1
2763,0
2764,0
2765,2
2766,0
2767,1
2768,0
2769,1
2770,0
2771,2
2772,0
2773,1
2774,0
2775,1
2776,0
2777,2
2778,0
2779,2
2780,0
2781,2
2782,1
2783,1
2784,2
2785,1
2786,2
2787,0
2788,1
2789,0
2790,1
2791,1
2792,0
2793,2
2794,0
2795,0
2796,0
2797,1
2798,2
2799,1
2800,2
2801,1
2802,0
2803,1
2804,2
2805,0
2806,1
2807,0
2808,0
2809,2
2810,0
2811,1
2812,2
2813,1
2814,2
2815,1
2816,2
2817,0
2818,0
2819,0
2820,1
2821,0
2822,0
2823,1
2824,0
2825,0
2826,2
2827,0
2828,2
2829,1
2830,2
2831,0
2832,1
2833,2
2834,0
2835,0
2836,0
2837,1
2838,2
2839,1
2840,0
2841,0
2842,0
2843,1
2844,2
2845,2
2846,1
2847,1
2848,1
2849,1
2850,2
2851,0
2852,1
2853,0
2854,2
2855,0
2856,2
2857,1
2858,1
2859,2
2860,2
2861,0
2862,0
2863,1
2864,0
2865,1
2866,0
2867,2
2868,2
2869,2
2870,2
2871,1
2872,2
2873,0
2874,2
2875,0
2876,0
2877,2
2878,0
2879,2
2880,2
2881,1
2882,0
2883,0
2884,0
2885,0
2886,0
2887,2
2888,0
2889,2
2890,0
2891,0
2892,0
2893,0
2894,0
2895,1
2896,2
2897,0
2898,0
2899,0
2900,2
2901,2
2902,1
2903,2
2904,2
2905,0
2906,0
2907,0
2908,0
2909,1
2910,0
2911,2
2912,0
2913,1
2914,1
2915,0
2916,2
2917,2
2918,0
2919,0
2920,0
2921,2
2922,0
2923,1
2924,2
2925,2
2926,2
2927,0
2928,0
2929,2
2930,2
2931,1
2932,1
2933,1
2934,0
2935,2
2936,2
2937,0
2938,2
2939,0
2940,2
2941,0
2942,2
2943,0
2944,0
2945,0
2946,1
2947,0
2948,1
2949,1
2950,0
2951,2
2952,0
2953,0
2954,1
2955,1
2956,1
2957,1
2958,2
2959,0
2960,1
2961,1
2962,2
2963,1
2964,0
2965,0
2966,1
2967,1
2968,0
2969,1
2970,1
2971,2
2972,0
2973,0
2974,0
2975,2
2976,1
2977,1
2978,1
2979,2
2980,0
2981,0
2982,2
2983,2
2984,1
2985,2
2986,0
2987,1
2988,0
2989,2
2990,1
2991,0
2992,0
2993,0
2994,2
2995,1
2996,0
2997,1
2998,2
2999,0
3000,0
3001,0
3002,2
3003,1
3004,0
3005,1
3006,0
3007,0
3008,2
3009,0
3010,0
3011,1
3012,0
3013,2
3014,2
3015,1
3016,0
3017,1
3018,2
3019,2
3020,2
3021,0
3022,0
3023,2
3024,1
3025,2
3026,2
3027,0
3028,0
3029,1
3030,0
3031,0
3032,0
3033,0
3034,1
3035,0
3036,1
3037,2
3038,2
3039,0
3040,0
3041,0
3042,0
3043,2
3044,2
3045,0
3046,0
3047,1
3048,0
3049,1
3050,1
3051,0
3052,0
3053,0
3054,2
3055,2
3056,2
3057,2
3058,0
3059,1
3060,2
3061,0
3062,1
3063,0
3064,0
3065,1
3066,2
3067,0
3068,2
3069,1
3070,1
3071,0
3072,1
3073,1
3074,0
3075,0
3076,1
3077,2
3078,0
3079,0
3080,2
3081,2
3082,0
3083,0
3084,2
3085,2
3086,1
3087,0
3088,0
3089,2
3090,0
3091,2
3092,1
3093,2
3094,1
3095,2
3096,0
3097,2
3098,0
3099,2
3100,1
3101,2
3102,0
3103,0
3104,2
3105,2
3106,2
3107,2
3108,1
3109,0
3110,0
3111,2
3112,1
3113,0
3114,1
3115,1
3116,1
3117,0
3118,0
3119,0
3120,0
3121,1
3122,2
3123,1
3124,2
3125,0
3126,0
3127,0
3128,0
3129,2
3130,0
3131,0
3132,1
3133,1
3134,1
3135,1
3136,0
3137,0
3138,2
3139,2
3140,1
3141,0
3142,1
3143,1
3144,1
3145,0
3146,0
3147,2
3148,1
3149,2
3150,0
3151,0
3152,1
3153,1
3154,0
3155,0
3156,2
3157,0
3158,1
3159,2
3160,0
3161,2
3162,2
3163,2
3164,1
3165,2
3166,0
3167,0
3168,0
3169,0
3170,1
3171,0
3172,0
3173,0
3174,2
3175,1
3176,0
3177,1
3178,0
3179,1
3180,0
3181,2
3182,1
3183,1
3184,0
3185,1
3186,1
3187,1
3188,2
3189,2
3190,0
3191,2
3192,0
3193,2
3194,0
3195,1
3196,0
3197,0
3198,2
3199,1
3200,2
3201,0
3202,0
3203,0
3204,2
3205,2
3206,2
3207,0
3208,1
3209,1
3210,0
3211,2
3212,0
3213,2
3214,1
3215,2
3216,0
3217,2
3218,0
3219,2
3220,0
3221,0
3222,1
3223,0
3224,2
3225,2
3226,2
3227,2
3228,2
3229,2
3230,1
3231,2
3232,0
3233,0
3234,2
3235,2
3236,2
3237,2
3238,0
3239,0
3240,2
3241,0
3242,2
3243,2
3244,0
3245,1
3246,1
3247,1
3248,2
3249,0
3250,1
3251,0
3252,0
3253,2
3254,2
3255,0
3256,2
3257,2
3258,1
3259,0
3260,2
3261,1
3262,2
3263,0
3264,0
3265,1
3266,0
3267,0
3268,2
3269,0
3270,1
3271,0
3272,0
3273,0
3274,1
3275,0
3276,2
3277,2
3278,2
3279,1
3280,0
3281,1
3282,0
3283,0
3284,1
3285,1
3286,2
3287,0
3288,0
3289,1
3290,2
3291,1
3292,0
3293,2
3294,2
3295,0
3296,2
3297,0
3298,2
3299,2
3300,2
3301,2
3302,0
3303,0
3304,0
3305,2
3306,0
3307,1
3308,0
3309,0
3310,2
3311,0
3312,2
3313,0
3314,0
3315,2
3316,1
3317,2
3318,2
3319,1
3320,0
3321,2
3322,0
3323,1
3324,1
3325,0
3326,2
3327,2
3328,0
3329,0
3330,2
3331,2
3332,2
3333,2
3334,1
3335,2
3336,0
3337,0
3338,1
3339,0
3340,1
3341,1
3342,0
3343,2
3344,1
3345,0
3346,2
3347,0
3348,2
3349,0
3350,2
3351,1
3352,0
3353,2
3354,1
3355,1
3356,2
3357,2
3358,1
3359,2
3360,1
3361,2
3362,0
3363,0
3364,0
3365,0
3366,1
3367,0
3368,0
3369,1
3370,2
3371,0
3372,1
3373,2
3374,0
3375,0
3376,0
3377,0
3378,2
3379,2
3380,0
3381,1
3382,2
3383,0
3384,1
3385,0
3386,0
3387,2
3388,0
3389,1
3390,2
3391,0
3392,0
3393,0
3394,2
3395,0
3396,2
3397,2
3398,1
3399,0
3400,0
3401,2
3402,1
3403,2
3404,0
3405,2
3406,0
3407,2
3408,2
3409,0
3410,1
3411,2
3412,2
3413,1
3414,1
3415,1
3416,0
3417,1
3418,1
3419,1
3420,1
3421,2
3422,2
3423,1
3424,1
3425,1
3426,2
3427,0
3428,2
3429,2
3430,0
3431,0
3432,2
3433,0
3434,0
3435,0
3436,0
3437,2
3438,0
3439,1
3440,1
3441,1
3442,2
3443,1
3444,1
3445,2
3446,0
3447,0
3448,2
3449,2
3450,2
3451,1
3452,2
3453,2
3454,0
3455,2
3456,2
3457,0
3458,1
3459,1
3460,2
3461,1
3462,1
3463,0
3464,0
3465,1
3466,2
3467,2
3468,1
3469,0
3470,2
3471,2
3472,0
3473,0
3474,0
3475,1
3476,0
3477,0
3478,1
3479,0
3480,2
3481,0
3482,1
3483,1
3484,2
3485,0
3486,0
3487,2
3488,0
3489,0
3490,0
3491,1
3492,0
3493,2
3494,2
3495,0
3496,0
3497,0
3498,2
3499,2
3500,0
3501,1
3502,0
3503,1
3504,2
3505,1
3506,2
3507,0
3508,0
3509,2
3510,1
3511,1
3512,2
3513,0
3514,1
3515,0
3516,2
3517,1
3518,1
3519,0
3520,0
3521,2
3522,0
3523,1
3524,2
3525,0
3526,0
3527,2
3528,0
3529,0
3530,2
3531,0
3532,0
3533,0
3534,2
3535,0
3536,0
3537,0
3538,1
3539,2
3540,0
3541,1
3542,2
3543,0
3544,0
3545,0
3546,0
3547,0
3548,0
3549,1
3550,1
3551,2
3552,2
3553,1
3554,2
3555,0
3556,1
3557,0
3558,2
3559,0
3560,0
3561,1
3562,0
3563,2
3564,0
3565,0
3566,2
3567,0
3568,2
3569,0
3570,0
3571,2
3572,2
3573,1
3574,0
3575,2
3576,2
3577,0
3578,1
3579,2
3580,0
3581,1
3582,0
3583,2
3584,2
3585,1
3586,0
3587,2
3588,2
3589,2
3590,0
3591,2
3592,2
3593,2
3594,2
3595,0
3596,1
3597,2
3598,0
3599,0
3600,1
3601,0
3602,2
3603,1
3604,2
3605,0
3606,0
3607,0
3608,2
3609,0
3610,0
3611,0
3612,0
3613,0
3614,2
3615,0
3616,2
3617,1
3618,0
3619,2
3620,2
3621,0
3622,0
3623,0
3624,1
3625,2
3626,0
3627,1
3628,0
3629,0
3630,0
3631,1
3632,2
3633,0
3634,2
3635,1
3636,0
3637,1
3638,2
3639,0
3640,2
3641,2
3642,0
3643,2
3644,2
3645,2
3646,1
3647,0
3648,1
3649,0
3650,2
3651,0
3652,1
3653,1
3654,2
3655,0
3656,0
3657,1
3658,1
3659,1
3660,1
3661,0
3662,0
3663,0
3664,0
3665,0
3666,2
3667,0
3668,1
3669,0
3670,2
3671,1
3672,0
3673,1
3674,2
3675,1
3676,2
3677,0
3678,1
3679,1
3680,1
3681,0
3682,0
3683,1
3684,1
3685,0
3686,2
3687,2
3688,1
3689,1
3690,1
3691,0
3692,0
3693,0
3694,2
3695,1
3696,1
3697,0
3698,1
3699,2
3700,2
3701,2
3702,2
3703,1
3704,0
3705,1
3706,0
3707,0
3708,2
3709,0
3710,0
3711,1
3712,0
3713,0
3714,1
3715,2
3716,0
3717,1
3718,2
3719,1
3720,2
3721,2
3722,0
3723,0
3724,0
3725,0
3726,2
3727,2
3728,2
3729,1
3730,2
3731,0
3732,0
3733,0
3734,1
3735,2
3736,1
3737,2
3738,0
3739,1
3740,2
3741,1
3742,2
3743,2
3744,0
3745,2
3746,0
3747,0
3748,2
3749,1
3750,2
3751,0
3752,1
3753,2
3754,0
3755,2
3756,0
3757,0
3758,2
3759,0
3760,2
3761,0
3762,2
3763,0
3764,2
3765,1
3766,2
3767,0
3768,1
3769,1
3770,1
3771,1
3772,2
3773,1
3774,1
3775,0
3776,0
3777,0
3778,2
3779,0
3780,2
3781,0
3782,2
3783,2
3784,0
3785,0
3786,2
3787,0
3788,0
3789,1
3790,1
3791,1
3792,0
3793,0
3794,2
3795,2
3796,1
3797,1
3798,0
3799,0
3800,0
3801,1
3802,0
3803,0
3804,1
3805,1
3806,0
3807,1
3808,2
3809,1
3810,2
3811,2
3812,0
3813,1
3814,2
3815,0
3816,0
3817,0
3818,1
3819,1
3820,1
3821,0
3822,1
3823,1
3824,0
3825,0
3826,2
3827,1
3828,0
3829,1
3830,0
3831,0
3832,0
3833,0
3834,0
3835,0
3836,2
3837,1
3838,2
3839,2
3840,1
3841,0
3842,0
3843,0
3844,1
3845,0
3846,0
3847,2
3848,0
3849,0
3850,0
3851,1
3852,0
3853,2
3854,2
3855,0
3856,0
3857,1
3858,0
3859,2
3860,0
3861,0
3862,0
3863,0
3864,0
3865,0
3866,0
3867,2
3868,2
3869,2
3870,1
3871,0
3872,0
3873,2
3874,0
3875,0
3876,0
3877,0
3878,1
3879,2
3880,1
3881,2
3882,1
3883,1
3884,2
3885,0
3886,2
3887,1
3888,0
3889,1
3890,0
3891,2
3892,0
3893,1
3894,0
3895,1
3896,0
3897,1
3898,0
3899,1
3900,2
3901,0
3902,1
3903,1
3904,1
3905,0
3906,2
3907,2
3908,0
3909,2
3910,0
3911,2
3912,1
3913,0
3914,2
3915,2
3916,2
3917,2
3918,1
3919,1
3920,0
3921,1
3922,2
3923,0
3924,0
3925,2
3926,2
3927,1
3928,2
3929,0
3930,0
3931,0
3932,2
3933,0
3934,0
3935,2
3936,2
3937,2
3938,2
3939,2
3940,2
3941,0
3942,2
3943,0
3944,2
3945,2
3946,0
3947,2
3948,1
3949,2
3950,0
3951,0
3952,1
3953,1
3954,0
3955,1
3956,0
3957,2
3958,1
3959,0
3960,0
3961,1
3962,1
3963,0
3964,2
3965,1
3966,1
3967,2
3968,0
3969,0
3970,1
3971,2
3972,0
3973,0
3974,0
3975,1
3976,0
3977,0
3978,1
3979,2
3980,0
3981,2
3982,0
3983,2
3984,1
3985,2
3986,1
3987,2
3988,2
3989,2
3990,2
3991,0
3992,0
3993,2
3994,0
3995,0
3996,1
3997,0
3998,2
3999,0
4000,2
4001,0
4002,1
4003,2
4004,0
4005,0
4006,2
4007,0
4008,2
4009,0
4010,0
4011,0
4012,1
4013,0
4014,0
4015,0
4016,2
4017,1
4018,1
4019,1
4020,1
4021,0
4022,0
4023,1
4024,2
4025,0
4026,0
4027,0
4028,0
4029,2
4030,1
4031,2
4032,0
4033,0
4034,1
4035,0
4036,1
4037,0
4038,1
4039,2
4040,2
4041,0
4042,2
4043,2
4044,1
4045,1
4046,0
4047,1
4048,2
4049,1
4050,2
4051,0
4052,2
4053,2
4054,0
4055,1
4056,2
4057,1
4058,1
4059,1
4060,0
4061,1
4062,0
4063,2
4064,2
4065,2
4066,1
4067,0
4068,0
4069,2
4070,0
4071,0
4072,2
4073,0
4074,0
4075,0
4076,1
4077,1
4078,0
4079,2
4080,0
4081,2
4082,2
4083,2
4084,2
4085,2
4086,2
4087,1
4088,2
4089,2
4090,1
4091,0
4092,0
4093,1
4094,2
4095,0
4096,1
4097,1
4098,0
4099,2
4100,2
4101,2
4102,0
4103,2
4104,1
4105,2
4106,1
4107,2
4108,1
4109,2
4110,0
4111,1
4112,2
4113,2
4114,2
4115,2
4116,2
4117,1
4118,1
4119,1
4120,2
4121,0
4122,0
4123,0
4124,2
4125,2
4126,0
4127,2
4128,1
4129,2
4130,0
4131,0
4132,0
4133,2
4134,1
4135,1
4136,1
4137,2
4138,0
4139,1
4140,1
4141,0
4142,2
4143,2
4144,1
4145,0
4146,1
4147,0
4148,0
4149,0
4150,0
4151,0
4152,1
4153,0
4154,1
4155,2
4156,1
4157,2
4158,0
4159,1
4160,0
4161,0
4162,2
4163,0
4164,2
4165,2
4166,0
4167,0
4168,1
4169,2
4170,1
4171,1
4172,1
4173,0
4174,1
4175,0
4176,2
4177,0
4178,0
4179,1
4180,1
4181,0
4182,1
4183,0
4184,1
4185,1
4186,1
4187,2
4188,2
4189,2
4190,0
4191,1
4192,2
4193,1
4194,0
4195,0
4196,0
4197,0
4198,1
4199,0
4200,0
4201,0
4202,1
4203,0
4204,2
4205,2
4206,0
4207,2
4208,2
4209,0
4210,1
4211,1
4212,1
4213,1
4214,1
4215,2
4216,2
4217,2
4218,1
4219,1
4220,1
4221,1
4222,1
4223,2
4224,0
4225,0
4226,0
4227,2
4228,0
4229,2
4230,0
4231,0
4232,0
4233,2
4234,0
4235,1
4236,2
4237,0
4238,2
4239,0
4240,1
4241,1
4242,0
4243,2
4244,0
4245,2
4246,0
4247,0
4248,0
4249,0
4250,0
4251,1
4252,0
4253,0
4254,1
4255,2
4256,2
4257,0
4258,2
4259,0
4260,1
4261,0
4262,1
4263,0
4264,2
4265,0
4266,1
4267,0
4268,2
4269,1
4270,0
4271,0
4272,1
4273,2
4274,0
4275,1
4276,1
4277,0
4278,1
4279,0
4280,2
4281,2
4282,0
4283,0
4284,0
4285,0
4286,0
4287,0
4288,1
4289,2
4290,1
4291,2
4292,1
4293,2
4294,1
4295,2
4296,1
4297,1
4298,2
4299,2
4300,2
4301,0
4302,0
4303,2
4304,1
4305,0
4306,1
4307,0
4308,0
4309,2
4310,2
4311,0
4312,0
4313,2
4314,2
4315,1
4316,2
4317,2
4318,2
4319,2
4320,0
4321,1
4322,2
4323,0
4324,0
4325,2
4326,1
4327,2
4328,1
4329,0
4330,0
4331,0
4332,2
4333,0
4334,2
4335,2
4336,0
4337,2
4338,2
4339,1
4340,0
4341,2
4342,0
4343,0
4344,0
4345,0
4346,0
4347,1
4348,1
4349,1
4350,0
4351,0
4352,1
4353,2
4354,1
4355,2
4356,1
4357,1
4358,0
4359,2
4360,1
4361,1
4362,1
4363,1
4364,2
4365,1
4366,0
4367,0
4368,0
4369,2
4370,2
4371,1
4372,2
4373,0
4374,1
4375,0
4376,0
4377,1
4378,1
4379,1
4380,1
4381,1
4382,0
4383,0
4384,1
4385,1
4386,0
4387,2
4388,1
4389,0
4390,2
4391,1
4392,2
4393,2
4394,2
4395,2
4396,2
4397,0
4398,2
4399,2
4400,2
4401,2
4402,1
4403,0
4404,2
4405,0
4406,1
4407,1
4408,2
4409,2
4410,1
4411,1
4412,2
4413,2
4414,1
4415,0
4416,0
4417,0
4418,0
4419,0
4420,0
4421,1
4422,1
4423,0
4424,2
4425,0
4426,0
4427,2
4428,0
4429,2
4430,1
4431,1
4432,1
4433,2
4434,0
4435,1
4436,1
4437,1
4438,0
4439,2
4440,2
4441,2
4442,0
4443,0
4444,0
4445,1
4446,0
4447,0
4448,2
4449,2
4450,1
4451,0
4452,2
4453,0
4454,0
4455,2
4456,1
4457,1
4458,0
4459,0
4460,1
4461,2
4462,0
4463,0
4464,0
4465,2
4466,0
4467,1
4468,0
4469,1
4470,0
4471,0
4472,1
4473,0
4474,2
4475,1
4476,1
4477,0
4478,1
4479,0
4480,0
4481,2
4482,2
4483,0
4484,0
4485,0
4486,0
4487,1
4488,2
4489,0
4490,2
4491,0
4492,2
4493,2
4494,2
4495,2
4496,1
4497,0
4498,2
4499,0
4500,0
4501,0
4502,1
4503,2
4504,0
4505,0
4506,1
4507,2
4508,0
4509,0
4510,1
4511,0
4512,2
4513,0
4514,0
4515,2
4516,1
4517,0
4518,1
4519,2
4520,1
4521,1
4522,0
4523,1
4524,0
4525,2
4526,0
4527,2
4528,2
4529,2
4530,0
4531,2
4532,0
4533,2
4534,1
4535,2
4536,2
4537,2
4538,0
4539,2
4540,0
4541,2
4542,0
4543,1
4544,0
4545,0
4546,0
4547,0
4548,2
4549,2
4550,0
4551,0
4552,0
4553,2
4554,0
4555,0
4556,0
4557,1
4558,0
4559,0
4560,2
4561,2
4562,0
4563,0
4564,1
4565,1
4566,0
4567,0
4568,0
4569,0
4570,1
4571,0
4572,0
4573,2
4574,0
4575,2
4576,2
4577,0
4578,2
4579,0
4580,1
4581,1
4582,2
4583,2
4584,1
4585,1
4586,1
4587,0
4588,2
4589,0
4590,2
4591,2
4592,0
4593,0
4594,0
4595,0
4596,0
4597,1
4598,1
4599,1
4600,2
4601,0
4602,2
4603,1
4604,2
4605,1
4606,0
4607,1
4608,1
4609,2
4610,2
4611,0
4612,1
4613,1
4614,1
4615,1
4616,0
4617,2
4618,1
4619,2
4620,0
4621,1
4622,1
4623,0
4624,1
4625,0
4626,0
4627,1
4628,2
4629,0
4630,0
4631,1
4632,0
4633,2
4634,2
4635,2
4636,2
4637,1
4638,1
4639,1
4640,2
4641,2
4642,0
4643,0
4644,1
4645,2
4646,2
4647,1
4648,0
4649,1
4650,2
4651,1
4652,2
4653,0
4654,0
4655,0
4656,2
4657,1
4658,0
4659,1
4660,2
4661,2
4662,0
4663,0
4664,0
4665,1
4666,1
4667,0
4668,0
4669,2
4670,2
4671,2
4672,2
4673,2
4674,0
4675,0
4676,0
4677,0
4678,0
4679,1
4680,0
4681,0
4682,2
4683,0
4684,0
4685,2
4686,2
4687,0
4688,0
4689,1
4690,0
4691,0
4692,0
4693,2
4694,1
4695,1
4696,0
4697,1
4698,1
4699,1
4700,2
4701,1
4702,1
4703,2
4704,2
4705,2
4706,0
4707,0
4708,2
4709,0
4710,2
4711,0
4712,0
4713,0
4714,0
4715,0
4716,0
4717,1
4718,1
4719,0
4720,2
4721,2
4722,0
4723,0
4724,1
4725,1
4726,0
4727,0
4728,1
4729,2
4730,0
4731,2
4732,2
4733,0
4734,0
4735,1
4736,0
4737,1
4738,0
4739,1
4740,0
4741,2
4742,1
4743,2
4744,2
4745,0
4746,1
4747,2
4748,2
4749,0
4750,0
4751,2
4752,0
4753,1
4754,2
4755,0
4756,1
4757,0
4758,0
4759,1
4760,1
4761,0
4762,0
4763,2
4764,1
4765,2
4766,0
4767,2
4768,1
4769,2
4770,2
4771,0
4772,1
4773,1
4774,1
4775,0
4776,0
4777,0
4778,0
4779,0
4780,0
4781,2
4782,0
4783,0
4784,0
4785,1
4786,2
4787,1
4788,1
4789,0
4790,1
4791,0
4792,0
4793,2
4794,1
4795,0
4796,1
4797,1
4798,1
4799,2
4800,0
4801,1
4802,0
4803,2
4804,2
4805,1
4806,0
4807,0
4808,2
4809,0
4810,2
4811,1
4812,0
4813,1
4814,1
4815,0
4816,2
4817,2
4818,2
4819,2
4820,0
4821,2
4822,2
4823,0
4824,2
4825,0
4826,0
4827,0
4828,2
4829,0
4830,1
4831,0
4832,0
4833,1
4834,0
4835,1
4836,1
4837,1
4838,2
4839,2
4840,1
4841,0
4842,0
4843,2
4844,1
4845,0
4846,1
4847,2
4848,1
4849,1
4850,0
4851,0
4852,2
4853,1
4854,0
4855,0
4856,0
4857,0
4858,1
4859,2
4860,1
4861,1
4862,0
4863,2
4864,0
4865,1
4866,2
4867,2
4868,1
4869,2
4870,2
4871,0
4872,1
4873,2
4874,1
4875,0
4876,2
4877,0
4878,2
4879,0
4880,0
4881,2
4882,0
4883,2
4884,1
4885,1
4886,0
4887,0
4888,2
4889,1
4890,0
4891,2
4892,0
4893,2
4894,2
4895,1
4896,0
4897,1
4898,0
4899,2
4900,0
4901,1
4902,0
4903,2
4904,0
4905,0
4906,0
4907,2
4908,0
4909,0
4910,1
4911,1
4912,0
4913,1
4914,0
4915,0
4916,0
4917,0
4918,2
4919,1
4920,1
4921,0
4922,1
4923,1
4924,2
4925,1
4926,0
4927,2
4928,1
4929,0
4930,2
4931,0
4932,2
4933,0
4934,2
4935,2
4936,0
4937,2
4938,0
4939,0
4940,2
4941,2
4942,2
4943,2
4944,0
4945,0
4946,0
4947,1
4948,1
4949,0
4950,0
4951,0
4952,0
4953,2
4954,1
4955,1
4956,1
4957,0
4958,2
4959,2
4960,1
4961,2
4962,0
4963,2
4964,1
4965,2
4966,0
4967,0
4968,0
4969,0
4970,2
4971,2
4972,2
4973,1
4974,2
4975,1
4976,2
4977,0
4978,1
4979,1
4980,0
4981,0
4982,1
4983,1
4984,1
4985,0
4986,2
4987,0
4988,1
4989,0
4990,0
4991,0
4992,2
4993,2
4994,1
4995,2
4996,1
4997,1
4998,0
4999,1
5000,2
5001,2
5002,1
5003,0
5004,0
5005,0
5006,0
5007,1
5008,2
5009,2
5010,1
5011,1
5012,0
5013,0
5014,0
5015,0
5016,0
5017,1
5018,0
5019,0
5020,0
5021,2
5022,1
5023,1
5024,2
5025,2
5026,1
5027,0
5028,1
5029,0
5030,0
5031,0
5032,2
5033,0
5034,0
5035,1
5036,1
5037,1
5038,1
5039,2
5040,1
5041,2
5042,1
5043,1
5044,0
5045,0
5046,1
5047,2
5048,0
5049,0
5050,1
5051,1
5052,2
5053,0
5054,0
5055,2
5056,1
5057,0
5058,0
5059,1
5060,1
5061,2
5062,2
5063,1
5064,2
5065,0
5066,2
5067,0
5068,0
5069,0
5070,0
5071,1
5072,2
5073,1
5074,0
5075,0
5076,0
5077,2
5078,0
5079,1
5080,2
5081,0
5082,0
5083,0
5084,0
5085,0
5086,0
5087,0
5088,1
5089,1
5090,0
5091,2
5092,2
5093,0
5094,1
5095,1
5096,2
5097,1
5098,0
5099,2
5100,2
5101,0
5102,1
5103,1
5104,2
5105,0
5106,1
5107,1
5108,2
5109,0
5110,1
5111,0
5112,0
5113,2
5114,0
5115,0
5116,0
5117,0
5118,1
5119,1
5120,0
5121,2
5122,2
5123,0
5124,2
5125,1
5126,0
5127,0
5128,2
5129,0
5130,0
5131,1
5132,1
5133,2
5134,2
5135,1
5136,1
5137,0
5138,1
5139,0
5140,0
5141,2
5142,2
5143,2
5144,0
5145,0
5146,2
5147,2
5148,0
5149,2
5150,0
5151,2
5152,0
5153,0
5154,2
5155,1
5156,2
5157,2
5158,1
5159,2
5160,2
5161,1
5162,0
5163,0
5164,2
5165,2
5166,0
5167,0
5168,0
5169,2
5170,0
5171,1
5172,1
5173,2
5174,0
5175,0
5176,0
5177,1
5178,1
5179,0
5180,2
5181,0
5182,1
5183,1
5184,2
5185,0
5186,1
5187,0
5188,0
5189,1
5190,0
5191,1
5192,2
5193,1
5194,1
5195,0
5196,1
5197,2
5198,1
5199,0
5200,0
5201,1
5202,0
5203,0
5204,1
5205,0
5206,0
5207,2
5208,2
5209,0
5210,2
5211,1
5212,2
5213,0
5214,0
5215,2
5216,0
5217,0
5218,2
5219,1
5220,2
5221,0
5222,2
5223,2
5224,1
5225,0
5226,2
5227,1
5228,0
5229,2
5230,2
5231,2
5232,1
5233,0
5234,2
5235,1
5236,0
5237,0
5238,0
5239,0
5240,1
5241,1
5242,0
5243,0
5244,0
5245,1
5246,0
5247,0
5248,1
5249,2
5250,0
5251,2
5252,2
5253,2
5254,2
5255,0
5256,2
5257,1
5258,1
5259,1
5260,0
5261,1
5262,1
5263,0
5264,0
5265,2
5266,1
5267,2
5268,1
5269,1
5270,0
5271,0
5272,2
5273,1
5274,2
5275,0
5276,2
5277,1
5278,0
5279,0
5280,2
5281,0
5282,2
5283,1
5284,1
5285,1
5286,1
5287,0
5288,0
5289,1
5290,2
5291,1
5292,0
5293,1
5294,1
5295,2
5296,0
5297,2
5298,0
5299,0
5300,0
5301,0
5302,0
5303,1
5304,2
5305,1
5306,0
5307,2
5308,0
5309,0
5310,1
5311,1
5312,1
5313,0
5314,2
5315,0
5316,2
5317,0
5318,2
5319,1
5320,1
5321,0
5322,2
5323,1
5324,0
5325,0
5326,1
5327,1
5328,1
5329,2
5330,1
5331,1
5332,2
5333,2
5334,1
5335,2
5336,1
5337,2
5338,1
5339,1
5340,2
5341,1
5342,1
5343,0
5344,0
5345,1
5346,2
5347,1
5348,2
5349,1
5350,0
5351,0
5352,2
5353,2
5354,0
5355,0
5356,2
5357,0
5358,2
5359,2
5360,0
5361,1
5362,1
5363,0
5364,2
5365,1
5366,0
5367,1
5368,0
5369,0
5370,0
5371,0
5372,0
5373,0
5374,0
5375,2
5376,0
5377,0
5378,0
5379,2
5380,2
5381,0
5382,2
5383,0
5384,1
5385,1
5386,2
5387,1
5388,0
5389,1
5390,1
5391,0
5392,0
5393,0
5394,0
5395,0
5396,0
5397,1
5398,0
5399,2
5400,0
5401,2
5402,0
5403,0
5404,0
5405,0
5406,2
5407,1
5408,2
5409,1
5410,0
5411,0
5412,1
5413,0
5414,1
5415,0
5416,0
5417,0
5418,2
5419,2
5420,1
5421,2
5422,0
5423,0
5424,0
5425,0
5426,0
5427,0
5428,2
5429,2
5430,1
5431,1
5432,0
5433,1
5434,1
5435,0
5436,2
5437,2
5438,1
5439,0
5440,1
5441,0
5442,2
5443,2
5444,0
5445,0
5446,2
5447,0
5448,2
5449,1
5450,1
5451,0
5452,2
5453,0
5454,0
5455,2
5456,0
5457,1
5458,1
5459,0
5460,2
5461,2
5462,1
5463,2
5464,2
5465,0
5466,0
5467,1
5468,2
5469,1
5470,2
5471,2
5472,1
5473,2
5474,1
5475,1
5476,0
5477,2
5478,2
5479,1
5480,1
5481,0
5482,2
5483,0
5484,1
5485,0
5486,0
5487,0
5488,2
5489,2
5490,2
5491,1
5492,2
5493,1
5494,0
5495,2
5496,2
5497,0
5498,1
5499,2
5500,0
5501,1
5502,1
5503,2
5504,1
5505,0
5506,0
5507,0
5508,2
5509,1
5510,0
5511,0
5512,1
5513,2
5514,2
5515,0
5516,2
5517,0
5518,1
5519,2
5520,1
5521,0
5522,2
5523,2
5524,1
5525,0
5526,2
5527,1
5528,2
5529,0
5530,0
5531,2
5532,0
5533,2
5534,0
5535,2
5536,2
5537,0
5538,2
5539,0
5540,1
5541,2
5542,1
5543,2
5544,2
5545,0
5546,1
5547,2
5548,1
5549,2
5550,2
5551,0
5552,0
5553,1
5554,0
5555,2
5556,0
5557,0
5558,0
5559,2
5560,2
5561,2
5562,1
5563,2
5564,0
5565,0
5566,0
5567,0
5568,2
5569,0
5570,0
5571,0
5572,1
5573,2
5574,2
5575,1
5576,0
5577,2
5578,1
5579,2
5580,0
5581,0
5582,0
5583,2
5584,1
5585,0
5586,0
5587,2
5588,2
5589,2
5590,2
5591,1
5592,1
5593,2
5594,1
5595,2
5596,0
5597,0
5598,1
5599,1
5600,2
5601,2
5602,0
5603,1
5604,1
5605,1
5606,0
5607,0
5608,2
5609,1
5610,2
5611,1
5612,2
5613,0
5614,0
5615,0
5616,0
5617,0
5618,0
5619,1
5620,2
5621,0
5622,0
5623,1
5624,1
5625,0
5626,2
5627,2
5628,2
5629,1
5630,1
5631,0
5632,0
5633,0
5634,2
5635,1
5636,2
5637,2
5638,1
5639,0
5640,0
5641,2
5642,1
5643,2
5644,2
5645,2
5646,0
5647,2
5648,1
5649,2
5650,1
5651,0
5652,2
5653,2
5654,2
5655,2
5656,0
5657,0
5658,1
5659,1
5660,0
5661,0
5662,2
5663,0
5664,1
5665,0
5666,0
5667,2
5668,1
5669,2
5670,0
5671,1
5672,0
5673,1
5674,0
5675,2
5676,1
5677,0
5678,0
5679,0
5680,0
5681,0
5682,2
5683,2
5684,2
5685,0
5686,2
5687,0
5688,1
5689,1
5690,0
5691,1
5692,0
5693,2
5694,0
5695,1
5696,1
5697,2
5698,0
5699,0
5700,0
5701,0
5702,1
5703,1
5704,1
5705,0
5706,2
5707,0
5708,2
5709,1
5710,1
5711,2
5712,2
5713,0
5714,0
5715,1
5716,2
5717,1
5718,2
5719,0
5720,0
5721,1
5722,2
5723,0
5724,1
5725,0
5726,2
5727,1
5728,0
5729,2
5730,2
5731,0
5732,1
5733,2
5734,1
5735,2
5736,1
5737,1
5738,0
5739,1
5740,0
5741,2
5742,0
5743,0
5744,0
5745,1
5746,2
5747,2
5748,2
5749,1
5750,0
5751,0
5752,0
5753,0
5754,0
5755,0
5756,2
5757,2
5758,2
5759,1
5760,0
5761,0
5762,0
5763,0
5764,2
5765,1
5766,0
5767,0
5768,0
5769,1
5770,1
5771,2
5772,2
5773,0
5774,2
5775,1
5776,0
5777,2
5778,0
5779,2
5780,0
5781,0
5782,0
5783,2
5784,1
5785,2
5786,0
5787,2
5788,0
5789,0
5790,1
5791,1
5792,2
5793,2
5794,0
5795,1
5796,2
5797,0
5798,0
5799,1
5800,0
5801,0
5802,2
5803,1
5804,0
5805,2
5806,1
5807,1
5808,2
5809,2
5810,1
5811,1
5812,2
5813,2
5814,1
5815,0
5816,1
5817,0
5818,0
5819,0
5820,1
5821,2
5822,2
5823,2
5824,0
5825,0
5826,2
5827,2
5828,2
5829,0
5830,2
5831,0
5832,2
5833,0
5834,1
5835,2
5836,0
5837,2
5838,0
5839,0
5840,2
5841,0
5842,0
5843,0
5844,2
5845,0
5846,0
5847,0
5848,2
5849,0
5850,2
5851,0
5852,0
5853,0
5854,0
5855,2
5856,2
5857,0
5858,2
5859,1
5860,1
5861,2
5862,0
5863,0
5864,2
5865,2
5866,0
5867,1
5868,1
5869,0
5870,0
5871,1
5872,0
5873,0
5874,2
5875,1
5876,2
5877,1
5878,0
5879,0
5880,0
5881,0
5882,1
5883,0
5884,0
5885,1
5886,0
5887,0
5888,0
5889,2
5890,2
5891,2
5892,2
5893,0
5894,0
5895,0
5896,2
5897,2
5898,2
5899,0
5900,1
5901,1
5902,0
5903,2
5904,1
5905,0
5906,1
5907,0
5908,2
5909,0
5910,0
5911,0
5912,2
5913,2
5914,0
5915,0
5916,2
5917,0
5918,0
5919,2
5920,2
5921,1
5922,2
5923,0
5924,0
5925,0
5926,0
5927,1
5928,2
5929,2
5930,1
5931,0
5932,0
5933,2
5934,1
5935,2
5936,2
5937,0
5938,2
5939,0
5940,0
5941,1
5942,0
5943,1
5944,0
5945,0
5946,0
5947,1
5948,0
5949,0
5950,2
5951,0
5952,0
5953,0
5954,1
5955,1
5956,0
5957,2
5958,0
5959,1
5960,0
5961,1
5962,1
5963,0
5964,0
5965,1
5966,2
5967,2
5968,1
5969,1
5970,0
5971,0
5972,2
5973,2
5974,2
5975,0
5976,2
5977,1
5978,0
5979,1
5980,1
5981,2
5982,2
5983,0
5984,0
5985,1
5986,0
5987,0
5988,0
5989,0
5990,2
5991,2
5992,0
5993,1
5994,1
5995,0
5996,2
5997,0
5998,1
5999,0
6000,2
6001,1
6002,0
6003,1
6004,0
6005,1
6006,2
6007,2
6008,0
6009,1
6010,1
6011,1
6012,2
6013,1
6014,1
6015,2
6016,0
6017,2
6018,0
6019,0
6020,1
6021,1
6022,2
6023,1
6024,0
6025,0
6026,2
6027,0
6028,0
6029,1
6030,0
6031,0
6032,0
6033,1
6034,0
6035,0
6036,2
6037,0
6038,0
6039,0
6040,0
6041,0
6042,0
6043,2
6044,1
6045,0
6046,0
6047,2
6048,0
6049,1
6050,1
6051,0
6052,0
6053,2
6054,2
6055,1
6056,2
6057,0
6058,0
6059,1
6060,0
6061,2
6062,0
6063,1
6064,2
6065,1
6066,2
6067,0
6068,0
6069,1
6070,1
6071,1
6072,0
6073,1
6074,2
6075,0
6076,0
6077,2
6078,0
6079,1
6080,2
6081,1
6082,1
6083,1
6084,2
6085,0
6086,1
6087,0
6088,1
6089,0
6090,2
6091,0
6092,2
6093,0
6094,0
6095,0
6096,2
6097,2
6098,2
6099,1
6100,0
6101,1
6102,0
6103,0
6104,0
6105,2
6106,2
6107,0
6108,1
6109,2
6110,0
6111,0
6112,1
6113,0
6114,0
6115,0
6116,2
6117,0
6118,1
6119,2
6120,0
6121,2
6122,2
6123,0
6124,0
6125,0
6126,1
6127,1
6128,0
6129,0
6130,2
6131,0
6132,0
6133,0
6134,0
6135,0
6136,0
6137,2
6138,1
6139,2
6140,0
6141,0
6142,0
6143,0
6144,1
6145,2
6146,0
6147,0
6148,0
6149,2
6150,0
6151,1
6152,2
6153,0
6154,0
6155,2
6156,0
6157,2
6158,0
6159,0
6160,0
6161,2
6162,1
6163,2
6164,0
6165,2
6166,1
6167,2
6168,0
6169,0
6170,0
6171,1
6172,2
6173,2
6174,2
6175,1
6176,0
6177,2
6178,0
6179,1
6180,0
6181,0
6182,2
6183,1
6184,2
6185,0
6186,2
6187,0
6188,0
6189,1
6190,1
6191,2
6192,2
6193,2
6194,2
6195,0
6196,1
6197,0
6198,2
6199,2
6200,0
6201,2
6202,1
6203,0
6204,2
6205,0
6206,1
6207,2
6208,0
6209,0
6210,1
6211,2
6212,2
6213,1
6214,2
6215,0
6216,0
6217,0
6218,1
6219,1
6220,1
6221,1
6222,1
6223,0
6224,1
6225,0
6226,1
6227,0
6228,2
6229,2
6230,0
6231,2
6232,2
6233,2
6234,2
6235,0
6236,0
6237,0
6238,2
6239,1
6240,2
6241,2
6242,2
6243,1
6244,0
6245,1
6246,2
6247,0
6248,1
6249,2
6250,2
6251,2
6252,2
6253,2
6254,1
6255,0
6256,2
6257,2
6258,2
6259,0
6260,2
6261,0
6262,0
6263,1
6264,0
6265,1
6266,0
6267,2
6268,1
6269,1
6270,2
6271,2
6272,1
6273,1
6274,0
6275,0
6276,2
6277,0
6278,0
6279,2
6280,2
6281,2
6282,0
6283,2
6284,0
6285,2
6286,1
6287,0
6288,0
6289,1
6290,2
6291,0
6292,0
6293,2
6294,2
6295,1
6296,2
6297,0
6298,2
6299,0
6300,0
6301,0
6302,2
6303,0
6304,1
6305,1
6306,2
6307,2
6308,0
6309,2
6310,1
6311,1
6312,1
6313,1
6314,2
6315,1
6316,2
6317,2
6318,2
6319,1
6320,0
6321,0
6322,1
6323,0
6324,1
6325,0
6326,0
6327,0
6328,0
6329,0
6330,1
6331,1
6332,2
6333,0
6334,0
6335,1
6336,2
6337,0
6338,0
6339,2
6340,1
6341,2
6342,2
6343,0
6344,2
6345,0
6346,1
6347,2
6348,2
6349,0
6350,0
6351,2
6352,2
6353,1
6354,0
6355,0
6356,2
6357,2
6358,0
6359,0
6360,0
6361,0
6362,1
6363,0
6364,1
6365,0
6366,1
6367,2
6368,1
6369,0
6370,0
6371,0
6372,1
6373,1
6374,1
6375,1
6376,1
6377,0
6378,0
6379,0
6380,2
6381,1
6382,0
6383,1
6384,2
6385,0
6386,2
6387,0
6388,2
6389,1
6390,1
6391,0
6392,1
6393,0
6394,0
6395,0
6396,2
6397,1
6398,2
6399,2
6400,0
6401,2
6402,1
6403,0
6404,2
6405,2
6406,2
6407,2
6408,2
6409,1
6410,2
6411,1
6412,0
6413,2
6414,0
6415,0
6416,1
6417,0
6418,2
6419,2
6420,0
6421,0
6422,0
6423,0
6424,1
6425,0
6426,2
6427,2
6428,0
6429,1
6430,2
6431,2
6432,1
6433,1
6434,1
6435,1
6436,0
6437,2
6438,1
6439,0
6440,0
6441,2
6442,1
6443,2
6444,2
6445,1
6446,1
6447,0
6448,0
6449,2
6450,1
6451,2
6452,2
6453,2
6454,1
6455,0
6456,1
6457,1
6458,0
6459,1
6460,1
6461,0
6462,0
6463,2
6464,2
6465,0
6466,0
6467,1
6468,0
6469,2
6470,1
6471,2
6472,0
6473,2
6474,2
6475,0
6476,2
6477,2
6478,2
6479,1
6480,2
6481,0
6482,2
6483,1
6484,2
6485,0
6486,0
6487,1
6488,0
6489,2
6490,1
6491,0
6492,0
6493,1
6494,0
6495,2
6496,2
6497,1
6498,2
6499,0
6500,0
6501,1
6502,1
6503,1
6504,1
6505,0
6506,2
6507,0
6508,2
6509,0
6510,0
6511,0
6512,0
6513,0
6514,2
6515,1
6516,0
6517,0
6518,2
6519,2
6520,0
6521,0
6522,2
6523,2
6524,1
6525,2
6526,1
6527,1
6528,2
6529,0
6530,0
6531,1
6532,1
6533,2
6534,1
6535,2
6536,0
6537,1
6538,2
6539,0
6540,0
6541,1
6542,2
6543,0
6544,1
6545,2
6546,0
6547,2
6548,2
6549,2
6550,0
6551,2
6552,1
6553,1
6554,0
6555,2
6556,1
6557,2
6558,2
6559,2
6560,2
6561,0
6562,0
6563,2
6564,1
6565,1
6566,0
6567,0
6568,0
6569,0
6570,2
6571,0
6572,2
6573,2
6574,0
6575,2
6576,1
6577,1
6578,1
6579,2
6580,0
6581,2
6582,2
6583,0
6584,0
6585,1
6586,0
6587,0
6588,1
6589,0
6590,2
6591,0
6592,1
6593,1
6594,2
6595,0
6596,2
6597,2
6598,1
6599,1
6600,1
6601,1
6602,0
6603,0
6604,0
6605,2
6606,0
6607,0
6608,1
6609,0
6610,2
6611,2
6612,2
6613,2
6614,2
6615,0
6616,2
6617,0
6618,1
6619,0
6620,0
6621,1
6622,2
6623,2
6624,0
6625,2
6626,0
6627,0
6628,0
6629,1
6630,1
6631,0
6632,2
6633,0
6634,0
6635,2
6636,0
6637,1
6638,2
6639,2
6640,0
6641,1
6642,0
6643,0
6644,1
6645,0
6646,0
6647,0
6648,2
6649,0
6650,2
6651,2
6652,0
6653,2
6654,2
6655,1
6656,1
6657,1
6658,0
6659,1
6660,0
6661,0
6662,1
6663,2
6664,0
6665,1
6666,1
6667,1
6668,0
6669,2
6670,2
6671,0
6672,0
6673,0
6674,0
6675,1
6676,2
6677,2
6678,0
6679,0
6680,1
6681,1
6682,0
6683,1
6684,1
6685,2
6686,1
6687,0
6688,2
6689,0
6690,2
6691,2
6692,0
6693,2
6694,1
6695,2
6696,2
6697,0
6698,0
6699,0
6700,1
6701,1
6702,1
6703,0
6704,2
6705,0
6706,2
6707,2
6708,2
6709,0
6710,0
6711,2
6712,1
6713,0
6714,1
6715,0
6716,2
6717,0
6718,0
6719,2
6720,1
6721,1
6722,1
6723,1
6724,0
6725,0
6726,1
6727,1
6728,1
6729,2
6730,2
6731,0
6732,0
6733,0
6734,0
6735,1
6736,2
6737,2
6738,2
6739,1
6740,0
6741,0
6742,2
6743,0
6744,1
6745,2
6746,2
6747,0
6748,2
6749,0
6750,0
6751,0
6752,2
6753,0
6754,1
6755,1
6756,2
6757,0
6758,0
6759,2
6760,2
6761,1
6762,2
6763,0
6764,2
6765,1
6766,1
6767,0
6768,2
6769,2
6770,1
6771,0
6772,1
6773,0
6774,0
6775,0
6776,0
6777,1
6778,1
6779,0
6780,0
6781,1
6782,0
6783,1
6784,2
6785,2
6786,1
6787,0
6788,0
6789,2
6790,0
6791,2
6792,1
6793,2
6794,1
6795,1
6796,0
6797,1
6798,1
6799,0
6800,0
6801,0
6802,0
6803,0
6804,2
6805,2
6806,0
6807,1
6808,0
6809,2
6810,1
6811,1
6812,2
6813,0
6814,0
6815,1
6816,0
6817,0
6818,0
6819,2
6820,0
6821,1
6822,2
6823,1
6824,0
6825,0
6826,1
6827,1
6828,0
6829,1
6830,2
6831,0
6832,1
6833,2
6834,2
6835,1
6836,2
6837,2
6838,2
6839,0
6840,0
6841,0
6842,0
6843,2
6844,1
6845,0
6846,1
6847,0
6848,0
6849,1
6850,0
6851,1
6852,2
6853,0
6854,2
6855,0
6856,1
6857,1
6858,0
6859,2
6860,2
6861,2
6862,1
6863,0
6864,0
6865,0
6866,2
6867,2
6868,0
6869,1
6870,0
6871,2
6872,1
6873,1
6874,1
6875,2
6876,0
6877,0
6878,1
6879,0
6880,0
6881,1
6882,2
6883,1
6884,2
6885,1
6886,2
6887,2
6888,1
6889,0
6890,2
6891,0
6892,0
6893,1
6894,0
6895,0
6896,0
6897,1
6898,1
6899,1
6900,0
6901,1
6902,1
6903,1
6904,1
6905,0
6906,1
6907,2
6908,0
6909,2
6910,2
6911,0
6912,1
6913,2
6914,2
6915,1
6916,1
6917,2
6918,1
6919,0
6920,2
6921,0
6922,2
6923,1
6924,1
6925,0
6926,0
6927,0
6928,1
6929,0
6930,0
6931,2
6932,0
6933,1
6934,1
6935,0
6936,0
6937,0
6938,0
6939,0
6940,2
6941,1
6942,0
6943,1
6944,2
6945,1
6946,1
6947,2
6948,0
6949,1
6950,1
6951,1
6952,0
6953,2
6954,2
6955,0
6956,1
6957,1
6958,1
6959,0
6960,0
6961,1
6962,0
6963,1
6964,1
6965,1
6966,0
6967,0
6968,0
6969,1
6970,1
6971,1
6972,1
6973,0
6974,0
6975,2
6976,0
6977,1
6978,0
6979,0
6980,0
6981,2
6982,2
6983,1
6984,1
6985,2
6986,2
6987,1
6988,0
6989,0
6990,0
6991,0
6992,1
6993,1
6994,0
6995,0
6996,1
6997,0
6998,0
6999,2
7000,0
7001,0
7002,1
7003,0
7004,0
7005,0
7006,1
7007,0
7008,1
7009,0
7010,0
7011,2
7012,2
7013,0
7014,2
7015,1
7016,2
7017,2
7018,1
7019,1
7020,1
7021,2
7022,2
7023,0
7024,2
7025,0
7026,2
7027,2
7028,0
7029,1
7030,0
7031,2
7032,2
7033,2
7034,1
7035,0
7036,0
7037,2
7038,0
7039,2
7040,0
7041,0
7042,0
7043,2
7044,1
7045,2
7046,0
7047,2
7048,0
7049,0
7050,2
7051,0
7052,0
7053,1
7054,0
7055,0
7056,2
7057,2
7058,2
7059,0
7060,1
7061,0
7062,2
7063,0
7064,2
7065,2
7066,1
7067,1
7068,2
7069,0
7070,2
7071,2
7072,1
7073,2
7074,0
7075,0
7076,0
7077,2
7078,1
7079,0
7080,1
7081,2
7082,2
7083,2
7084,2
7085,0
7086,0
7087,1
7088,2
7089,2
7090,2
7091,2
7092,0
7093,0
7094,2
7095,1
7096,2
7097,2
7098,0
7099,1
7100,1
7101,0
7102,1
7103,0
7104,2
7105,2
7106,0
7107,2
7108,1
7109,0
7110,0
7111,1
7112,1
7113,0
7114,1
7115,1
7116,2
7117,2
7118,0
7119,2
7120,1
7121,0
7122,0
7123,2
7124,0
7125,2
7126,1
7127,1
7128,0
7129,0
7130,1
7131,1
7132,0
7133,1
7134,0
7135,0
7136,2
7137,0
7138,0
7139,0
7140,2
7141,1
7142,2
7143,0
7144,1
7145,1
7146,2
7147,0
7148,1
7149,1
7150,1
7151,2
7152,0
7153,2
7154,0
7155,0
7156,0
7157,0
7158,0
7159,2
7160,1
7161,0
7162,0
7163,1
7164,1
7165,0
7166,1
7167,1
7168,0
7169,1
7170,0
7171,0
7172,1
7173,0
7174,2
7175,1
7176,2
7177,1
7178,0
7179,1
7180,2
7181,0
7182,0
7183,0
7184,0
7185,1
7186,0
7187,1
7188,0
7189,0
7190,0
7191,0
7192,0
7193,1
7194,1
7195,0
7196,0
7197,0
7198,0
7199,0
7200,0
7201,0
7202,2
7203,0
7204,1
7205,1
7206,1
7207,0
7208,0
7209,2
7210,0
7211,0
7212,0
7213,2
7214,1
7215,0
7216,1
7217,1
7218,2
7219,1
7220,0
7221,1
7222,2
7223,0
7224,2
7225,2
7226,1
7227,0
7228,0
7229,2
7230,2
7231,2
7232,2
7233,0
7234,0
7235,0
7236,2
7237,2
7238,0
7239,0
7240,0
7241,1
7242,0
7243,2
7244,2
7245,0
7246,1
7247,0
7248,1
7249,1
7250,0
7251,1
7252,0
7253,2
7254,1
7255,2
7256,2
7257,2
7258,2
7259,1
7260,1
7261,1
7262,1
7263,2
7264,0
7265,2
7266,1
7267,0
7268,1
7269,0
7270,0
7271,1
7272,0
7273,0
7274,2
7275,0
7276,1
7277,2
7278,2
7279,0
7280,2
7281,2
7282,2
7283,0
7284,0
7285,1
7286,0
7287,0
7288,1
7289,1
7290,1
7291,0
7292,1
7293,0
7294,2
7295,1
7296,0
7297,2
7298,0
7299,2
7300,1
7301,2
7302,1
7303,2
7304,1
7305,2
7306,0
7307,0
7308,0
7309,2
7310,1
7311,0
7312,2
7313,2
7314,2
7315,1
7316,0
7317,0
7318,0
7319,2
7320,2
7321,1
7322,1
7323,2
7324,2
7325,2
7326,2
7327,1
7328,0
7329,0
7330,2
7331,1
7332,0
7333,2
7334,0
7335,1
7336,2
7337,0
7338,2
7339,0
7340,0
7341,1
7342,0
7343,0
7344,2
7345,0
7346,1
7347,1
7348,1
7349,1
7350,2
7351,2
7352,0
7353,1
7354,2
7355,0
7356,2
7357,1
7358,2
7359,2
7360,2
7361,0
7362,2
7363,0
7364,0
7365,0
7366,2
7367,2
7368,0
7369,1
7370,0
7371,0
7372,0
7373,1
7374,2
7375,1
7376,2
7377,0
7378,0
7379,1
7380,1
7381,2
7382,1
7383,0
7384,1
7385,1
7386,0
7387,0
7388,1
7389,1
7390,0
7391,1
7392,0
7393,0
7394,2
7395,1
7396,0
7397,1
7398,0
7399,0
7400,2
7401,1
7402,2
7403,2
7404,1
7405,1
7406,0
7407,0
7408,1
7409,0
7410,0
7411,0
7412,0
7413,2
7414,0
7415,1
7416,0
7417,1
7418,2
7419,0
7420,0
7421,1
7422,2
7423,1
7424,2
7425,1
7426,2
7427,1
7428,1
7429,2
7430,0
7431,2
7432,0
7433,0
7434,0
7435,0
7436,2
7437,0
7438,0
7439,0
7440,0
7441,0
7442,0
7443,2
7444,0
7445,1
7446,0
7447,1
7448,1
7449,0
7450,1
7451,0
7452,0
7453,2
7454,2
7455,2
7456,1
7457,1
7458,0
7459,2
7460,2
7461,0
7462,1
7463,2
7464,2
7465,2
7466,0
7467,1
7468,0
7469,0
7470,0
7471,0
7472,1
7473,2
7474,1
7475,0
7476,2
7477,1
7478,0
7479,0
7480,1
7481,2
7482,0
7483,1
7484,0
7485,0
7486,2
7487,0
7488,0
7489,0
7490,0
7491,2
7492,2
7493,2
7494,1
7495,2
7496,2
7497,0
7498,0
7499,0
7500,0
7501,1
7502,2
7503,1
7504,1
7505,0
7506,0
7507,2
7508,1
7509,0
7510,2
7511,1
7512,0
7513,0
7514,2
7515,1
7516,0
7517,0
7518,2
7519,1
7520,0
7521,2
7522,2
7523,0
7524,0
7525,2
7526,1
7527,1
7528,2
7529,0
7530,0
7531,0
7532,0
7533,2
7534,2
7535,2
7536,0
7537,0
7538,0
7539,1
7540,2
7541,1
7542,0
7543,0
7544,0
7545,0
7546,0
7547,1
7548,1
7549,2
7550,2
7551,1
7552,0
7553,2
7554,2
7555,0
7556,0
7557,1
7558,2
7559,1
7560,0
7561,1
7562,0
7563,0
7564,0
7565,0
7566,0
7567,0
7568,1
7569,2
7570,0
7571,1
7572,0
7573,0
7574,0
7575,1
7576,1
7577,2
7578,1
7579,2
7580,1
7581,2
7582,2
7583,2
7584,0
7585,0
7586,0
7587,0
7588,0
7589,0
7590,0
7591,0
7592,0
7593,0
7594,1
7595,1
7596,2
7597,1
7598,0
7599,0
7600,2
7601,0
7602,0
7603,0
7604,1
7605,0
7606,0
7607,1
7608,1
7609,2
7610,0
7611,1
7612,0
7613,0
7614,1
7615,1
7616,2
7617,1
7618,2
7619,0
7620,0
7621,2
7622,0
7623,0
7624,0
7625,2
7626,0
7627,1
7628,0
7629,1
7630,0
7631,0
7632,0
7633,0
7634,1
7635,1
7636,0
7637,0
7638,0
7639,0
7640,2
7641,0
7642,1
7643,2
7644,0
7645,2
7646,2
7647,0
7648,0
7649,2
7650,0
7651,2
7652,0
7653,1
7654,1
7655,1
7656,1
7657,2
7658,0
7659,1
7660,0
7661,0
7662,2
7663,2
7664,0
7665,0
7666,1
7667,0
7668,0
7669,0
7670,0
7671,0
7672,0
7673,0
7674,0
7675,2
7676,1
7677,0
7678,0
7679,1
7680,2
7681,1
7682,2
7683,2
7684,2
7685,2
7686,0
7687,0
7688,2
7689,2
7690,1
7691,2
7692,0
7693,0
7694,0
7695,0
7696,2
7697,0
7698,0
7699,2
7700,2
7701,0
7702,0
7703,0
7704,0
7705,2
7706,2
7707,2
7708,1
7709,0
7710,2
7711,0
7712,1
7713,2
7714,0
7715,0
7716,0
7717,2
7718,0
7719,2
7720,1
7721,1
7722,0
7723,0
7724,0
7725,0
7726,2
7727,2
7728,0
7729,1
7730,1
7731,2
7732,1
7733,2
7734,2
7735,1
7736,0
7737,2
7738,1
7739,1
7740,0
7741,0
7742,0
7743,1
7744,0
7745,0
7746,2
7747,0
7748,0
7749,2
7750,1
7751,0
7752,0
7753,0
7754,0
7755,0
7756,2
7757,0
7758,0
7759,1
7760,0
7761,0
7762,0
7763,1
7764,0
7765,0
7766,2
7767,2
7768,2
7769,1
7770,0
7771,1
7772,0
7773,0
7774,2
7775,2
7776,0
7777,0
7778,0
7779,0
7780,0
7781,0
7782,1
7783,1
7784,1
7785,1
7786,2
7787,0
7788,1
7789,1
7790,0
7791,1
7792,0
7793,0
7794,2
7795,0
7796,0
7797,1
7798,1
7799,2
7800,0
7801,0
7802,0
7803,2
7804,0
7805,0
7806,0
7807,2
7808,2
7809,1
7810,0
7811,0
7812,2
7813,0
7814,2
7815,0
7816,0
7817,0
7818,1
7819,1
7820,0
7821,2
7822,0
7823,2
7824,1
7825,0
7826,2
7827,2
7828,1
7829,0
7830,2
7831,0
7832,0
7833,0
7834,1
7835,2
7836,2
7837,2
7838,0
7839,1
7840,0
7841,1
7842,1
7843,1
7844,0
7845,1
7846,1
7847,1
7848,0
7849,0
7850,1
7851,0
7852,1
7853,1
7854,2
7855,0
7856,1
7857,1
7858,1
7859,1
7860,2
7861,0
7862,0
7863,0
7864,0
7865,0
7866,0
7867,1
7868,0
7869,0
7870,0
7871,2
7872,0
7873,1
7874,0
7875,1
7876,2
7877,1
7878,2
7879,0
7880,2
7881,1
7882,0
7883,0
7884,2
7885,1
7886,2
7887,0
7888,2
7889,0
7890,2
7891,1
7892,0
7893,0
7894,2
7895,0
7896,2
7897,0
7898,0
7899,2
7900,0
7901,0
7902,0
7903,0
7904,2
7905,0
7906,2
7907,1
7908,0
7909,2
7910,0
7911,2
7912,2
7913,1
7914,0
7915,2
7916,2
7917,1
7918,1
7919,1
7920,2
7921,0
7922,2
7923,1
7924,1
7925,1
7926,0
7927,2
7928,0
7929,0
7930,1
7931,0
7932,0
7933,0
7934,0
7935,1
7936,0
7937,0
7938,2
7939,2
7940,2
7941,0
7942,2
7943,2
7944,2
7945,1
7946,0
7947,1
7948,2
7949,0
7950,1
7951,0
7952,1
7953,1
7954,1
7955,0
7956,0
7957,1
7958,1
7959,1
7960,2
7961,0
7962,2
7963,1
7964,1
7965,0
7966,0
7967,0
7968,1
7969,2
7970,1
7971,2
7972,1
7973,1
7974,1
7975,0
7976,2
7977,0
7978,1
7979,0
7980,0
7981,0
7982,2
7983,0
7984,0
7985,1
7986,2
7987,0
7988,0
7989,0
7990,2
7991,0
7992,2
7993,0
7994,0
7995,0
7996,2
7997,0
7998,0
7999,0
8000,0
8001,0
8002,2
8003,0
8004,0
8005,0
8006,0
8007,1
8008,1
8009,2
8010,2
8011,0
8012,0
8013,2
8014,2
8015,2
8016,2
8017,0
8018,1
8019,1
8020,1
8021,2
8022,0
8023,0
8024,1
8025,0
8026,0
8027,1
8028,1
8029,0
8030,1
8031,2
8032,1
8033,1
8034,0
8035,2
8036,1
8037,0
8038,1
8039,2
8040,1
8041,2
8042,1
8043,0
8044,2
8045,0
8046,1
8047,0
8048,0
8049,0
8050,1
8051,1
8052,0
8053,0
8054,0
8055,1
8056,1
8057,0
8058,1
8059,1
8060,1
8061,2
8062,2
8063,0
8064,0
8065,0
8066,0
8067,1
8068,1
8069,0
8070,1
8071,2
8072,2
8073,2
8074,2
8075,2
8076,0
8077,0
8078,0
8079,1
8080,0
8081,0
8082,2
8083,2
8084,1
8085,0
8086,1
8087,0
8088,1
8089,0
8090,0
8091,2
8092,0
8093,2
8094,1
8095,1
8096,2
8097,2
8098,0
8099,1
8100,1
8101,0
8102,2
8103,1
8104,0
8105,0
8106,0
8107,2
8108,0
8109,0
8110,0
8111,2
8112,1
8113,1
8114,0
8115,2
8116,1
8117,2
8118,2
8119,2
8120,2
8121,0
8122,2
8123,1
8124,2
8125,0
8126,1
8127,2
8128,0
8129,0
8130,0
8131,0
8132,0
8133,0
8134,1
8135,1
8136,0
8137,0
8138,2
8139,1
8140,1
8141,2
8142,1
8143,0
8144,2
8145,2
8146,0
8147,2
8148,0
8149,2
8150,2
8151,0
8152,0
8153,1
8154,0
8155,0
8156,0
8157,1
8158,0
8159,0
8160,0
8161,1
8162,0
8163,1
8164,1
8165,1
8166,2
8167,1
8168,0
8169,2
8170,1
8171,0
8172,1
8173,2
8174,1
8175,2
8176,0
8177,1
8178,0
8179,1
8180,2
8181,0
8182,1
8183,0
8184,0
8185,2
8186,2
8187,1
8188,2
8189,0
8190,2
8191,2
8192,0
8193,2
8194,1
8195,0
8196,2
8197,0
8198,1
8199,0
8200,0
8201,2
8202,0
8203,0
8204,0
8205,0
8206,1
8207,1
8208,2
8209,0
8210,2
8211,2
8212,0
8213,0
8214,2
8215,1
8216,1
8217,0
8218,1
8219,1
8220,0
8221,1
8222,2
8223,2
8224,2
8225,0
8226,2
8227,0
8228,0
8229,2
8230,1
8231,1
8232,1
8233,2
8234,2
8235,0
8236,1
8237,0
8238,1
8239,1
8240,0
8241,0
8242,0
8243,1
8244,0
8245,1
8246,1
8247,1
8248,1
8249,1
8250,0
8251,0
8252,1
8253,1
8254,0
8255,0
8256,0
8257,2
8258,2
8259,0
8260,0
8261,2
8262,0
8263,0
8264,2
8265,0
8266,1
8267,0
8268,0
8269,0
8270,0
8271,2
8272,1
8273,0
8274,2
8275,0
8276,1
8277,0
8278,2
8279,0
8280,1
8281,1
8282,0
8283,2
8284,1
8285,1
8286,0
8287,1
8288,0
8289,1
8290,0
8291,0
8292,1
8293,1
8294,1
8295,0
8296,0
8297,1
8298,0
8299,2
8300,2
8301,0
8302,1
8303,0
8304,1
8305,2
8306,1
8307,1
8308,2
8309,2
8310,0
8311,0
8312,2
8313,2
8314,1
8315,2
8316,0
8317,0
8318,2
8319,1
8320,2
8321,0
8322,0
8323,2
8324,0
8325,2
8326,0
8327,2
8328,0
8329,1
8330,1
8331,2
8332,2
8333,1
8334,1
8335,1
8336,0
8337,0
8338,1
8339,2
8340,0
8341,0
8342,0
8343,0
8344,0
8345,0
8346,0
8347,1
8348,0
8349,1
8350,1
8351,0
8352,0
8353,1
8354,1
8355,2
8356,1
8357,1
8358,0
8359,2
8360,2
8361,1
8362,0
8363,2
8364,2
8365,0
8366,0
8367,1
8368,0
8369,2
8370,1
8371,0
8372,0
8373,1
8374,0
8375,2
8376,0
8377,0
8378,0
8379,2
8380,2
8381,1
8382,0
8383,1
8384,2
8385,2
8386,1
8387,0
8388,2
8389,0
8390,1
8391,1
8392,0
8393,2
8394,1
8395,0
8396,1
8397,0
8398,0
8399,2
8400,2
8401,0
8402,2
8403,0
8404,2
8405,0
8406,0
8407,1
8408,1
8409,1
8410,2
8411,1
8412,1
8413,0
8414,0
8415,1
8416,1
8417,0
8418,2
8419,1
8420,1
8421,2
8422,0
8423,0
8424,1
8425,0
8426,0
8427,2
8428,0
8429,1
8430,2
8431,0
8432,0
8433,0
8434,0
8435,2
8436,0
8437,1
8438,0
8439,0
8440,0
8441,1
8442,0
8443,2
8444,1
8445,2
8446,0
8447,0
8448,1
8449,2
8450,2
8451,1
8452,0
8453,1
8454,2
8455,1
8456,0
8457,2
8458,2
8459,0
8460,0
8461,1
8462,0
8463,1
8464,1
8465,0
8466,0
8467,2
8468,2
8469,0
8470,0
8471,1
8472,1
8473,2
8474,1
8475,2
8476,2
8477,1
8478,1
8479,0
8480,0
8481,1
8482,1
8483,1
8484,2
8485,2
8486,2
8487,2
8488,2
8489,1
8490,2
8491,0
8492,1
8493,0
8494,2
8495,0
8496,1
8497,1
8498,0
8499,0
8500,0
8501,0
8502,0
8503,2
8504,0
8505,0
8506,1
8507,1
8508,1
8509,1
8510,0
8511,0
8512,2
8513,1
8514,0
8515,0
8516,2
8517,2
8518,2
8519,2
8520,0
8521,0
8522,2
8523,1
8524,2
8525,0
8526,0
8527,0
8528,1
8529,2
8530,1
8531,0
8532,0
8533,0
8534,0
8535,0
8536,1
8537,0
8538,0
8539,0
8540,2
8541,0
8542,2
8543,0
8544,0
8545,1
8546,1
8547,2
8548,2
8549,2
8550,0
8551,1
8552,1
8553,0
8554,1
8555,2
8556,0
8557,1
8558,0
8559,0
8560,1
8561,1
8562,0
8563,1
8564,1
8565,0
8566,1
8567,0
8568,0
8569,1
8570,2
8571,0
8572,2
8573,0
8574,0
8575,2
8576,0
8577,1
8578,2
8579,1
8580,0
8581,0
8582,1
8583,1
8584,2
8585,2
8586,0
8587,2
8588,1
8589,0
8590,1
8591,0
8592,0
8593,0
8594,0
8595,1
8596,0
8597,0
8598,0
8599,1
8600,0
8601,2
8602,1
8603,0
8604,0
8605,1
8606,2
8607,2
8608,1
8609,0
8610,0
8611,1
8612,2
8613,1
8614,1
8615,0
8616,0
8617,0
8618,2
8619,0
8620,0
8621,1
8622,0
8623,1
8624,2
8625,0
8626,0
8627,0
8628,1
8629,1
8630,2
8631,2
8632,1
8633,0
8634,0
8635,1
8636,1
8637,1
8638,0
8639,1
8640,2
8641,1
8642,2
8643,1
8644,2
8645,0
8646,1
8647,0
8648,1
8649,2
8650,0
8651,1
8652,2
8653,0
8654,0
8655,0
8656,1
8657,0
8658,1
8659,2
8660,1
8661,2
8662,1
8663,2
8664,1
8665,1
8666,2
8667,0
8668,0
8669,1
8670,1
8671,0
8672,0
8673,0
8674,0
8675,1
8676,0
8677,2
8678,2
8679,1
8680,0
8681,0
8682,1
8683,0
8684,0
8685,0
8686,0
8687,0
8688,0
8689,1
8690,0
8691,0
8692,2
8693,0
8694,0
8695,1
8696,0
8697,2
8698,2
8699,1
8700,2
8701,0
8702,2
8703,2
8704,1
8705,2
8706,0
8707,0
8708,2
8709,2
8710,1
8711,1
8712,0
8713,1
8714,0
8715,0
8716,1
8717,1
8718,2
8719,1
8720,0
8721,2
8722,2
8723,1
8724,0
8725,0
8726,1
8727,1
8728,1
8729,1
8730,0
8731,2
8732,0
8733,2
8734,2
8735,2
8736,1
8737,2
8738,0
8739,0
8740,0
8741,0
8742,2
8743,0
8744,1
8745,0
8746,1
8747,2
8748,1
8749,1
8750,2
8751,1
8752,1
8753,2
8754,2
8755,0
8756,2
8757,2
8758,2
8759,1
8760,1
8761,2
8762,0
8763,0
8764,0
8765,2
8766,0
8767,2
8768,0
8769,1
8770,1
8771,1
8772,1
8773,1
8774,1
8775,1
8776,0
8777,0
8778,1
8779,1
8780,0
8781,0
8782,0
8783,0
8784,2
8785,1
8786,1
8787,0
8788,0
8789,0
8790,2
8791,2
8792,0
8793,1
8794,2
8795,1
8796,0
8797,2
8798,2
8799,2
8800,1
8801,0
8802,0
8803,0
8804,1
8805,2
8806,1
8807,1
8808,2
8809,0
8810,1
8811,2
8812,0
8813,0
8814,2
8815,2
8816,2
8817,1
8818,1
8819,0
8820,0
8821,1
8822,0
8823,1
8824,2
8825,0
8826,0
8827,0
8828,0
8829,0
8830,2
8831,1
8832,0
8833,2
8834,0
8835,0
8836,0
8837,0
8838,0
8839,0
8840,2
8841,0
8842,0
8843,0
8844,2
8845,2
8846,0
8847,2
8848,0
8849,0
8850,1
8851,1
8852,0
8853,0
8854,0
8855,1
8856,0
8857,2
8858,2
8859,1
8860,1
8861,2
8862,0
8863,0
8864,0
8865,0
8866,2
8867,1
8868,0
8869,2
8870,1
8871,0
8872,0
8873,1
8874,2
8875,2
8876,0
8877,0
8878,0
8879,0
8880,0
8881,0
8882,2
8883,0
8884,2
8885,1
8886,2
8887,0
8888,2
8889,1
8890,1
8891,0
8892,0
8893,0
8894,1
8895,0
8896,0
8897,0
8898,0
8899,2
8900,0
8901,1
8902,1
8903,1
8904,1
8905,1
8906,1
8907,0
8908,0
8909,1
8910,2
8911,0
8912,0
8913,1
8914,1
8915,0
8916,1
8917,0
8918,2
8919,0
8920,2
8921,1
8922,0
8923,1
8924,1
8925,0
8926,1
8927,1
8928,2
8929,0
8930,1
8931,2
8932,0
8933,2
8934,0
8935,2
8936,0
8937,1
8938,1
8939,1
8940,0
8941,0
8942,0
8943,2
8944,1
8945,2
8946,1
8947,2
8948,0
8949,0
8950,1
8951,0
8952,1
8953,0
8954,1
8955,0
8956,2
8957,0
8958,2
8959,1
8960,0
8961,2
8962,0
8963,1
8964,0
8965,2
8966,1
8967,0
8968,2
8969,0
8970,0
8971,1
8972,0
8973,0
8974,1
8975,0
8976,2
8977,1
8978,0
8979,0
8980,0
8981,1
8982,0
8983,2
8984,0
8985,1
8986,2
8987,2
8988,1
8989,0
8990,0
8991,0
8992,2
8993,0
8994,1
8995,1
8996,0
8997,1
8998,1
8999,1
9000,1
9001,0
9002,1
9003,0
9004,2
9005,1
9006,1
9007,0
9008,1
9009,1
9010,0
9011,2
9012,2
9013,1
9014,0
9015,0
9016,2
9017,0
9018,0
9019,0
9020,2
9021,0
9022,1
9023,2
9024,0
9025,2
9026,0
9027,0
9028,0
9029,2
9030,0
9031,0
9032,1
9033,1
9034,2
9035,0
9036,0
9037,1
9038,0
9039,0
9040,0
9041,0
9042,0
9043,1
9044,0
9045,1
9046,2
9047,1
9048,2
9049,2
9050,1
9051,2
9052,0
9053,2
9054,2
9055,2
9056,1
9057,0
9058,1
9059,1
9060,0
9061,0
9062,0
9063,0
9064,0
9065,2
9066,0
9067,2
9068,0
9069,2
9070,1
9071,0
9072,0
9073,0
9074,2
9075,0
9076,2
9077,0
9078,0
9079,1
9080,0
9081,0
9082,2
9083,2
9084,2
9085,0
9086,2
9087,1
9088,0
9089,1
9090,0
9091,2
9092,0
9093,2
9094,1
9095,0
9096,2
9097,0
9098,1
9099,2
9100,2
9101,0
9102,1
9103,1
9104,0
9105,1
9106,2
9107,0
9108,1
9109,2
9110,1
9111,0
9112,0
9113,2
9114,2
9115,0
9116,0
9117,0
9118,2
9119,2
9120,0
9121,1
9122,2
9123,1
9124,0
9125,0
9126,2
9127,1
9128,2
9129,0
9130,2
9131,0
9132,2
9133,0
9134,2
9135,0
9136,0
9137,0
9138,1
9139,2
9140,1
9141,0
9142,2
9143,0
9144,0
9145,1
9146,0
9147,2
9148,0
9149,2
9150,2
9151,1
9152,1
9153,2
9154,1
9155,1
9156,2
9157,0
9158,2
9159,1
9160,0
9161,0
9162,0
9163,2
9164,1
9165,0
9166,2
9167,0
9168,0
9169,0
9170,2
9171,0
9172,0
9173,0
9174,2
9175,0
9176,0
9177,2
9178,2
9179,2
9180,1
9181,0
9182,1
9183,1
9184,2
9185,0
9186,2
9187,2
9188,1
9189,0
9190,1
9191,0
9192,0
9193,0
9194,2
9195,0
9196,0
9197,0
9198,0
9199,1
9200,1
9201,0
9202,0
9203,1
9204,0
9205,2
9206,0
9207,2
9208,2
9209,2
9210,0
9211,0
9212,1
9213,2
9214,1
9215,0
9216,2
9217,0
9218,1
9219,2
9220,1
9221,0
9222,0
9223,2
9224,2
9225,1
9226,1
9227,0
9228,2
9229,0
9230,2
9231,1
9232,0
9233,0
9234,0
9235,2
9236,1
9237,0
9238,1
9239,1
9240,0
9241,1
9242,2
9243,0
9244,2
9245,1
9246,0
9247,2
9248,2
9249,2
9250,1
9251,0
9252,0
9253,1
9254,1
9255,0
9256,0
9257,0
9258,1
9259,2
9260,2
9261,1
9262,2
9263,2
9264,0
9265,1
9266,1
9267,0
9268,1
9269,1
9270,0
9271,0
9272,1
9273,2
9274,0
9275,0
9276,1
9277,0
9278,0
9279,0
9280,1
9281,1
9282,0
9283,0
9284,1
9285,2
9286,1
9287,0
9288,1
9289,0
9290,1
9291,0
9292,2
9293,0
9294,0
9295,0
9296,0
9297,0
9298,1
9299,0
9300,0
9301,0
9302,1
9303,1
9304,0
9305,1
9306,1
9307,0
9308,0
9309,1
9310,1
9311,1
9312,2
9313,2
9314,1
9315,0
9316,1
9317,0
9318,2
9319,0
9320,1
9321,1
9322,1
9323,0
9324,0
9325,0
9326,1
9327,2
9328,2
9329,0
9330,0
9331,2
9332,1
9333,2
9334,0
9335,0
9336,0
9337,2
9338,2
9339,0
9340,0
9341,0
9342,0
9343,1
9344,1
9345,1
9346,0
9347,0
9348,0
9349,2
9350,1
9351,0
9352,2
9353,0
9354,0
9355,0
9356,0
9357,2
9358,0
9359,0
9360,0
9361,1
9362,0
9363,2
9364,1
9365,0
9366,0
9367,0
9368,1
9369,1
9370,0
9371,2
9372,2
9373,0
9374,2
9375,1
9376,1
9377,2
9378,2
9379,2
9380,0
9381,2
9382,2
9383,0
9384,1
9385,0
9386,0
9387,0
9388,1
9389,2
9390,2
9391,2
9392,1
9393,1
9394,1
9395,0
9396,1
9397,0
9398,2
9399,2
9400,1
9401,0
9402,1
9403,0
9404,0
9405,0
9406,1
9407,2
9408,2
9409,2
9410,2
9411,2
9412,0
9413,2
9414,0
9415,1
9416,0
9417,1
9418,0
9419,1
9420,0
9421,1
9422,0
9423,1
9424,2
9425,2
9426,2
9427,2
9428,2
9429,2
9430,2
9431,0
9432,1
9433,1
9434,2
9435,0
9436,0
9437,0
9438,0
9439,1
9440,1
9441,2
9442,0
9443,0
9444,1
9445,0
9446,2
9447,0
9448,0
9449,2
9450,1
9451,0
9452,0
9453,2
9454,0
9455,0
9456,0
9457,2
9458,0
9459,1
9460,2
9461,2
9462,2
9463,0
9464,2
9465,0
9466,2
9467,1
9468,1
9469,2
9470,1
9471,2
9472,2
9473,0
9474,0
9475,0
9476,2
9477,2
9478,1
9479,0
9480,1
9481,0
9482,1
9483,2
9484,1
9485,1
9486,1
9487,2
9488,1
9489,1
9490,0
9491,1
9492,2
9493,0
9494,2
9495,0
9496,0
9497,2
9498,0
9499,1
9500,2
9501,2
9502,2
9503,2
9504,1
9505,1
9506,0
9507,1
9508,2
9509,0
9510,2
9511,0
9512,1
9513,0
9514,1
9515,1
9516,0
9517,2
9518,2
9519,1
9520,1
9521,0
9522,2
9523,1
9524,1
9525,2
9526,0
9527,2
9528,1
9529,1
9530,1
9531,1
9532,1
9533,2
9534,0
9535,0
9536,1
9537,0
9538,0
9539,1
9540,1
9541,0
9542,1
9543,0
9544,1
9545,0
9546,2
9547,0
9548,2
9549,2
9550,0
9551,0
9552,1
9553,0
9554,0
9555,0
9556,2
9557,1
9558,1
9559,2
9560,0
9561,0
9562,1
9563,2
9564,0
9565,2
9566,1
9567,2
9568,2
9569,2
9570,0
9571,2
9572,0
9573,2
9574,0
9575,0
9576,1
9577,2
9578,0
9579,1
9580,0
9581,2
9582,1
9583,2
9584,2
9585,0
9586,1
9587,0
9588,2
9589,0
9590,1
9591,2
9592,1
9593,2
9594,1
9595,0
9596,1
9597,2
9598,2
9599,1
9600,0
9601,1
9602,0
9603,1
9604,1
9605,2
9606,0
9607,0
9608,1
9609,0
9610,1
9611,2
9612,0
9613,2
9614,0
9615,2
9616,2
9617,0
9618,2
9619,2
9620,0
9621,2
9622,2
9623,0
9624,0
9625,0
9626,0
9627,2
9628,0
9629,1
9630,0
9631,2
9632,1
9633,2
9634,2
9635,1
9636,1
9637,0
9638,0
9639,0
9640,1
9641,0
9642,1
9643,1
9644,2
9645,2
9646,0
9647,2
9648,2
9649,1
9650,1
9651,1
9652,2
9653,1
9654,0
9655,2
9656,0
9657,0
9658,2
9659,0
9660,0
9661,1
9662,0
9663,2
9664,1
9665,0
9666,0
9667,1
9668,1
9669,2
9670,1
9671,1
9672,0
9673,0
9674,0
9675,2
9676,1
9677,0
9678,0
9679,0
9680,2
9681,2
9682,2
9683,0
9684,2
9685,1
9686,0
9687,0
9688,0
9689,2
9690,0
9691,1
9692,2
9693,0
9694,0
9695,0
9696,1
9697,1
9698,2
9699,1
9700,0
9701,0
9702,2
9703,1
9704,0
9705,2
9706,2
9707,1
9708,0
9709,0
9710,2
9711,0
9712,1
9713,1
9714,2
9715,0
9716,2
9717,1
9718,2
9719,2
9720,1
9721,0
9722,1
9723,0
9724,0
9725,0
9726,2
9727,0
9728,2
9729,0
9730,0
9731,1
9732,1
9733,0
9734,0
9735,2
9736,2
9737,1
9738,0
9739,0
9740,0
9741,2
9742,0
9743,0
9744,2
9745,0
9746,2
9747,0
9748,2
9749,0
9750,2
9751,0
9752,1
9753,0
9754,1
9755,2
9756,2
9757,0
9758,2
9759,1
9760,0
9761,0
9762,0
9763,1
9764,2
9765,0
9766,1
9767,1
9768,1
9769,1
9770,0
9771,1
9772,0
9773,0
9774,0
9775,2
9776,2
9777,0
9778,0
9779,2
9780,0
9781,2
9782,0
9783,0
9784,2
9785,0
9786,2
9787,0
9788,0
9789,0
9790,0
9791,0
9792,0
9793,2
9794,2
9795,0
9796,0
9797,1
9798,0
9799,0
9800,0
9801,0
9802,2
9803,2
9804,1
9805,1
9806,1
9807,0
9808,1
9809,2
9810,1
9811,1
9812,1
9813,1
9814,2
9815,0
9816,0
9817,2
9818,0
9819,1
9820,2
9821,2
9822,1
9823,1
9824,0
9825,1
9826,2
9827,1
9828,1
9829,0
9830,0
9831,1
9832,0
9833,2
9834,1
9835,0
9836,1
9837,0
9838,0
9839,1
9840,0
9841,1
9842,2
9843,0
9844,2
9845,2
9846,0
9847,1
9848,0
9849,0
9850,0
9851,1
9852,2
9853,0
9854,1
9855,2
9856,1
9857,1
9858,2
9859,2
9860,1
9861,0
9862,1
9863,1
9864,2
9865,0
9866,1
9867,0
9868,1
9869,0
9870,2
9871,1
9872,1
9873,0
9874,0
9875,0
9876,1
9877,2
9878,0
9879,2
9880,0
9881,2
9882,0
9883,2
9884,1
9885,0
9886,0
9887,1
9888,1
9889,2
9890,2
9891,1
9892,0
9893,1
9894,1
9895,0
9896,0
9897,2
9898,2
9899,0
9900,2
9901,1
9902,2
9903,2
9904,0
9905,0
9906,1
9907,2
9908,0
9909,2
9910,0
9911,0
9912,0
9913,1
9914,2
9915,0
9916,0
9917,1
9918,0
9919,0
9920,1
9921,0
9922,2
9923,2
9924,0
9925,0
9926,0
9927,1
9928,1
9929,2
9930,2
9931,0
9932,0
9933,1
9934,0
9935,2
9936,0
9937,0
9938,2
9939,1
9940,0
9941,1
9942,0
9943,0
9944,0
9945,0
9946,0
9947,0
9948,0
9949,0
9950,2
9951,2
9952,1
9953,1
9954,2
9955,0
9956,1
9957,2
9958,0
9959,0
9960,2
9961,2
9962,1
9963,2
9964,0
9965,0
9966,2
9967,2
9968,0
9969,2
9970,0
9971,0
9972,2
9973,2
9974,0
9975,2
9976,2
9977,0
9978,0
9979,1
9980,2
9981,2
9982,1
9983,1
9984,0
9985,0
9986,0
9987,1
9988,0
9989,2
9990,1
9991,1
9992,1
9993,2
9994,0
9995,1
9996,1
9997,2
9998,0
9999,2
10000,2
10001,0
10002,0
10003,1
10004,1
10005,1
10006,0
10007,2
10008,0
10009,1
10010,0
10011,1
10012,0
10013,2
10014,1
10015,1
10016,2
10017,1
10018,2
10019,1
10020,0
10021,2
10022,0
10023,1
10024,0
10025,2
10026,1
10027,1
10028,1
10029,1
10030,0
10031,2
10032,2
10033,0
10034,2
10035,2
10036,1
10037,1
10038,1
10039,2
10040,2
10041,0
10042,1
10043,0
10044,1
10045,0
10046,0
10047,2
10048,1
10049,0
10050,0
10051,0
10052,2
10053,1
10054,0
10055,0
10056,2
10057,1
10058,1
10059,1
10060,1
10061,1
10062,0
10063,0
10064,0
10065,1
10066,0
10067,2
10068,0
10069,1
10070,1
10071,0
10072,1
10073,1
10074,2
10075,2
10076,2
10077,0
10078,0
10079,2
10080,0
10081,2
10082,2
10083,0
10084,1
10085,0
10086,2
10087,0
10088,0
10089,2
10090,2
10091,2
10092,0
10093,0
10094,0
10095,1
10096,2
10097,0
10098,2
10099,0
10100,2
10101,0
10102,2
10103,0
10104,0
10105,0
10106,1
10107,0
10108,0
10109,0
10110,0
10111,2
10112,0
10113,1
10114,0
10115,0
10116,1
10117,1
10118,2
10119,1
10120,1
10121,2
10122,1
10123,1
10124,2
10125,1
10126,0
10127,0
10128,2
10129,1
10130,2
10131,0
10132,1
10133,1
10134,0
10135,1
10136,0
10137,1
10138,0
10139,0
10140,0
10141,2
10142,2
10143,0
10144,0
10145,2
10146,1
10147,0
10148,0
10149,0
10150,2
10151,1
10152,2
10153,2
10154,0
10155,0
10156,0
10157,2
10158,1
10159,2
10160,1
10161,2
10162,1
10163,1
10164,1
10165,0
10166,2
10167,0
10168,2
10169,2
10170,0
10171,2
10172,2
10173,2
10174,0
10175,0
10176,1
10177,0
10178,0
10179,1
10180,0
10181,1
10182,0
10183,2
10184,0
10185,0
10186,2
10187,0
10188,0
10189,2
10190,1
10191,1
10192,0
10193,2
10194,1
10195,2
10196,2
10197,1
10198,2
10199,0
10200,0
10201,1
10202,1
10203,2
10204,2
10205,1
10206,1
10207,2
10208,1
10209,1
10210,1
10211,2
10212,1
10213,2
10214,0
10215,0
10216,2
10217,1
10218,0
10219,2
10220,0
10221,1
10222,0
10223,2
10224,1
10225,0
10226,0
10227,0
10228,2
10229,0
10230,1
10231,0
10232,1
10233,2
10234,0
10235,1
10236,2
10237,0
10238,1
10239,2
10240,2
10241,2
10242,0
10243,0
10244,0
10245,2
10246,1
10247,0
10248,0
10249,0
10250,0
10251,2
10252,1
10253,1
10254,2
10255,0
10256,1
10257,0
10258,0
10259,0
10260,0
10261,2
10262,1
10263,0
10264,0
10265,0
10266,1
10267,0
10268,1
10269,1
10270,2
10271,0
10272,1
10273,0
10274,2
10275,2
10276,1
10277,0
10278,0
10279,2
10280,2
10281,1
10282,2
10283,0
10284,2
10285,1
10286,0
10287,1
10288,2
10289,1
10290,1
10291,0
10292,1
10293,1
10294,0
10295,0
10296,1
10297,2
10298,2
10299,1
10300,1
10301,0
10302,0
10303,2
10304,0
10305,1
10306,0
10307,0
10308,1
10309,0
10310,0
10311,0
10312,2
10313,2
10314,0
10315,0
10316,1
10317,0
10318,1
10319,0
10320,2
10321,2
10322,1
10323,2
10324,0
10325,2
10326,0
10327,1
10328,0
10329,1
10330,0
10331,1
10332,0
10333,0
10334,0
10335,1
10336,0
10337,2
10338,2
10339,0
10340,0
10341,0
10342,2
10343,2
10344,0
10345,2
10346,1
10347,2
10348,2
10349,2
10350,2
10351,2
10352,2
10353,0
10354,0
10355,2
10356,0
10357,0
10358,0
10359,0
10360,0
10361,1
10362,2
10363,1
10364,0
10365,1
10366,2
10367,0
10368,0
10369,1
10370,0
10371,2
10372,0
10373,0
10374,0
10375,0
10376,1
10377,0
10378,0
10379,0
10380,2
10381,0
10382,2
10383,2
10384,0
10385,1
10386,1
10387,2
10388,0
10389,0
10390,1
10391,1
10392,0
10393,1
10394,0
10395,1
10396,2
10397,2
10398,0
10399,0
10400,1
10401,2
10402,0
10403,2
10404,1
10405,0
10406,0
10407,0
10408,2
10409,2
10410,1
10411,1
10412,2
10413,0
10414,0
10415,1
10416,0
10417,1
10418,2
10419,2
10420,2
10421,2
10422,1
10423,0
10424,1
10425,0
10426,0
10427,2
10428,0
10429,2
10430,0
10431,0
10432,2
10433,2
10434,2
10435,1
10436,0
10437,1
10438,0
10439,1
10440,0
10441,1
10442,1
10443,0
10444,0
10445,0
10446,0
10447,1
10448,0
10449,0
10450,0
10451,1
10452,0
10453,1
10454,0
10455,0
10456,2
10457,1
10458,0
10459,2
10460,0
10461,1
10462,2
10463,2
10464,0
10465,0
10466,2
10467,1
10468,0
10469,1
10470,1
10471,0
10472,1
10473,0
10474,0
10475,0
10476,0
10477,2
10478,0
10479,2
10480,2
10481,2
10482,0
10483,2
10484,2
10485,0
10486,1
10487,1
10488,2
10489,0
10490,2
10491,0
10492,1
10493,1
10494,2
10495,0
10496,2
10497,0
10498,2
10499,0
10500,0
10501,1
10502,0
10503,2
10504,2
10505,1
10506,2
10507,0
10508,1
10509,0
10510,0
10511,1
10512,2
10513,1
10514,0
10515,1
10516,0
10517,0
10518,0
10519,0
10520,2
10521,2
10522,0
10523,0
10524,0
10525,0
10526,2
10527,1
10528,0
10529,0
10530,0
10531,2
10532,1
10533,2
10534,0
10535,1
10536,2
10537,0
10538,2
10539,0
10540,0
10541,2
10542,0
10543,0
10544,0
10545,2
10546,2
10547,2
10548,0
10549,1
10550,0
10551,1
10552,0
10553,1
10554,1
10555,2
10556,0
10557,0
10558,0
10559,1
10560,2
10561,1
10562,1
10563,0
10564,0
10565,0
10566,2
10567,0
10568,0
10569,0
10570,0
10571,2
10572,2
10573,2
10574,0
10575,1
10576,0
10577,1
10578,2
10579,0
10580,2
10581,0
10582,1
10583,0
10584,0
10585,2
10586,0
10587,1
10588,0
10589,0
10590,0
10591,0
10592,1
10593,2
10594,0
10595,2
10596,0
10597,2
10598,0
10599,1
10600,2
10601,0
10602,0
10603,1
10604,2
10605,0
10606,2
10607,1
10608,2
10609,1
10610,1
10611,0
10612,2
10613,1
10614,2
10615,0
10616,0
10617,2
10618,0
10619,0
10620,2
10621,2
10622,1
10623,2
10624,0
10625,0
10626,0
10627,2
10628,2
10629,0
10630,2
10631,2
10632,0
10633,0
10634,2
10635,0
10636,1
10637,0
10638,1
10639,1
10640,2
10641,2
10642,0
10643,2
10644,0
10645,0
10646,2
10647,1
10648,0
10649,1
10650,0
10651,0
10652,0
10653,2
10654,2
10655,0
10656,0
10657,0
10658,2
10659,2
10660,2
10661,2
10662,1
10663,2
10664,1
10665,0
10666,2
10667,0
10668,0
10669,0
10670,2
10671,2
10672,2
10673,2
10674,1
10675,0
10676,1
10677,2
10678,2
10679,0
10680,0
10681,1
10682,0
10683,0
10684,2
10685,1
10686,0
10687,2
10688,0
10689,0
10690,1
10691,0
10692,2
10693,0
10694,2
10695,1
10696,1
10697,0
10698,0
10699,2
10700,2
10701,1
10702,0
10703,1
10704,0
10705,0
10706,0
10707,0
10708,2
10709,0
10710,0
10711,0
10712,0
10713,1
10714,0
10715,0
10716,1
10717,0
10718,1
10719,0
10720,0
10721,1
10722,2
10723,1
10724,0
10725,0
10726,1
10727,1
10728,1
10729,1
10730,1
10731,1
10732,1
10733,0
10734,2
10735,2
10736,0
10737,1
10738,1
10739,2
10740,1
10741,0
10742,0
10743,0
10744,2
10745,1
10746,1
10747,0
10748,2
10749,2
10750,0
10751,2
10752,0
10753,1
10754,0
10755,1
10756,0
10757,2
10758,1
10759,1
10760,0
10761,2
10762,2
10763,2
10764,0
10765,0
10766,0
10767,0
10768,1
10769,2
10770,0
10771,0
10772,1
10773,2
10774,2
10775,1
10776,2
10777,2
10778,1
10779,1
10780,0
10781,1
10782,1
10783,2
10784,2
10785,2
10786,2
10787,2
10788,0
10789,0
10790,0
10791,0
10792,1
10793,0
10794,1
10795,2
10796,1
10797,0
10798,1
10799,1
10800,2
10801,2
10802,0
10803,0
10804,0
10805,0
10806,0
10807,2
10808,1
10809,2
10810,0
10811,0
10812,0
10813,0
10814,2
10815,0
10816,2
10817,0
10818,0
10819,0
10820,1
10821,0
10822,1
10823,0
10824,2
10825,0
10826,0
10827,1
10828,1
10829,0
10830,0
10831,2
10832,0
10833,2
10834,2
10835,0
10836,0
10837,0
10838,0
10839,0
10840,0
10841,0
10842,0
10843,1
10844,1
10845,1
10846,0
10847,0
10848,0
10849,2
10850,0
10851,0
10852,0
10853,0
10854,0
10855,1
10856,2
10857,2
10858,2
10859,2
10860,0
10861,1
10862,1
10863,2
10864,0
10865,0
10866,0
10867,0
10868,2
10869,1
10870,1
10871,0
10872,1
10873,2
10874,2
10875,1
10876,2
10877,2
10878,1
10879,1
10880,2
10881,1
10882,2
10883,1
10884,1
10885,2
10886,1
10887,0
10888,1
10889,0
10890,2
10891,0
10892,1
10893,1
10894,1
10895,0
10896,0
10897,0
10898,2
10899,0
10900,2
10901,0
10902,0
10903,0
10904,1
10905,1
10906,0
10907,1
10908,0
10909,2
10910,0
10911,2
10912,1
10913,0
10914,1
10915,0
10916,1
10917,2
10918,2
10919,2
10920,1
10921,0
10922,1
10923,1
10924,0
10925,0
10926,2
10927,1
10928,1
10929,2
10930,2
10931,2
10932,0
10933,0
10934,1
10935,1
10936,1
10937,0
10938,0
10939,0
10940,0
10941,1
10942,0
10943,0
10944,0
10945,1
10946,0
10947,0
10948,1
10949,0
10950,0
10951,1
10952,1
10953,0
10954,1
10955,2
10956,2
10957,1
10958,2
10959,1
10960,1
10961,0
10962,1
10963,0
10964,2
10965,0
10966,0
10967,0
10968,1
10969,1
10970,2
10971,1
10972,0
10973,1
10974,2
10975,1
10976,0
10977,2
10978,2
10979,2
10980,0
10981,0
10982,2
10983,0
10984,2
10985,2
10986,1
10987,2
10988,1
10989,2
10990,2
10991,0
10992,1
10993,0
10994,2
10995,0
10996,0
10997,0
10998,0
10999,1
11000,0
11001,2
11002,2
11003,0
11004,0
11005,0
11006,0
11007,2
11008,2
11009,0
11010,2
11011,0
11012,0
11013,2
11014,0
11015,1
11016,0
11017,1
11018,0
11019,1
11020,0
11021,1
11022,1
11023,1
11024,1
11025,1
11026,1
11027,0
11028,2
11029,1
11030,1
11031,0
11032,1
11033,0
11034,1
11035,1
11036,0
11037,1
11038,0
11039,2
11040,0
11041,2
11042,0
11043,0
11044,1
11045,1
11046,2
11047,1
11048,1
11049,0
11050,2
11051,1
11052,0
11053,1
11054,0
11055,1
11056,1
11057,1
11058,0
11059,0
11060,0
11061,0
11062,0
11063,2
11064,1
11065,0
11066,0
11067,1
11068,1
11069,1
11070,1
11071,1
11072,0
11073,0
11074,0
11075,0
11076,1
11077,0
11078,0
11079,1
11080,1
11081,2
11082,0
11083,1
11084,2
11085,0
11086,1
11087,0
11088,2
11089,0
11090,0
11091,1
11092,2
11093,2
11094,0
11095,1
11096,0
11097,0
11098,1
11099,0
11100,0
11101,0
11102,0
11103,2
11104,0
11105,1
11106,2
11107,2
11108,1
11109,1
11110,1
11111,0
11112,2
11113,1
11114,1
11115,1
11116,2
11117,1
11118,0
11119,1
11120,0
11121,2
11122,2
11123,1
11124,0
11125,2
11126,2
11127,0
11128,0
11129,0
11130,1
11131,0
11132,2
11133,2
11134,0
11135,1
11136,2
11137,1
11138,0
11139,0
11140,1
11141,0
11142,2
11143,1
11144,0
11145,0
11146,2
11147,1
11148,1
11149,1
11150,2
11151,2
11152,0
11153,2
11154,1
11155,1
11156,1
11157,0
11158,1
11159,1
11160,2
11161,0
11162,0
11163,0
11164,0
11165,2
11166,2
11167,0
11168,1
11169,2
11170,1
11171,1
11172,0
11173,0
11174,2
11175,1
11176,0
11177,1
11178,1
11179,1
11180,0
11181,0
11182,2
11183,1
11184,0
11185,2
11186,2
11187,2
11188,1
11189,0
11190,0
11191,0
11192,2
11193,2
11194,0
11195,0
11196,2
11197,0
11198,0
11199,0
11200,2
11201,0
11202,2
11203,1
11204,2
11205,1
11206,1
11207,0
11208,1
11209,0
11210,2
11211,1
11212,0
11213,1
11214,0
11215,0
11216,1
11217,0
11218,1
11219,0
11220,0
11221,0
11222,2
11223,2
11224,2
11225,0
11226,1
11227,1
11228,2
11229,0
11230,2
11231,2
11232,2
11233,1
11234,2
11235,2
11236,1
11237,0
11238,1
11239,0
11240,0
11241,0
11242,2
11243,2
11244,1
11245,2
11246,2
11247,2
11248,1
11249,1
11250,1
11251,2
11252,0
11253,2
11254,1
11255,0
11256,1
11257,0
11258,1
11259,0
11260,1
11261,0
11262,1
11263,0
11264,0
11265,1
11266,1
11267,2
11268,1
11269,0
11270,0
11271,1
11272,1
11273,0
11274,1
11275,1
11276,2
11277,1
11278,0
11279,2
11280,2
11281,2
11282,2
11283,0
11284,1
11285,2
11286,1
11287,1
11288,2
11289,2
11290,1
11291,1
11292,0
11293,2
11294,0
11295,1
11296,2
11297,2
11298,0
11299,2
11300,0
11301,1
11302,0
11303,1
11304,0
11305,1
11306,0
11307,1
11308,0
11309,0
11310,2
11311,0
11312,2
11313,1
11314,1
11315,2
11316,0
11317,1
11318,2
11319,2
11320,1
11321,1
11322,2
11323,2
11324,0
11325,1
11326,1
11327,1
11328,1
11329,0
11330,0
11331,1
11332,0
11333,1
11334,1
11335,2
11336,0
11337,2
11338,0
11339,2
11340,0
11341,1
11342,1
11343,0
11344,2
11345,2
11346,2
11347,1
11348,0
11349,1
11350,0
11351,1
11352,2
11353,0
11354,0
11355,0
11356,1
11357,0
11358,2
11359,1
11360,0
11361,0
11362,0
11363,0
11364,2
11365,0
11366,2
11367,0
11368,1
11369,0
11370,0
11371,0
11372,2
11373,0
11374,2
11375,0
11376,0
11377,1
11378,0
11379,0
11380,0
11381,2
11382,0
11383,1
11384,1
11385,0
11386,0
11387,1
11388,0
11389,1
11390,2
11391,0
11392,2
11393,1
11394,0
11395,0
11396,1
11397,0
11398,2
11399,0
11400,1
11401,2
11402,1
11403,2
11404,1
11405,0
11406,2
11407,2
11408,0
11409,0
11410,0
11411,0
11412,2
11413,1
11414,1
11415,0
11416,1
11417,1
11418,1
11419,1
11420,2
11421,0
11422,0
11423,2
11424,1
11425,1
11426,2
11427,2
11428,0
11429,1
11430,0
11431,0
11432,1
11433,1
11434,0
11435,0
11436,2
11437,0
11438,0
11439,2
11440,0
11441,0
11442,0
11443,1
11444,0
11445,2
11446,0
11447,2
11448,0
11449,2
11450,0
11451,0
11452,2
11453,2
11454,1
11455,0
11456,2
11457,0
11458,2
11459,1
11460,1
11461,0
11462,0
11463,2
11464,0
11465,0
11466,0
11467,0
11468,0
11469,0
11470,1
11471,0
11472,1
11473,2
11474,2
11475,0
11476,1
11477,2
11478,1
11479,1
11480,1
11481,0
11482,1
11483,0
11484,1
11485,0
11486,0
11487,0
11488,2
11489,1
11490,0
11491,0
11492,0
11493,2
11494,2
11495,0
11496,0
11497,0
11498,1
11499,0
11500,2
11501,0
11502,1
11503,0
11504,1
11505,0
11506,0
11507,2
11508,0
11509,2
11510,1
11511,0
11512,0
11513,0
11514,2
11515,2
11516,0
11517,0
11518,2
11519,1
11520,1
11521,1
11522,0
11523,1
11524,0
11525,1
11526,1
11527,2
11528,0
11529,2
11530,0
11531,0
11532,1
11533,1
11534,2
11535,2
11536,2
11537,2
11538,0
11539,1
11540,0
11541,0
11542,1
11543,2
11544,1
11545,1
11546,2
11547,1
11548,0
11549,2
11550,0
11551,0
11552,2
11553,0
11554,0
11555,0
11556,0
11557,0
11558,0
11559,2
11560,0
11561,1
11562,0
11563,0
11564,0
11565,0
11566,2
11567,1
11568,0
11569,2
11570,0
11571,0
11572,0
11573,0
11574,0
11575,2
11576,1
11577,1
11578,1
11579,2
11580,0
11581,0
11582,0
11583,0
11584,2
11585,0
11586,2
11587,0
11588,0
11589,1
11590,0
11591,0
11592,0
11593,0
11594,0
11595,0
11596,1
11597,1
11598,2
11599,0
11600,1
11601,0
11602,2
11603,2
11604,0
11605,1
11606,1
11607,0
11608,1
11609,2
11610,2
11611,1
11612,1
11613,1
11614,2
11615,0
11616,2
11617,0
11618,0
11619,0
11620,0
11621,0
11622,2
11623,2
11624,1
11625,2
11626,0
11627,0
11628,0
11629,0
11630,0
11631,1
11632,1
11633,2
11634,2
11635,0
11636,2
11637,0
11638,1
11639,1
11640,0
11641,1
11642,0
11643,1
11644,0
11645,2
11646,0
11647,0
11648,2
11649,2
11650,0
11651,0
11652,0
11653,0
11654,1
11655,2
11656,0
11657,0
11658,0
11659,0
11660,2
11661,2
11662,0
11663,1
11664,2
11665,0
11666,0
11667,1
11668,0
11669,1
11670,1
11671,0
11672,1
11673,0
11674,2
11675,0
11676,2
11677,0
11678,0
11679,0
11680,1
11681,0
11682,0
11683,0
11684,2
11685,2
11686,1
11687,2
11688,0
11689,0
11690,2
11691,0
11692,0
11693,1
11694,0
11695,1
11696,0
11697,1
11698,1
11699,0
11700,0
11701,1
11702,2
11703,0
11704,1
11705,1
11706,2
11707,0
11708,0
11709,1
11710,0
11711,0
11712,1
11713,1
11714,0
11715,1
11716,0
11717,1
11718,2
11719,2
11720,0
11721,1
11722,1
11723,2
11724,0
11725,0
11726,0
11727,2
11728,2
11729,2
11730,0
11731,0
11732,0
11733,2
11734,2
11735,0
11736,2
11737,1
11738,0
11739,0
11740,1
11741,1
11742,0
11743,1
11744,0
11745,1
11746,1
11747,0
11748,2
11749,0
11750,1
11751,2
11752,2
11753,1
11754,0
11755,0
11756,1
11757,2
11758,1
11759,2
11760,0
11761,2
11762,1
11763,2
11764,0
11765,2
11766,2
11767,1
11768,2
11769,1
11770,1
11771,1
11772,2
11773,2
11774,1
11775,0
11776,1
11777,0
11778,2
11779,2
11780,0
11781,1
11782,1
11783,0
11784,2
11785,0
11786,2
11787,0
11788,0
11789,0
11790,2
11791,1
11792,1
11793,0
11794,1
11795,0
11796,2
11797,0
11798,2
11799,0
11800,1
11801,0
11802,1
11803,1
11804,1
11805,0
11806,1
11807,0
11808,1
11809,2
11810,1
11811,1
11812,2
11813,1
11814,0
11815,0
11816,2
11817,1
11818,0
11819,0
11820,0
11821,1
11822,1
11823,0
11824,0
11825,1
11826,2
11827,0
11828,0
11829,0
11830,2
11831,1
11832,1
11833,2
11834,1
11835,0
11836,1
11837,0
11838,1
11839,0
11840,2
11841,1
11842,2
11843,0
11844,2
11845,2
11846,2
11847,0
11848,1
11849,0
11850,2
11851,0
11852,2
11853,0
11854,1
11855,1
11856,2
11857,2
11858,2
11859,0
11860,0
11861,0
11862,2
11863,2
11864,1
11865,1
11866,1
11867,1
11868,0
11869,2
11870,0
11871,1
11872,0
11873,2
11874,1
11875,1
11876,0
11877,1
11878,0
11879,2
11880,2
11881,2
11882,0
11883,0
11884,1
11885,0
11886,2
11887,2
11888,0
11889,0
11890,0
11891,0
11892,0
11893,0
11894,2
11895,1
11896,0
11897,0
11898,2
11899,2
11900,0
11901,1
11902,0
11903,1
11904,2
11905,0
11906,2
11907,1
11908,1
11909,1
11910,1
11911,1
11912,2
11913,0
11914,2
11915,2
11916,1
11917,0
11918,1
11919,2
11920,1
11921,0
11922,0
11923,0
11924,2
11925,0
11926,0
11927,0
11928,0
11929,0
11930,1
11931,0
11932,2
11933,2
11934,1
11935,1
11936,1
11937,0
11938,2
11939,0
11940,1
11941,0
11942,2
11943,1
11944,1
11945,1
11946,0
11947,1
11948,0
11949,2
11950,0
11951,0
11952,1
11953,2
11954,0
11955,2
11956,1
11957,1
11958,0
11959,0
11960,0
11961,1
11962,1
11963,1
11964,0
11965,0
11966,2
11967,0
11968,2
11969,1
11970,0
11971,0
11972,2
11973,0
11974,1
11975,0
11976,0
11977,1
11978,1
11979,0
11980,0
11981,0
11982,2
11983,1
11984,2
11985,0
11986,2
11987,1
11988,0
11989,0
11990,1
11991,2
11992,0
11993,2
11994,0
11995,0
11996,2
11997,1
11998,2
11999,0
12000,0
12001,0
12002,2
12003,0
12004,1
12005,2
12006,1
12007,2
12008,2
12009,0
12010,2
12011,1
12012,2
12013,0
12014,0
12015,1
12016,2
12017,1
12018,1
12019,0
12020,0
12021,2
12022,1
12023,0
12024,2
12025,1
12026,1
12027,1
12028,1
12029,2
12030,1
12031,0
12032,2
12033,2
12034,2
12035,1
12036,2
12037,2
12038,1
12039,0
12040,0
12041,1
12042,2
12043,0
12044,1
12045,0
12046,0
12047,0
12048,0
12049,0
12050,0
12051,0
12052,0
12053,2
12054,0
12055,0
12056,0
12057,0
12058,1
12059,1
12060,2
12061,2
12062,2
12063,0
12064,0
12065,0
12066,0
12067,1
12068,0
12069,1
12070,1
12071,2
12072,1
12073,2
12074,2
12075,0
12076,0
12077,0
12078,0
12079,2
12080,1
12081,0
12082,0
12083,0
12084,1
12085,2
12086,0
12087,0
12088,0
12089,0
12090,1
12091,0
12092,2
12093,0
12094,1
12095,1
12096,0
12097,0
12098,1
12099,2
12100,2
12101,1
12102,2
12103,2
12104,1
12105,0
12106,2
12107,0
12108,0
12109,1
12110,0
12111,0
12112,1
12113,0
12114,2
12115,0
12116,0
12117,1
12118,2
12119,2
12120,2
12121,0
12122,0
12123,2
12124,0
12125,0
12126,0
12127,1
12128,0
12129,1
12130,0
12131,0
12132,2
12133,1
12134,2
12135,0
12136,2
12137,0
12138,2
12139,1
12140,2
12141,2
12142,0
12143,2
12144,1
12145,1
12146,0
12147,1
12148,0
12149,1
12150,2
12151,1
12152,1
12153,2
12154,2
12155,0
12156,1
12157,1
12158,0
12159,2
12160,0
12161,0
12162,0
12163,1
12164,0
12165,2
12166,0
12167,2
12168,1
12169,1
12170,1
12171,0
12172,2
12173,1
12174,0
12175,0
12176,2
12177,0
12178,0
12179,0
12180,1
12181,0
12182,2
12183,2
12184,2
12185,2
12186,0
12187,0
12188,0
12189,0
12190,1
12191,2
12192,2
12193,1
12194,0
12195,2
12196,0
12197,0
12198,0
12199,0
12200,0
12201,1
12202,2
12203,2
12204,0
12205,0
12206,0
12207,1
12208,0
12209,2
12210,1
12211,2
12212,2
12213,0
12214,1
12215,0
12216,1
12217,0
12218,0
12219,2
12220,0
12221,0
12222,2
12223,1
12224,0
12225,1
12226,1
12227,0
12228,0
12229,2
12230,0
12231,1
12232,1
12233,2
12234,0
12235,0
12236,1
12237,2
12238,0
12239,0
12240,2
12241,2
12242,1
12243,0
12244,0
12245,0
12246,0
12247,1
12248,2
12249,2
12250,1
12251,0
12252,2
12253,2
12254,0
12255,0
12256,0
12257,0
12258,1
12259,0
12260,1
12261,0
12262,2
12263,2
12264,0
12265,0
12266,2
12267,0
12268,2
12269,0
12270,0
12271,0
12272,2
12273,1
12274,1
12275,0
12276,1
12277,2
12278,1
12279,0
12280,1
12281,2
12282,0
12283,2
12284,2
12285,0
12286,2
12287,0
12288,2
12289,0
12290,1
12291,2
12292,0
12293,2
12294,2
12295,0
12296,2
12297,2
12298,1
12299,2
12300,0
12301,0
12302,1
12303,2
12304,2
12305,2
12306,0
12307,2
12308,0
12309,1
12310,1
12311,0
12312,0
12313,2
12314,1
12315,2
12316,0
12317,2
12318,1
12319,2
12320,1
12321,2
12322,0
12323,0
12324,2
12325,2
12326,0
12327,0
12328,2
12329,2
12330,2
12331,2
12332,1
12333,2
12334,1
12335,0
12336,0
12337,1
12338,0
12339,0
12340,0
12341,0
12342,2
12343,0
12344,1
12345,0
12346,2
12347,1
12348,1
12349,1
12350,2
12351,0
12352,2
12353,2
12354,1
12355,0
12356,2
12357,2
12358,1
12359,2
12360,1
12361,2
12362,1
12363,1
12364,0
12365,1
12366,1
12367,1
12368,1
12369,0
12370,0
12371,0
12372,1
12373,1
12374,0
12375,2
12376,2
12377,2
12378,1
12379,0
12380,2
12381,0
12382,0
12383,1
12384,0
12385,0
12386,2
12387,0
12388,2
12389,2
12390,0
12391,0
12392,1
12393,1
12394,2
12395,1
12396,0
12397,0
12398,1
12399,1
12400,0
12401,0
12402,0
12403,0
12404,2
12405,0
12406,1
12407,2
12408,0
12409,2
12410,1
12411,1
12412,0
12413,2
12414,0
12415,0
12416,1
12417,0
12418,1
12419,2
12420,2
12421,0
12422,0
12423,2
12424,2
12425,0
12426,0
12427,0
12428,0
12429,1
12430,0
12431,0
12432,2
12433,1
12434,0
12435,0
12436,0
12437,1
12438,0
12439,0
12440,0
12441,1
12442,2
12443,0
12444,1
12445,0
12446,0
12447,1
12448,2
12449,0
12450,0
12451,2
12452,0
12453,2
12454,0
12455,1
12456,0
12457,1
12458,2
12459,2
12460,0
12461,2
12462,2
12463,1
12464,2
12465,1
12466,2
12467,1
12468,2
12469,1
12470,0
12471,2
12472,2
12473,2
12474,0
12475,2
12476,0
12477,0
12478,0
12479,1
12480,0
12481,0
12482,0
12483,0
12484,0
12485,0
12486,1
12487,2
12488,1
12489,0
12490,0
12491,2
12492,0
12493,1
12494,1
12495,2
12496,1
12497,2
12498,2
12499,1
12500,2
12501,0
12502,0
12503,2
12504,2
12505,1
12506,0
12507,0
12508,0
12509,1
12510,0
12511,2
12512,0
12513,2
12514,0
12515,0
12516,2
12517,1
12518,0
12519,1
12520,0
12521,0
12522,0
12523,0
12524,1
12525,2
12526,1
12527,0
12528,2
12529,1
12530,0
12531,1
12532,0
12533,1
12534,2
12535,0
12536,1
12537,0
12538,2
12539,0
12540,1
12541,1
12542,0
12543,0
12544,0
12545,0
12546,1
12547,2
12548,0
12549,1
12550,0
12551,1
12552,0
12553,2
12554,2
12555,1
12556,0
12557,2
12558,0
12559,0
12560,1
12561,1
12562,2
12563,1
12564,1
12565,2
12566,2
12567,0
12568,0
12569,1
12570,0
12571,1
12572,0
12573,0
12574,1
12575,0
12576,2
12577,1
12578,2
12579,0
12580,0
12581,2
12582,0
12583,0
12584,1
12585,0
12586,0
12587,0
12588,1
12589,2
12590,0
12591,0
12592,0
12593,2
12594,2
12595,0
12596,0
12597,0
12598,1
12599,0
12600,0
12601,2
12602,0
12603,2
12604,0
12605,2
12606,0
12607,0
12608,0
12609,0
12610,1
12611,0
12612,0
12613,0
12614,0
12615,2
12616,1
12617,1
12618,1
12619,0
12620,1
12621,1
12622,1
12623,0
12624,1
12625,1
12626,0
12627,0
12628,0
12629,2
12630,0
12631,1
12632,2
12633,0
12634,0
12635,1
12636,1
12637,0
12638,2
12639,0
12640,2
12641,2
12642,0
12643,1
12644,1
12645,1
12646,0
12647,2
12648,1
12649,1
12650,2
12651,1
12652,1
12653,0
12654,0
12655,0
12656,2
12657,1
12658,0
12659,0
12660,2
12661,0
12662,1
12663,0
12664,1
12665,1
12666,1
12667,2
12668,0
12669,0
12670,2
12671,1
12672,2
12673,2
12674,0
12675,0
12676,2
12677,0
12678,0
12679,0
12680,0
12681,0
12682,0
12683,0
12684,2
12685,2
12686,2
12687,2
12688,0
12689,0
12690,2
12691,0
12692,0
12693,0
12694,2
12695,2
12696,2
12697,0
12698,0
12699,2
12700,1
12701,0
12702,1
12703,0
12704,2
12705,0
12706,1
12707,2
12708,0
12709,0
12710,0
12711,0
12712,0
12713,1
12714,1
12715,0
12716,0
12717,0
12718,1
12719,1
12720,0
12721,2
12722,0
12723,0
12724,0
12725,2
12726,2
12727,0
12728,0
12729,0
12730,2
12731,2
12732,0
12733,2
12734,2
12735,1
12736,0
12737,0
12738,0
12739,0
12740,2
12741,1
12742,0
12743,1
12744,2
12745,0
12746,1
12747,1
12748,2
12749,0
12750,1
12751,2
12752,2
12753,0
12754,2
12755,2
12756,1
12757,0
12758,0
12759,2
12760,1
12761,2
12762,1
12763,0
12764,0
12765,1
12766,2
12767,0
12768,0
12769,2
12770,1
12771,1
12772,0
12773,1
12774,0
12775,1
12776,2
12777,1
12778,1
12779,0
12780,2
12781,2
12782,0
12783,0
12784,1
12785,0
12786,0
12787,0
12788,0
12789,2
12790,2
12791,2
12792,1
12793,0
12794,0
12795,0
12796,0
12797,1
12798,0
12799,2
12800,0
12801,2
12802,2
12803,0
12804,1
12805,0
12806,0
12807,0
12808,2
12809,1
12810,0
12811,0
12812,2
12813,1
12814,1
12815,1
12816,2
12817,0
12818,2
12819,1
12820,1
12821,1
12822,0
12823,0
12824,2
12825,1
12826,0
12827,1
12828,0
12829,0
12830,0
12831,1
12832,0
12833,0
12834,1
12835,0
12836,1
12837,1
12838,2
12839,1
12840,2
12841,1
12842,2
12843,0
12844,0
12845,1
12846,2
12847,1
12848,2
12849,0
12850,2
12851,0
12852,0
12853,2
12854,1
12855,0
12856,1
12857,2
12858,0
12859,2
12860,0
12861,0
12862,2
12863,2
12864,0
12865,1
12866,1
12867,0
12868,2
12869,0
12870,2
12871,2
12872,2
12873,2
12874,0
12875,0
12876,0
12877,0
12878,0
12879,0
12880,0
12881,2
12882,1
12883,0
12884,0
12885,1
12886,1
12887,0
12888,1
12889,1
12890,2
12891,0
12892,0
12893,1
12894,2
12895,2
12896,0
12897,0
12898,0
12899,0
12900,2
12901,1
12902,0
12903,1
12904,2
12905,0
12906,2
12907,2
12908,2
12909,0
12910,1
12911,1
12912,2
12913,2
12914,0
12915,0
12916,2
12917,1
12918,0
12919,2
12920,0
12921,0
12922,0
12923,0
12924,2
12925,0
12926,0
12927,0
12928,0
12929,1
12930,1
12931,2
12932,1
12933,0
12934,2
12935,2
12936,2
12937,2
12938,0
12939,1
12940,1
12941,1
12942,1
12943,2
12944,2
12945,1
12946,0
12947,1
12948,0
12949,0
12950,0
12951,1
12952,1
12953,1
12954,2
12955,1
12956,0
12957,1
12958,0
12959,2
12960,2
12961,2
12962,0
12963,2
12964,2
12965,0
12966,1
12967,1
12968,0
12969,0
12970,0
12971,0
12972,0
12973,0
12974,2
12975,2
12976,2
12977,1
12978,0
12979,2
12980,2
12981,2
12982,0
12983,0
12984,0
12985,0
12986,0
12987,0
12988,2
12989,1
12990,0
12991,0
12992,1
12993,0
12994,2
12995,2
12996,1
12997,0
12998,1
12999,0
13000,1
13001,0
13002,1
13003,0
13004,2
13005,0
13006,0
13007,0
13008,2
13009,0
13010,2
13011,0
13012,0
13013,1
13014,1
13015,0
13016,0
13017,2
13018,2
13019,0
13020,2
13021,1
13022,0
13023,0
13024,2
13025,0
13026,1
13027,2
13028,1
13029,2
13030,0
13031,2
13032,2
13033,0
13034,2
13035,0
13036,0
13037,1
13038,0
13039,1
13040,1
13041,2
13042,1
13043,1
13044,1
13045,0
13046,0
13047,1
13048,0
13049,1
13050,0
13051,0
13052,2
13053,2
13054,1
13055,1
13056,0
13057,0
13058,0
13059,2
13060,1
13061,0
13062,0
13063,0
13064,2
13065,2
13066,0
13067,2
13068,2
13069,1
13070,1
13071,1
13072,0
13073,1
13074,0
13075,1
13076,0
13077,1
13078,0
13079,1
13080,2
13081,1
13082,0
13083,1
13084,2
13085,0
13086,2
13087,0
13088,0
13089,0
13090,0
13091,2
13092,0
13093,1
13094,1
13095,0
13096,0
13097,1
13098,0
13099,2
13100,0
13101,2
13102,1
13103,0
13104,2
13105,1
13106,2
13107,0
13108,1
13109,0
13110,0
13111,1
13112,1
13113,2
13114,0
13115,0
13116,0
13117,2
13118,0
13119,0
13120,2
13121,1
13122,2
13123,1
13124,0
13125,1
13126,2
13127,2
13128,0
13129,0
13130,1
13131,0
13132,0
13133,1
13134,2
13135,1
13136,1
13137,1
13138,1
13139,1
13140,2
13141,0
13142,1
13143,1
13144,1
13145,2
13146,2
13147,1
13148,2
13149,0
13150,1
13151,2
13152,2
13153,2
13154,0
13155,2
13156,1
13157,2
13158,0
13159,1
13160,2
13161,1
13162,2
13163,1
13164,0
13165,0
13166,2
13167,0
13168,0
13169,0
13170,0
13171,2
13172,1
13173,1
13174,0
13175,1
13176,0
13177,1
13178,0
13179,1
13180,1
13181,0
13182,0
13183,2
13184,2
13185,0
13186,2
13187,0
13188,2
13189,0
13190,0
13191,2
13192,2
13193,0
13194,0
13195,2
13196,1
13197,1
13198,1
13199,1
13200,2
13201,1
13202,2
13203,2
13204,0
13205,0
13206,0
13207,1
13208,0
13209,1
13210,0
13211,0
13212,0
13213,1
13214,2
13215,2
13216,2
13217,0
13218,2
13219,1
13220,2
13221,1
13222,2
13223,1
13224,2
13225,2
13226,2
13227,2
13228,0
13229,0
13230,2
13231,2
13232,1
13233,2
13234,0
13235,0
13236,2
13237,0
13238,0
13239,2
13240,0
13241,0
13242,2
13243,1
13244,2
13245,2
13246,1
13247,0
13248,2
13249,2
13250,0
13251,0
13252,0
13253,2
13254,2
13255,2
13256,2
13257,0
13258,2
13259,0
13260,2
13261,0
13262,0
13263,2
13264,1
13265,0
13266,0
13267,0
13268,1
13269,0
13270,2
13271,1
13272,0
13273,1
13274,0
13275,1
13276,1
13277,2
13278,0
13279,0
13280,0
13281,1
13282,1
13283,0
13284,0
13285,0
13286,2
13287,1
13288,2
13289,0
13290,1
13291,0
13292,0
13293,1
13294,0
13295,2
13296,0
13297,1
13298,0
13299,0
13300,1
13301,1
13302,0
13303,1
13304,0
13305,1
13306,0
13307,0
13308,1
13309,1
13310,0
13311,2
13312,0
13313,0
13314,2
13315,1
13316,0
13317,1
13318,0
13319,2
13320,2
13321,2
13322,2
13323,0
13324,2
13325,1
13326,0
13327,0
13328,0
13329,1
13330,1
13331,0
13332,1
13333,1
13334,1
13335,0
13336,2
13337,0
13338,1
13339,0
13340,0
13341,2
13342,0
13343,0
13344,2
13345,0
13346,0
13347,1
13348,0
13349,2
13350,1
13351,2
13352,1
13353,0
13354,2
13355,0
13356,1
13357,2
13358,1
13359,2
13360,0
13361,2
13362,1
13363,0
13364,1
13365,2
13366,1
13367,1
13368,0
13369,1
13370,2
13371,0
13372,0
13373,1
13374,2
13375,2
13376,2
13377,0
13378,2
13379,1
13380,0
13381,2
13382,0
13383,2
13384,1
13385,0
13386,1
13387,1
13388,0
13389,1
13390,2
13391,1
13392,2
13393,2
13394,0
13395,0
13396,0
13397,1
13398,0
13399,2
13400,2
13401,0
13402,2
13403,2
13404,1
13405,1
13406,0
13407,0
13408,2
13409,2
13410,0
13411,0
13412,2
13413,1
13414,0
13415,2
13416,0
13417,1
13418,2
13419,0
13420,1
13421,1
13422,0
13423,0
13424,2
13425,1
13426,1
13427,0
13428,0
13429,0
13430,2
13431,0
13432,2
13433,2
13434,2
13435,2
13436,0
13437,0
13438,0
13439,1
13440,1
13441,1
13442,2
13443,0
13444,1
13445,0
13446,0
13447,1
13448,0
13449,0
13450,0
13451,2
13452,0
13453,1
13454,1
13455,1
13456,2
13457,0
13458,0
13459,2
13460,2
13461,0
13462,0
13463,0
13464,2
13465,1
13466,1
13467,0
13468,2
13469,2
13470,0
13471,2
13472,2
13473,2
13474,1
13475,0
13476,0
13477,1
13478,0
13479,1
13480,0
13481,0
13482,2
13483,2
13484,2
13485,2
13486,0
13487,2
13488,1
13489,2
13490,1
13491,0
13492,2
13493,1
13494,2
13495,1
13496,2
13497,0
13498,1
13499,0
13500,0
13501,2
13502,2
13503,0
13504,2
13505,0
13506,1
13507,1
13508,1
13509,2
13510,2
13511,0
13512,2
13513,0
13514,2
13515,1
13516,1
13517,2
13518,0
13519,1
13520,2
13521,1
13522,2
13523,0
13524,1
13525,1
13526,2
13527,2
13528,0
13529,0
13530,2
13531,2
13532,0
13533,0
13534,0
13535,2
13536,1
13537,0
13538,2
13539,2
13540,2
13541,1
13542,0
13543,0
13544,2
13545,2
13546,0
13547,1
13548,1
13549,0
13550,2
13551,1
13552,2
13553,0
13554,2
13555,0
13556,0
13557,2
13558,0
13559,0
13560,1
13561,1
13562,1
13563,0
13564,0
13565,0
13566,0
13567,1
13568,2
13569,0
13570,2
13571,1
13572,2
13573,2
13574,0
13575,0
13576,2
13577,2
13578,1
13579,1
13580,1
13581,1
13582,0
13583,1
13584,2
13585,2
13586,1
13587,2
13588,0
13589,1
13590,2
13591,0
13592,1
13593,0
13594,1
13595,1
13596,1
13597,1
13598,0
13599,0
13600,2
13601,1
13602,2
13603,1
13604,2
13605,0
13606,2
13607,0
13608,2
13609,1
13610,1
13611,2
13612,1
13613,2
13614,2
13615,1
13616,0
13617,1
13618,1
13619,2
13620,0
13621,1
13622,1
13623,1
13624,2
13625,0
13626,2
13627,1
13628,2
13629,2
13630,0
13631,1
13632,2
13633,2
13634,2
13635,2
13636,1
13637,2
13638,2
13639,0
13640,0
13641,0
13642,1
13643,0
13644,0
13645,1
13646,0
13647,1
13648,1
13649,0
13650,0
13651,1
13652,0
13653,0
13654,1
13655,0
13656,2
13657,2
13658,2
13659,1
13660,1
13661,2
13662,1
13663,0
13664,2
13665,2
13666,2
13667,0
13668,0
13669,0
13670,2
13671,1
13672,0
13673,0
13674,0
13675,1
13676,0
13677,2
13678,1
13679,1
13680,0
13681,1
13682,0
13683,1
13684,0
13685,0
13686,2
13687,0
13688,0
13689,0
13690,0
13691,1
13692,0
13693,0
13694,1
13695,1
13696,1
13697,1
13698,0
13699,1
13700,0
13701,1
13702,1
13703,0
13704,1
13705,0
13706,0
13707,1
13708,0
13709,1
13710,1
13711,1
13712,0
13713,2
13714,2
13715,2
13716,1
13717,0
13718,0
13719,1
13720,2
13721,0
13722,1
13723,1
13724,1
13725,0
13726,1
13727,1
13728,2
13729,2
13730,1
13731,2
13732,0
13733,1
13734,0
13735,0
13736,2
13737,2
13738,2
13739,0
13740,1
13741,1
13742,0
13743,0
13744,2
13745,0
13746,0
13747,2
13748,2
13749,1
13750,1
13751,1
13752,1
13753,0
13754,2
13755,0
13756,0
13757,1
13758,0
13759,1
13760,2
13761,0
13762,1
13763,1
13764,1
13765,1
13766,2
13767,0
13768,0
13769,0
13770,0
13771,0
13772,2
13773,1
13774,2
13775,2
13776,1
13777,0
13778,2
13779,0
13780,1
13781,1
13782,0
13783,1
13784,0
13785,0
13786,0
13787,0
13788,0
13789,0
13790,2
13791,2
13792,0
13793,0
13794,0
13795,1
13796,0
13797,1
13798,0
13799,2
13800,0
13801,2
13802,2
13803,2
13804,0
13805,1
13806,1
13807,0
13808,1
13809,1
13810,2
13811,2
13812,2
13813,0
13814,2
13815,2
13816,2
13817,1
13818,0
13819,1
13820,1
13821,2
13822,0
13823,2
13824,2
13825,2
13826,0
13827,1
13828,0
13829,0
13830,2
13831,1
13832,0
13833,2
13834,2
13835,0
13836,0
13837,2
13838,2
13839,1
13840,1
13841,1
13842,2
13843,0
13844,2
13845,0
13846,0
13847,1
13848,0
13849,0
13850,0
13851,1
13852,0
13853,0
13854,1
13855,2
13856,0
13857,0
13858,0
13859,1
13860,0
13861,1
13862,2
13863,1
13864,2
13865,2
13866,0
13867,2
13868,0
13869,0
13870,1
13871,0
13872,2
13873,2
13874,2
13875,0
13876,0
13877,0
13878,2
13879,2
13880,2
13881,0
13882,2
13883,0
13884,1
13885,1
13886,2
13887,2
13888,2
13889,1
13890,0
13891,0
13892,2
13893,0
13894,2
13895,0
13896,0
13897,0
13898,0
13899,0
13900,2
13901,1
13902,0
13903,0
13904,2
13905,0
13906,2
13907,1
13908,1
13909,2
13910,1
13911,2
13912,2
13913,2
13914,1
13915,0
13916,2
13917,1
13918,0
13919,2
13920,1
13921,1
13922,1
13923,2
13924,1
13925,2
13926,0
13927,2
13928,1
13929,1
13930,1
13931,0
13932,0
13933,0
13934,2
13935,0
13936,1
13937,2
13938,0
13939,0
13940,2
13941,2
13942,2
13943,1
13944,0
13945,0
13946,0
13947,0
13948,0
13949,0
13950,2
13951,0
13952,0
13953,0
13954,2
13955,0
13956,0
13957,0
13958,1
13959,1
13960,0
13961,2
13962,0
13963,2
13964,0
13965,0
13966,2
13967,2
13968,1
13969,2
13970,2
13971,0
13972,2
13973,1
13974,2
13975,1
13976,0
13977,0
13978,0
13979,2
13980,2
13981,1
13982,0
13983,2
13984,2
13985,2
13986,2
13987,0
13988,2
13989,0
13990,1
13991,0
13992,1
13993,1
13994,1
13995,1
13996,1
13997,0
13998,2
13999,0
14000,1
14001,2
14002,0
14003,2
14004,0
14005,1
14006,2
14007,1
14008,0
14009,2
14010,0
14011,1
14012,0
14013,0
14014,0
14015,1
14016,0
14017,1
14018,1
14019,0
14020,0
14021,0
14022,0
14023,2
14024,1
14025,0
14026,2
14027,1
14028,0
14029,0
14030,1
14031,2
14032,1
14033,0
14034,1
14035,2
14036,0
14037,1
14038,0
14039,2
14040,2
14041,2
14042,0
14043,2
14044,0
14045,0
14046,2
14047,0
14048,0
14049,1
14050,1
14051,1
14052,1
14053,2
14054,2
14055,2
14056,0
14057,1
14058,1
14059,0
14060,0
14061,0
14062,1
14063,0
14064,0
14065,2
14066,0
14067,1
14068,0
14069,0
14070,2
14071,0
14072,2
14073,0
14074,0
14075,1
14076,1
14077,2
14078,1
14079,0
14080,0
14081,0
14082,0
14083,0
14084,0
14085,2
14086,2
14087,2
14088,2
14089,1
14090,2
14091,2
14092,0
14093,0
14094,2
14095,0
14096,0
14097,0
14098,1
14099,0
14100,2
14101,0
14102,0
14103,1
14104,2
14105,0
14106,1
14107,0
14108,1
14109,0
14110,2
14111,0
14112,0
14113,1
14114,0
14115,0
14116,2
14117,0
14118,2
14119,2
14120,0
14121,1
14122,1
14123,1
14124,0
14125,2
14126,1
14127,2
14128,2
14129,0
14130,0
14131,1
14132,2
14133,2
14134,0
14135,2
14136,0
14137,0
14138,2
14139,0
14140,2
14141,2
14142,1
14143,0
14144,0
14145,0
14146,0
14147,2
14148,0
14149,2
14150,0
14151,0
14152,2
14153,0
14154,1
14155,0
14156,1
14157,2
14158,0
14159,0
14160,1
14161,0
14162,0
14163,2
14164,0
14165,0
14166,0
14167,1
14168,0
14169,0
14170,0
14171,0
14172,1
14173,0
14174,2
14175,0
14176,0
14177,0
14178,2
14179,1
14180,0
14181,0
14182,2
14183,2
14184,0
14185,1
14186,0
14187,0
14188,0
14189,2
14190,2
14191,0
14192,2
14193,0
14194,2
14195,2
14196,0
14197,1
14198,2
14199,0
14200,0
14201,0
14202,2
14203,0
14204,0
14205,0
14206,1
14207,0
14208,1
14209,1
14210,0
14211,1
14212,0
14213,2
14214,1
14215,1
14216,2
14217,2
14218,2
14219,0
14220,2
14221,0
14222,1
14223,2
14224,1
14225,2
14226,2
14227,0
14228,1
14229,2
14230,2
14231,2
14232,0
14233,2
14234,1
14235,2
14236,1
14237,2
14238,0
14239,0
14240,0
14241,0
14242,2
14243,2
14244,0
14245,1
14246,0
14247,1
14248,1
14249,0
14250,2
14251,1
14252,2
14253,1
14254,0
14255,0
14256,2
14257,0
14258,2
14259,1
14260,2
14261,2
14262,1
14263,1
14264,0
14265,0
14266,1
14267,1
14268,1
14269,1
14270,2
14271,0
14272,2
14273,0
14274,1
14275,0
14276,1
14277,0
14278,0
14279,0
14280,2
14281,0
14282,0
14283,1
14284,2
14285,0
14286,0
14287,1
14288,1
14289,0
14290,1
14291,1
14292,1
14293,0
14294,0
14295,2
14296,2
14297,0
14298,2
14299,0
14300,1
14301,0
14302,1
14303,0
14304,1
14305,2
14306,0
14307,2
14308,0
14309,0
14310,0
14311,0
14312,1
14313,1
14314,2
14315,1
14316,0
14317,0
14318,1
14319,2
14320,1
14321,1
14322,1
14323,1
14324,0
14325,1
14326,0
14327,1
14328,2
14329,0
14330,1
14331,1
14332,0
14333,2
14334,0
14335,0
14336,0
14337,0
14338,1
14339,2
14340,2
14341,1
14342,0
14343,0
14344,0
14345,0
14346,0
14347,0
14348,0
14349,2
14350,0
14351,1
14352,0
14353,0
14354,1
14355,1
14356,1
14357,0
14358,1
14359,0
14360,2
14361,0
14362,2
14363,0
14364,2
14365,2
14366,0
14367,1
14368,1
14369,2
14370,0
14371,1
14372,0
14373,1
14374,1
14375,0
14376,0
14377,1
14378,2
14379,0
14380,0
14381,2
14382,0
14383,1
14384,2
14385,0
14386,2
14387,2
14388,2
14389,2
14390,2
14391,2
14392,0
14393,2
14394,0
14395,1
14396,2
14397,0
14398,0
14399,1
14400,0
14401,2
14402,1
14403,2
14404,1
14405,0
14406,0
14407,2
14408,2
14409,0
14410,2
14411,1
14412,1
14413,0
14414,0
14415,0
14416,2
14417,2
14418,0
14419,0
14420,2
14421,1
14422,0
14423,0
14424,2
14425,2
14426,0
14427,0
14428,0
14429,2
14430,0
14431,1
14432,0
14433,2
14434,0
14435,1
14436,1
14437,1
14438,1
14439,0
14440,1
14441,1
14442,2
14443,2
14444,1
14445,2
14446,0
14447,1
14448,2
14449,2
14450,2
14451,1
14452,2
14453,2
14454,1
14455,0
14456,0
14457,0
14458,0
14459,2
14460,1
14461,1
14462,0
14463,1
14464,0
14465,0
14466,2
14467,2
14468,0
14469,0
14470,1
14471,0
14472,2
14473,2
14474,2
14475,1
14476,0
14477,0
14478,0
14479,0
14480,0
14481,1
14482,1
14483,2
14484,2
14485,2
14486,1
14487,2
14488,2
14489,0
14490,2
14491,0
14492,1
14493,2
14494,0
14495,0
14496,1
14497,0
14498,1
14499,0
14500,0
14501,2
14502,1
14503,1
14504,0
14505,2
14506,1
14507,1
14508,2
14509,0
14510,0
14511,0
14512,0
14513,0
14514,1
14515,2
14516,1
14517,1
14518,1
14519,0
14520,0
14521,0
14522,1
14523,1
14524,2
14525,2
14526,0
14527,0
14528,0
14529,0
14530,0
14531,1
14532,1
14533,1
14534,2
14535,0
14536,1
14537,2
14538,1
14539,1
14540,2
14541,0
14542,0
14543,0
14544,1
14545,1
14546,1
14547,0
14548,1
14549,1
14550,2
14551,2
14552,1
14553,0
14554,2
14555,0
14556,1
14557,0
14558,2
14559,1
14560,1
14561,2
14562,2
14563,2
14564,2
14565,1
14566,0
14567,2
14568,2
14569,1
14570,2
14571,2
14572,2
14573,0
14574,2
14575,1
14576,2
14577,2
14578,2
14579,0
14580,2
14581,0
14582,1
14583,1
14584,0
14585,1
14586,0
14587,2
14588,1
14589,2
14590,1
14591,0
14592,1
14593,1
14594,1
14595,2
14596,0
14597,1
14598,0
14599,1
14600,0
14601,2
14602,1
14603,2
14604,1
14605,2
14606,2
14607,0
14608,0
14609,1
14610,0
14611,2
14612,2
14613,1
14614,0
14615,2
14616,0
14617,1
14618,2
14619,2
14620,0
14621,0
14622,1
14623,2
14624,0
14625,2
14626,1
14627,2
14628,0
14629,1
14630,0
14631,2
14632,0
14633,0
14634,1
14635,2
14636,2
14637,1
14638,0
14639,2
14640,0
14641,1
14642,0
14643,1
14644,2
14645,2
14646,0
14647,1
14648,0
14649,0
14650,2
14651,1
14652,2
14653,0
14654,1
14655,0
14656,1
14657,2
14658,1
14659,2
14660,1
14661,2
14662,0
14663,1
14664,0
14665,0
14666,2
14667,0
14668,0
14669,2
14670,0
14671,2
14672,0
14673,1
14674,0
14675,1
14676,2
14677,1
14678,1
14679,1
14680,2
14681,0
14682,0
14683,1
14684,1
14685,2
14686,0
14687,0
14688,2
14689,0
14690,1
14691,0
14692,1
14693,0
14694,1
14695,0
14696,1
14697,1
14698,2
14699,0
14700,0
14701,2
14702,2
14703,0
14704,0
14705,0
14706,0
14707,1
14708,1
14709,1
14710,0
14711,0
14712,1
14713,0
14714,0
14715,1
14716,1
14717,2
14718,0
14719,0
14720,1
14721,0
14722,2
14723,0
14724,0
14725,1
14726,2
14727,1
14728,1
14729,0
14730,0
14731,0
14732,0
14733,0
14734,1
14735,2
14736,0
14737,2
14738,2
14739,0
14740,2
14741,0
14742,0
14743,1
14744,2
14745,1
14746,1
14747,2
14748,1
14749,0
14750,1
14751,0
14752,2
14753,0
14754,2
14755,2
14756,0
14757,1
14758,1
14759,1
14760,0
14761,1
14762,1
14763,1
14764,0
14765,0
14766,0
14767,2
14768,1
14769,1
14770,0
14771,0
14772,0
14773,0
14774,2
14775,2
14776,0
14777,1
14778,1
14779,2
14780,0
14781,2
14782,2
14783,0
14784,1
14785,0
14786,0
14787,2
14788,0
14789,1
14790,1
14791,0
14792,0
14793,0
14794,2
14795,0
14796,1
14797,0
14798,1
14799,0
14800,0
14801,0
14802,2
14803,0
14804,1
14805,1
14806,1
14807,0
14808,1
14809,1
14810,1
14811,0
14812,1
14813,0
14814,2
14815,0
14816,0
14817,1
14818,1
14819,2
14820,0
14821,0
14822,1
14823,2
14824,2
14825,0
14826,2
14827,2
14828,0
14829,2
14830,1
14831,1
14832,0
14833,1
14834,0
14835,2
14836,0
14837,1
14838,0
14839,1
14840,2
14841,1
14842,2
14843,0
14844,0
14845,1
14846,1
14847,0
14848,2
14849,1
14850,0
14851,1
14852,0
14853,2
14854,0
14855,0
14856,0
14857,0
14858,2
14859,1
14860,0
14861,0
14862,2
14863,0
14864,2
14865,0
14866,1
14867,2
14868,0
14869,0
14870,2
14871,0
14872,2
14873,2
14874,0
14875,2
14876,0
14877,2
14878,0
14879,2
14880,2
14881,0
14882,0
14883,2
14884,0
14885,0
14886,2
14887,2
14888,0
14889,1
14890,2
14891,0
14892,2
14893,1
14894,2
14895,2
14896,0
14897,2
14898,2
14899,0
14900,0
14901,1
14902,0
14903,0
14904,2
14905,0
14906,1
14907,2
14908,0
14909,0
14910,0
14911,0
14912,2
14913,0
14914,1
14915,2
14916,2
14917,0
14918,2
14919,0
14920,0
14921,2
14922,2
14923,0
14924,0
14925,1
14926,2
14927,0
14928,2
14929,1
14930,0
14931,1
14932,2
14933,1
14934,0
14935,2
14936,2
14937,0
14938,1
14939,1
14940,0
14941,2
14942,2
14943,0
14944,1
14945,0
14946,0
14947,0
14948,1
14949,0
14950,1
14951,0
14952,2
14953,1
14954,2
14955,2
14956,1
14957,0
14958,1
14959,2
14960,0
14961,0
14962,0
14963,0
14964,0
14965,0
14966,2
14967,1
14968,0
14969,2
14970,1
14971,2
14972,2
14973,0
14974,0
14975,2
14976,2
14977,0
14978,0
14979,0
14980,0
14981,1
14982,0
14983,1
14984,0
14985,0
14986,0
14987,2
14988,0
14989,0
14990,2
14991,1
14992,1
14993,2
14994,2
14995,1
14996,1
14997,2
14998,0
14999,1
15000,0
15001,2
15002,2
15003,2
15004,1
15005,2
15006,2
15007,2
15008,2
15009,1
15010,1
15011,0
15012,2
15013,2
15014,1
15015,0
15016,0
15017,0
15018,0
15019,0
15020,1
15021,2
15022,0
15023,2
15024,2
15025,2
15026,0
15027,0
15028,2
15029,1
15030,0
15031,0
15032,1
15033,1
15034,2
15035,0
15036,1
15037,2
15038,1
15039,0
15040,1
15041,0
15042,0
15043,0
15044,0
15045,0
15046,1
15047,0
15048,2
15049,2
15050,2
15051,1
15052,0
15053,0
15054,1
15055,1
15056,2
15057,2
15058,0
15059,2
15060,2
15061,1
15062,2
15063,0
15064,2
15065,2
15066,2
15067,0
15068,1
15069,0
15070,1
15071,0
15072,0
15073,1
15074,1
15075,1
15076,2
15077,2
15078,0
15079,0
15080,0
15081,0
15082,2
15083,1
15084,1
15085,0
15086,2
15087,0
15088,1
15089,1
15090,1
15091,0
15092,2
15093,0
15094,0
15095,1
15096,2
15097,1
15098,0
15099,2
15100,0
15101,0
15102,0
15103,1
15104,2
15105,2
15106,2
15107,2
15108,2
15109,1
15110,0
15111,1
15112,2
15113,2
15114,2
15115,1
15116,0
15117,2
15118,0
15119,0
15120,2
15121,0
15122,0
15123,1
15124,2
15125,2
15126,2
15127,0
15128,2
15129,2
15130,0
15131,0
15132,1
15133,0
15134,2
15135,0
15136,0
15137,1
15138,0
15139,2
15140,0
15141,0
15142,2
15143,0
15144,0
15145,0
15146,2
15147,0
15148,0
15149,0
15150,1
15151,2
15152,0
15153,0
15154,0
15155,1
15156,0
15157,1
15158,1
15159,2
15160,2
15161,0
15162,2
15163,2
15164,0
15165,2
15166,1
15167,1
15168,1
15169,1
15170,2
15171,0
15172,1
15173,0
15174,2
15175,2
15176,0
15177,2
15178,1
15179,1
15180,2
15181,0
15182,0
15183,2
15184,1
15185,0
15186,1
15187,1
15188,0
15189,0
15190,0
15191,0
15192,1
15193,0
15194,0
15195,1
15196,1
15197,1
15198,0
15199,2
15200,1
15201,0
15202,2
15203,0
15204,2
15205,0
15206,0
15207,1
15208,2
15209,1
15210,0
15211,1
15212,0
15213,0
15214,2
15215,0
15216,0
15217,0
15218,1
15219,0
15220,0
15221,2
15222,1
15223,0
15224,2
15225,0
15226,1
15227,1
15228,0
15229,2
15230,0
15231,2
15232,2
15233,1
15234,2
15235,0
15236,2
15237,0
15238,1
15239,0
15240,2
15241,0
15242,1
15243,0
15244,2
15245,0
15246,0
15247,2
15248,1
15249,1
15250,1
15251,0
15252,1
15253,0
15254,0
15255,1
15256,0
15257,0
15258,0
15259,1
15260,0
15261,1
15262,0
15263,0
15264,1
15265,2
15266,0
15267,0
15268,1
15269,0
15270,0
15271,1
15272,1
15273,2
15274,2
15275,0
15276,0
15277,0
15278,0
15279,0
15280,2
15281,1
15282,0
15283,0
15284,2
15285,0
15286,0
15287,2
15288,1
15289,0
15290,2
15291,1
15292,1
15293,2
15294,0
15295,1
15296,2
15297,0
15298,0
15299,0
15300,0
15301,2
15302,2
15303,0
15304,0
15305,2
15306,0
15307,0
15308,1
15309,2
15310,2
15311,1
15312,0
15313,2
15314,0
15315,2
15316,1
15317,2
15318,2
15319,0
15320,0
15321,0
15322,1
15323,0
15324,2
15325,2
15326,2
15327,2
15328,2
15329,0
15330,0
15331,0
15332,1
15333,1
15334,2
15335,1
15336,2
15337,2
15338,2
15339,2
15340,2
15341,2
15342,1
15343,1
15344,1
15345,0
15346,1
15347,2
15348,2
15349,0
15350,0
15351,1
15352,1
15353,0
15354,1
15355,0
15356,2
15357,2
15358,0
15359,0
15360,2
15361,2
15362,0
15363,1
15364,1
15365,1
15366,1
15367,2
15368,1
15369,0
15370,2
15371,0
15372,2
15373,0
15374,1
15375,0
15376,1
15377,0
15378,0
15379,2
15380,0
15381,1
15382,2
15383,2
15384,1
15385,1
15386,2
15387,0
15388,1
15389,2
15390,1
15391,1
15392,0
15393,2
15394,2
15395,0
15396,1
15397,1
15398,1
15399,0
15400,2
15401,1
15402,2
15403,0
15404,0
15405,0
15406,0
15407,2
15408,1
15409,0
15410,1
15411,2
15412,1
15413,2
15414,2
15415,0
15416,2
15417,1
15418,2
15419,2
15420,0
15421,2
15422,0
15423,1
15424,1
15425,0
15426,1
15427,2
15428,1
15429,0
15430,0
15431,0
15432,2
15433,0
15434,2
15435,1
15436,0
15437,1
15438,1
15439,2
15440,2
15441,2
15442,1
15443,0
15444,2
15445,0
15446,0
15447,2
15448,2
15449,2
15450,1
15451,2
15452,0
15453,0
15454,0
15455,1
15456,2
15457,2
15458,1
15459,0
15460,0
15461,0
15462,0
15463,2
15464,1
15465,1
15466,1
15467,2
15468,2
15469,0
15470,2
15471,1
15472,2
15473,2
15474,0
15475,0
15476,1
15477,2
15478,1
15479,0
15480,1
15481,2
15482,2
15483,0
15484,0
15485,1
15486,0
15487,1
15488,2
15489,1
15490,1
15491,2
15492,1
15493,1
15494,0
15495,0
15496,0
15497,2
15498,0
15499,0
15500,1
15501,0
15502,2
15503,1
15504,0
15505,1
15506,0
15507,2
15508,0
15509,0
15510,2
15511,0
15512,1
15513,2
15514,1
15515,0
15516,1
15517,0
15518,2
15519,0
15520,0
15521,1
15522,0
15523,2
15524,0
15525,1
15526,2
15527,0
15528,2
15529,0
15530,2
15531,0
15532,1
15533,2
15534,2
15535,1
15536,0
15537,2
15538,2
15539,0
15540,0
15541,1
15542,1
15543,0
15544,1
15545,1
15546,1
15547,0
15548,0
15549,2
15550,0
15551,2
15552,0
15553,2
15554,1
15555,0
15556,1
15557,0
15558,1
15559,2
15560,2
15561,2
15562,0
15563,0
15564,0
15565,0
15566,2
15567,2
15568,2
15569,1
15570,2
15571,0
15572,0
15573,1
15574,0
15575,0
15576,0
15577,0
15578,0
15579,0
15580,0
15581,1
15582,1
15583,2
15584,0
15585,0
15586,2
15587,2
15588,2
15589,0
15590,1
15591,1
15592,0
15593,1
15594,0
15595,0
15596,2
15597,0
15598,0
15599,2
15600,0
15601,2
15602,2
15603,1
15604,2
15605,1
15606,0
15607,2
15608,1
15609,1
15610,2
15611,2
15612,2
15613,0
15614,1
15615,2
15616,1
15617,0
15618,2
15619,1
15620,0
15621,0
15622,2
15623,2
15624,0
15625,2
15626,2
15627,1
15628,2
15629,0
15630,1
15631,2
15632,2
15633,1
15634,2
15635,0
15636,0
15637,0
15638,0
15639,0
15640,1
15641,0
15642,2
15643,2
15644,0
15645,2
15646,0
15647,0
15648,0
15649,0
15650,0
15651,1
15652,1
15653,2
15654,2
15655,1
15656,0
15657,0
15658,1
15659,0
15660,0
15661,0
15662,0
15663,0
15664,2
15665,0
15666,0
15667,0
15668,0
15669,0
15670,0
15671,0
15672,2
15673,2
15674,0
15675,2
15676,0
15677,0
15678,0
15679,0
15680,2
15681,2
15682,0
15683,2
15684,1
15685,0
15686,1
15687,1
15688,2
15689,2
15690,0
15691,2
15692,2
15693,0
15694,0
15695,0
15696,1
15697,2
15698,2
15699,1
15700,0
15701,0
15702,0
15703,0
15704,0
15705,2
15706,0
15707,2
15708,2
15709,1
15710,0
15711,2
15712,2
15713,0
15714,2
15715,1
15716,1
15717,2
15718,1
15719,1
15720,1
15721,2
15722,2
15723,2
15724,0
15725,0
15726,1
15727,1
15728,0
15729,2
15730,0
15731,1
15732,2
15733,2
15734,2
15735,0
15736,0
15737,2
15738,2
15739,1
15740,0
15741,2
15742,2
15743,0
15744,2
15745,0
15746,2
15747,2
15748,2
15749,1
15750,2
15751,2
15752,2
15753,0
15754,2
15755,2
15756,1
15757,1
15758,2
15759,1
15760,0
15761,1
15762,0
15763,0
15764,0
15765,1
15766,0
15767,0
15768,1
15769,2
15770,2
15771,0
15772,1
15773,1
15774,1
15775,1
15776,1
15777,0
15778,1
15779,0
15780,1
15781,0
15782,0
15783,0
15784,0
15785,0
15786,2
15787,1
15788,1
15789,2
15790,2
15791,0
15792,0
15793,2
15794,1
15795,1
15796,1
15797,2
15798,2
15799,1
15800,1
15801,1
15802,0
15803,0
15804,2
15805,2
15806,1
15807,2
15808,2
15809,0
15810,2
15811,1
15812,2
15813,2
15814,2
15815,1
15816,2
15817,0
15818,2
15819,2
15820,1
15821,1
15822,2
15823,1
15824,0
15825,1
15826,2
15827,0
15828,0
15829,1
15830,1
15831,0
15832,2
15833,0
15834,1
15835,2
15836,0
15837,0
15838,1
15839,0
15840,0
15841,0
15842,2
15843,0
15844,2
15845,1
15846,2
15847,0
15848,0
15849,0
15850,0
15851,0
15852,0
15853,0
15854,1
15855,1
15856,2
15857,0
15858,0
15859,0
15860,2
15861,0
15862,2
15863,1
15864,2
15865,0
15866,0
15867,0
15868,1
15869,1
15870,0
15871,0
15872,2
15873,2
15874,0
15875,0
15876,0
15877,1
15878,0
15879,1
15880,1
15881,0
15882,1
15883,0
15884,0
15885,0
15886,0
15887,2
15888,0
15889,1
15890,0
15891,1
15892,0
15893,0
15894,0
15895,1
15896,0
15897,1
15898,2
15899,1
15900,0
15901,0
15902,1
15903,0
15904,0
15905,0
15906,0
15907,0
15908,0
15909,0
15910,1
15911,1
15912,0
15913,1
15914,0
15915,0
15916,1
15917,1
15918,2
15919,0
15920,2
15921,0
15922,2
15923,0
15924,0
15925,0
15926,2
15927,1
15928,1
15929,2
15930,2
15931,0
15932,1
15933,1
15934,2
15935,0
15936,1
15937,2
15938,1
15939,2
15940,0
15941,2
15942,0
15943,2
15944,0
15945,2
15946,2
15947,2
15948,0
15949,0
15950,0
15951,2
15952,2
15953,0
15954,1
15955,2
15956,0
15957,0
15958,1
15959,1
15960,0
15961,1
15962,0
15963,1
15964,1
15965,2
15966,0
15967,1
15968,0
15969,0
15970,0
15971,0
15972,2
15973,0
15974,2
15975,1
15976,2
15977,0
15978,2
15979,2
15980,1
15981,1
15982,2
15983,2
15984,1
15985,0
15986,0
15987,1
15988,0
15989,0
15990,1
15991,1
15992,0
15993,2
15994,0
15995,0
15996,1
15997,0
15998,2
15999,1
16000,1
16001,0
16002,1
16003,1
16004,0
16005,0
16006,0
16007,1
16008,0
16009,0
16010,1
16011,0
16012,2
16013,0
16014,0
16015,0
16016,0
16017,1
16018,1
16019,1
16020,0
16021,2
16022,0
16023,0
16024,1
16025,1
16026,0
16027,1
16028,1
16029,1
16030,0
16031,2
16032,0
16033,2
16034,2
16035,2
16036,0
16037,1
16038,0
16039,2
16040,1
16041,1
16042,2
16043,1
16044,0
16045,1
16046,1
16047,1
16048,0
16049,1
16050,1
16051,2
16052,1
16053,2
16054,1
16055,0
16056,1
16057,0
16058,2
16059,2
16060,1
16061,0
16062,0
16063,2
16064,2
16065,0
16066,2
16067,1
16068,1
16069,2
16070,0
16071,1
16072,0
16073,2
16074,2
16075,1
16076,0
16077,0
16078,1
16079,0
16080,1
16081,0
16082,1
16083,0
16084,2
16085,1
16086,0
16087,0
16088,0
16089,1
16090,0
16091,2
16092,2
16093,2
16094,0
16095,0
16096,0
16097,0
16098,0
16099,1
16100,1
16101,1
16102,0
16103,0
16104,2
16105,2
16106,2
16107,0
16108,0
16109,1
16110,0
16111,2
16112,1
16113,2
16114,1
16115,0
16116,2
16117,1
16118,1
16119,2
16120,0
16121,1
16122,0
16123,0
16124,0
16125,0
16126,0
16127,1
16128,1
16129,0
16130,2
16131,0
16132,0
16133,0
16134,1
16135,0
16136,2
16137,1
16138,2
16139,2
16140,0
16141,0
16142,0
16143,0
16144,2
16145,1
16146,0
16147,0
16148,1
16149,1
16150,0
16151,0
16152,2
16153,0
16154,1
16155,0
16156,0
16157,0
16158,0
16159,1
16160,0
16161,0
16162,1
16163,0
16164,0
16165,1
16166,0
16167,2
16168,0
16169,2
16170,1
16171,0
16172,2
16173,1
16174,2
16175,0
16176,1
16177,1
16178,1
16179,2
16180,1
16181,0
16182,2
16183,0
16184,1
16185,2
16186,0
16187,0
16188,2
16189,1
16190,1
16191,1
16192,0
16193,0
16194,0
16195,0
16196,2
16197,2
16198,1
16199,0
16200,2
16201,0
16202,2
16203,1
16204,1
16205,1
16206,0
16207,0
16208,0
16209,1
16210,0
16211,2
16212,0
16213,0
16214,0
16215,2
16216,0
16217,0
16218,0
16219,1
16220,0
16221,1
16222,0
16223,1
16224,0
16225,2
16226,1
16227,2
16228,2
16229,2
16230,2
16231,2
16232,0
16233,1
16234,1
16235,0
16236,2
16237,2
16238,0
16239,0
16240,1
16241,1
16242,1
16243,2
16244,2
16245,0
16246,2
16247,0
16248,2
16249,0
16250,2
16251,2
16252,0
16253,0
16254,2
16255,2
16256,0
16257,0
16258,2
16259,0
16260,2
16261,2
16262,1
16263,2
16264,2
16265,1
16266,2
16267,2
16268,2
16269,0
16270,2
16271,0
16272,2
16273,0
16274,1
16275,2
16276,0
16277,1
16278,0
16279,2
16280,1
16281,1
16282,0
16283,1
16284,0
16285,1
16286,0
16287,1
16288,2
16289,0
16290,1
16291,0
16292,1
16293,0
16294,2
16295,0
16296,0
16297,1
16298,0
16299,1
16300,0
16301,0
16302,1
16303,1
16304,0
16305,0
16306,1
16307,2
16308,1
16309,0
16310,2
16311,1
16312,0
16313,0
16314,2
16315,0
16316,2
16317,0
16318,2
16319,2
16320,2
16321,1
16322,2
16323,0
16324,1
16325,1
16326,2
16327,0
16328,0
16329,0
16330,0
16331,0
16332,1
16333,1
16334,0
16335,0
16336,0
16337,2
16338,2
16339,2
16340,0
16341,0
16342,1
16343,0
16344,0
16345,0
16346,1
16347,0
16348,0
16349,1
16350,1
16351,0
16352,0
16353,2
16354,2
16355,0
16356,1
16357,2
16358,1
16359,2
16360,0
16361,0
16362,1
16363,1
16364,1
16365,1
16366,0
16367,2
16368,1
16369,0
16370,2
16371,1
16372,0
16373,2
16374,0
16375,1
16376,2
16377,0
16378,1
16379,2
16380,1
16381,2
16382,0
16383,2
16384,1
16385,0
16386,0
16387,1
16388,1
16389,0
16390,2
16391,0
16392,0
16393,0
16394,1
16395,2
16396,0
16397,2
16398,2
16399,1
16400,1
16401,0
16402,0
16403,2
16404,0
16405,1
16406,1
16407,2
16408,2
16409,1
16410,0
16411,2
16412,1
16413,0
16414,2
16415,0
16416,0
16417,1
16418,2
16419,2
16420,0
16421,0
16422,1
16423,2
16424,2
16425,2
16426,0
16427,0
16428,2
16429,0
16430,2
16431,0
16432,2
16433,1
16434,0
16435,0
16436,1
16437,1
16438,1
16439,1
16440,1
16441,1
16442,0
16443,2
16444,0
16445,0
16446,0
16447,1
16448,0
16449,1
16450,2
16451,0
16452,0
16453,0
16454,1
16455,1
16456,0
16457,0
16458,0
16459,1
16460,0
16461,1
16462,0
16463,1
16464,1
16465,0
16466,0
16467,2
16468,0
16469,1
16470,1
16471,2
16472,2
16473,0
16474,0
16475,1
16476,1
16477,2
16478,1
16479,0
16480,0
16481,2
16482,0
16483,0
16484,2
16485,1
16486,2
16487,0
16488,0
16489,2
16490,0
16491,2
16492,0
16493,1
16494,0
16495,2
16496,2
16497,0
16498,0
16499,2
16500,2
16501,0
16502,2
16503,1
16504,1
16505,1
16506,2
16507,1
16508,2
16509,2
16510,0
16511,0
16512,1
16513,2
16514,1
16515,0
16516,2
16517,2
16518,1
16519,1
16520,1
16521,2
16522,0
16523,2
16524,1
16525,0
16526,0
16527,0
16528,0
16529,0
16530,1
16531,1
16532,0
16533,0
16534,0
16535,1
16536,1
16537,0
16538,1
16539,0
16540,1
16541,2
16542,1
16543,0
16544,1
16545,2
16546,2
16547,1
16548,0
16549,1
16550,0
16551,0
16552,2
16553,2
16554,0
16555,0
16556,0
16557,0
16558,2
16559,2
16560,0
16561,1
16562,0
16563,1
16564,0
16565,0
16566,0
16567,1
16568,0
16569,0
16570,0
16571,1
16572,0
16573,1
16574,0
16575,0
16576,1
16577,1
16578,0
16579,0
16580,2
16581,0
16582,2
16583,2
16584,2
16585,0
16586,2
16587,1
16588,1
16589,1
16590,1
16591,1
16592,0
16593,0
16594,0
16595,1
16596,0
16597,0
16598,0
16599,2
16600,0
16601,2
16602,0
16603,1
16604,1
16605,0
16606,0
16607,1
16608,2
16609,1
16610,0
16611,0
16612,2
16613,0
16614,1
16615,1
16616,2
16617,1
16618,0
16619,1
16620,2
16621,1
16622,1
16623,0
16624,0
16625,0
16626,2
16627,1
16628,1
16629,2
16630,1
16631,0
16632,2
16633,2
16634,2
16635,1
16636,0
16637,0
16638,2
16639,1
16640,1
16641,2
16642,1
16643,0
16644,2
16645,1
16646,2
16647,2
16648,0
16649,1
16650,0
16651,0
16652,1
16653,1
16654,1
16655,0
16656,1
16657,2
16658,1
16659,1
16660,2
16661,1
16662,2
16663,2
16664,2
16665,0
16666,2
16667,1
16668,2
16669,0
16670,0
16671,0
16672,2
16673,2
16674,0
16675,1
16676,0
16677,2
16678,0
16679,2
16680,1
16681,1
16682,2
16683,0
16684,0
16685,0
16686,1
16687,1
16688,0
16689,1
16690,0
16691,2
16692,1
16693,1
16694,1
16695,1
16696,0
16697,1
16698,2
16699,1
16700,0
16701,0
16702,0
16703,0
16704,0
16705,0
16706,2
16707,0
16708,1
16709,1
16710,2
16711,0
16712,0
16713,2
16714,2
16715,0
16716,1
16717,0
16718,0
16719,0
16720,1
16721,2
16722,1
16723,1
16724,2
16725,0
16726,0
16727,2
16728,2
16729,0
16730,0
16731,1
16732,1
16733,2
16734,1
16735,0
16736,0
16737,0
16738,0
16739,0
16740,0
16741,1
16742,0
16743,1
16744,1
16745,2
16746,0
16747,2
16748,1
16749,2
16750,0
16751,2
16752,0
16753,1
16754,0
16755,0
16756,0
16757,0
16758,1
16759,1
16760,1
16761,0
16762,2
16763,0
16764,0
16765,0
16766,0
16767,1
16768,1
16769,0
16770,2
16771,0
16772,0
16773,0
16774,2
16775,0
16776,0
16777,2
16778,2
16779,0
16780,2
16781,1
16782,1
16783,2
16784,0
16785,1
16786,1
16787,2
16788,2
16789,0
16790,0
16791,0
16792,0
16793,0
16794,0
16795,2
16796,0
16797,0
16798,2
16799,2
16800,2
16801,0
16802,0
16803,2
16804,1
16805,0
16806,0
16807,2
16808,0
16809,2
16810,2
16811,0
16812,2
16813,0
16814,1
16815,1
16816,0
16817,0
16818,0
16819,2
16820,2
16821,2
16822,0
16823,1
16824,0
16825,1
16826,0
16827,0
16828,2
16829,1
16830,0
16831,0
16832,0
16833,1
16834,1
16835,0
16836,1
16837,1
16838,2
16839,2
16840,0
16841,1
16842,0
16843,1
16844,0
16845,1
16846,0
16847,2
16848,1
16849,2
16850,0
16851,1
16852,1
16853,0
16854,1
16855,2
16856,0
16857,1
16858,1
16859,0
16860,1
16861,1
16862,1
16863,1
16864,2
16865,0
16866,0
16867,0
16868,0
16869,2
16870,0
16871,0
16872,0
16873,1
16874,1
16875,1
16876,1
16877,2
16878,0
16879,2
16880,0
16881,2
16882,0
16883,0
16884,0
16885,2
16886,2
16887,0
16888,1
16889,1
16890,1
16891,2
16892,0
16893,0
16894,0
16895,1
16896,1
16897,0
16898,1
16899,2
16900,2
16901,0
16902,2
16903,0
16904,0
16905,0
16906,0
16907,1
16908,0
16909,1
16910,1
16911,0
16912,0
16913,2
16914,1
16915,1
16916,2
16917,1
16918,2
16919,0
16920,2
16921,0
16922,2
16923,2
16924,0
16925,1
16926,0
16927,0
16928,0
16929,1
16930,1
16931,1
16932,1
16933,0
16934,2
16935,2
16936,1
16937,0
16938,0
16939,2
16940,0
16941,0
16942,1
16943,1
16944,0
16945,0
16946,0
16947,1
16948,1
16949,2
16950,1
16951,0
16952,1
16953,0
16954,0
16955,0
16956,1
16957,0
16958,1
16959,1
16960,2
16961,0
16962,0
16963,2
16964,0
16965,2
16966,0
16967,0
16968,1
16969,2
16970,1
16971,1
16972,2
16973,0
16974,0
16975,0
16976,2
16977,1
16978,0
16979,1
16980,1
16981,0
16982,1
16983,1
16984,0
16985,2
16986,0
16987,2
16988,2
16989,1
16990,2
16991,0
16992,2
16993,1
16994,2
16995,0
16996,0
16997,0
16998,1
16999,0
17000,0
17001,1
17002,1
17003,0
17004,1
17005,1
17006,0
17007,1
17008,0
17009,2
17010,1
17011,2
17012,0
17013,1
17014,0
17015,2
17016,0
17017,0
17018,2
17019,0
17020,1
17021,1
17022,0
17023,0
17024,1
17025,0
17026,0
17027,1
17028,2
17029,0
17030,1
17031,0
17032,0
17033,2
17034,0
17035,1
17036,2
17037,1
17038,2
17039,1
17040,2
17041,2
17042,0
17043,0
17044,1
17045,0
17046,2
17047,1
17048,0
17049,2
17050,1
17051,0
17052,0
17053,0
17054,0
17055,0
17056,0
17057,1
17058,2
17059,0
17060,1
17061,0
17062,0
17063,1
17064,0
17065,1
17066,0
17067,2
17068,0
17069,0
17070,1
17071,2
17072,1
17073,1
17074,2
17075,0
17076,2
17077,0
17078,1
17079,0
17080,2
17081,0
17082,2
17083,1
17084,0
17085,0
17086,0
17087,1
17088,2
17089,0
17090,1
17091,1
17092,2
17093,1
17094,1
17095,0
17096,1
17097,0
17098,0
17099,2
17100,2
17101,1
17102,2
17103,2
17104,1
17105,2
17106,1
17107,2
17108,2
17109,1
17110,1
17111,0
17112,0
17113,0
17114,2
17115,2
17116,0
17117,2
17118,2
17119,2
17120,2
17121,0
17122,0
17123,0
17124,1
17125,0
17126,0
17127,0
17128,0
17129,1
17130,0
17131,1
17132,1
17133,2
17134,1
17135,0
17136,2
17137,0
17138,0
17139,0
17140,1
17141,2
17142,0
17143,2
17144,0
17145,1
17146,0
17147,0
17148,0
17149,1
17150,1
17151,1
17152,1
17153,2
17154,0
17155,2
17156,2
17157,2
17158,0
17159,1
17160,2
17161,2
17162,2
17163,1
17164,0
17165,0
17166,0
17167,0
17168,0
17169,0
17170,2
17171,0
17172,2
17173,0
17174,0
17175,1
17176,0
17177,0
17178,1
17179,1
17180,2
17181,1
17182,0
17183,0
17184,0
17185,1
17186,0
17187,2
17188,0
17189,0
17190,2
17191,0
17192,2
17193,0
17194,2
17195,0
17196,0
17197,2
17198,1
17199,0
17200,2
17201,0
17202,0
17203,0
17204,1
17205,1
17206,2
17207,1
17208,1
17209,2
17210,1
17211,0
17212,0
17213,2
17214,0
17215,0
17216,2
17217,2
17218,2
17219,2
17220,1
17221,0
17222,0
17223,2
17224,0
17225,1
17226,0
17227,1
17228,2
17229,0
17230,1
17231,0
17232,0
17233,0
17234,0
17235,1
17236,0
17237,1
17238,2
17239,0
17240,0
17241,2
17242,0
17243,2
17244,1
17245,0
17246,1
17247,0
17248,0
17249,0
17250,0
17251,1
17252,0
17253,1
17254,1
17255,0
17256,0
17257,2
17258,2
17259,0
17260,1
17261,0
17262,1
17263,0
17264,0
17265,0
17266,2
17267,0
17268,0
17269,0
17270,1
17271,1
17272,2
17273,0
17274,2
17275,0
17276,0
17277,1
17278,2
17279,0
17280,0
17281,1
17282,1
17283,2
17284,0
17285,1
17286,2
17287,0
17288,0
17289,2
17290,1
17291,0
17292,1
17293,1
17294,0
17295,0
17296,1
17297,0
17298,0
17299,1
17300,0
17301,2
17302,1
17303,1
17304,2
17305,1
17306,0
17307,0
17308,2
17309,2
17310,2
17311,0
17312,1
17313,2
17314,2
17315,0
17316,0
17317,2
17318,0
17319,0
17320,0
17321,0
17322,0
17323,2
17324,0
17325,0
17326,0
17327,2
17328,1
17329,1
17330,0
17331,0
17332,0
17333,1
17334,2
17335,1
17336,1
17337,0
17338,0
17339,1
17340,1
17341,2
17342,0
17343,0
17344,2
17345,2
17346,0
17347,0
17348,0
17349,2
17350,2
17351,0
17352,0
17353,2
17354,1
17355,2
17356,0
17357,0
17358,1
17359,0
17360,0
17361,1
17362,1
17363,0
17364,0
17365,1
17366,0
17367,1
17368,0
17369,0
17370,1
17371,1
17372,2
17373,2
17374,0
17375,1
17376,0
17377,1
17378,2
17379,1
17380,2
17381,2
17382,2
17383,1
17384,1
17385,0
17386,0
17387,1
17388,0
17389,0
17390,1
17391,1
17392,2
17393,0
17394,0
17395,2
17396,2
17397,1
17398,0
17399,1
17400,0
17401,0
17402,1
17403,1
17404,0
17405,0
17406,1
17407,0
17408,1
17409,0
17410,1
17411,1
17412,1
17413,1
17414,2
17415,2
17416,0
17417,1
17418,1
17419,1
17420,2
17421,2
17422,0
17423,2
17424,0
17425,1
17426,2
17427,2
17428,1
17429,0
17430,0
17431,2
17432,0
17433,2
17434,1
17435,0
17436,2
17437,0
17438,1
17439,0
17440,2
17441,1
17442,0
17443,2
17444,1
17445,2
17446,1
17447,1
17448,2
17449,2
17450,1
17451,1
17452,2
17453,2
17454,1
17455,2
17456,0
17457,2
17458,1
17459,0
17460,1
17461,0
17462,0
17463,0
17464,2
17465,2
17466,0
17467,2
17468,1
17469,0
17470,0
17471,0
17472,0
17473,0
17474,0
17475,2
17476,0
17477,0
17478,2
17479,1
17480,0
17481,1
17482,0
17483,0
17484,1
17485,0
17486,2
17487,1
17488,2
17489,2
17490,2
17491,2
17492,2
17493,0
17494,2
17495,0
17496,1
17497,2
17498,1
17499,0
17500,1
17501,0
17502,1
17503,1
17504,0
17505,0
17506,0
17507,1
17508,0
17509,1
17510,0
17511,0
17512,2
17513,0
17514,2
17515,0
17516,1
17517,0
17518,2
17519,0
17520,1
17521,0
17522,2
17523,0
17524,0
17525,0
17526,0
17527,2
17528,0
17529,0
17530,0
17531,0
17532,0
17533,1
17534,2
17535,2
17536,1
17537,0
17538,1
17539,2
17540,1
17541,0
17542,0
17543,0
17544,1
17545,0
17546,2
17547,2
17548,0
17549,1
17550,0
17551,0
17552,0
17553,2
17554,1
17555,0
17556,0
17557,0
17558,1
17559,0
17560,1
17561,0
17562,1
17563,2
17564,1
17565,2
17566,2
17567,1
17568,0
17569,1
17570,0
17571,0
17572,0
17573,1
17574,1
17575,1
17576,2
17577,0
17578,0
17579,1
17580,1
17581,2
17582,2
17583,0
17584,0
17585,1
17586,0
17587,0
17588,0
17589,1
17590,0
17591,2
17592,0
17593,1
17594,0
17595,0
17596,1
17597,2
17598,0
17599,0
17600,1
17601,0
17602,2
17603,1
17604,2
17605,0
17606,0
17607,0
17608,2
17609,1
17610,0
17611,1
17612,1
17613,1
17614,0
17615,2
17616,0
17617,0
17618,0
17619,0
17620,0
17621,1
17622,0
17623,0
17624,0
17625,1
17626,2
17627,1
17628,1
17629,2
17630,1
17631,2
17632,0
17633,2
17634,1
17635,1
17636,0
17637,0
17638,0
17639,2
17640,1
17641,1
17642,0
17643,0
17644,0
17645,0
17646,2
17647,2
17648,0
17649,1
17650,1
17651,2
17652,1
17653,0
17654,0
17655,0
17656,1
17657,1
17658,2
17659,0
17660,2
17661,1
17662,0
17663,0
17664,0
17665,0
17666,2
17667,0
17668,0
17669,0
17670,0
17671,0
17672,1
17673,0
17674,1
17675,1
17676,2
17677,1
17678,2
17679,0
17680,1
17681,2
17682,0
17683,1
17684,0
17685,0
17686,0
17687,0
17688,1
17689,1
17690,0
17691,2
17692,0
17693,1
17694,2
17695,2
17696,2
17697,2
17698,2
17699,1
17700,1
17701,1
17702,1
17703,0
17704,0
17705,1
17706,0
17707,0
17708,0
17709,2
17710,2
17711,1
17712,2
17713,0
17714,1
17715,1
17716,0
17717,0
17718,2
17719,2
17720,0
17721,1
17722,2
17723,1
17724,0
17725,2
17726,2
17727,2
17728,1
17729,1
17730,1
17731,1
17732,0
17733,1
17734,2
17735,1
17736,0
17737,1
17738,1
17739,2
17740,0
17741,0
17742,2
17743,1
17744,1
17745,0
17746,2
17747,1
17748,1
17749,0
17750,2
17751,0
17752,2
17753,1
17754,2
17755,1
17756,0
17757,1
17758,2
17759,0
17760,0
17761,1
17762,1
17763,1
17764,1
17765,2
17766,0
17767,0
17768,2
17769,2
17770,1
17771,0
17772,1
17773,1
17774,2
17775,0
17776,2
17777,0
17778,0
17779,2
17780,0
17781,2
17782,0
17783,0
17784,2
17785,0
17786,1
17787,0
17788,1
17789,0
17790,1
17791,1
17792,2
17793,0
17794,0
17795,1
17796,0
17797,1
17798,0
17799,2
17800,0
17801,1
17802,0
17803,1
17804,2
17805,1
17806,0
17807,0
17808,0
17809,1
17810,1
17811,0
17812,1
17813,0
17814,0
17815,0
17816,0
17817,0
17818,0
17819,2
17820,0
17821,2
17822,1
17823,1
17824,2
17825,1
17826,1
17827,2
17828,0
17829,2
17830,2
17831,0
17832,2
17833,1
17834,1
17835,1
17836,0
17837,2
17838,0
17839,0
17840,1
17841,1
17842,2
17843,1
17844,0
17845,1
17846,1
17847,0
17848,0
17849,0
17850,1
17851,1
17852,1
17853,2
17854,1
17855,1
17856,1
17857,1
17858,2
17859,2
17860,0
17861,0
17862,1
17863,2
17864,0
17865,2
17866,1
17867,0
17868,2
17869,2
17870,0
17871,0
17872,1
17873,1
17874,0
17875,0
17876,0
17877,0
17878,2
17879,1
17880,1
17881,0
17882,0
17883,2
17884,2
17885,1
17886,1
17887,2
17888,0
17889,0
17890,1
17891,0
17892,0
17893,0
17894,0
17895,2
17896,1
17897,0
17898,0
17899,2
17900,2
17901,1
17902,2
17903,0
17904,1
17905,2
17906,1
17907,2
17908,0
17909,0
17910,1
17911,0
17912,0
17913,0
17914,1
17915,0
17916,2
17917,2
17918,0
17919,0
17920,0
17921,1
17922,0
17923,1
17924,2
17925,0
17926,0
17927,0
17928,0
17929,1
17930,1
17931,0
17932,1
17933,2
17934,0
17935,0
17936,1
17937,0
17938,0
17939,1
17940,2
17941,1
17942,0
17943,0
17944,0
17945,1
17946,2
17947,2
17948,2
17949,0
17950,1
17951,1
17952,0
17953,2
17954,2
17955,1
17956,0
17957,0
17958,1
17959,1
17960,1
17961,2
17962,0
17963,0
17964,0
17965,0
17966,2
17967,0
17968,1
17969,2
17970,1
17971,0
17972,2
17973,0
17974,2
17975,0
17976,0
17977,2
17978,2
17979,1
17980,1
17981,2
17982,2
17983,1
17984,0
17985,0
17986,2
17987,0
17988,1
17989,0
17990,0
17991,0
17992,1
17993,1
17994,1
17995,0
17996,1
17997,2
17998,1
17999,0
18000,1
18001,1
18002,2
18003,0
18004,2
18005,1
18006,1
18007,2
18008,1
18009,0
18010,1
18011,0
18012,0
18013,2
18014,1
18015,2
18016,0
18017,1
18018,1
18019,0
18020,0
18021,0
18022,2
18023,1
18024,2
18025,2
18026,1
18027,1
18028,0
18029,0
18030,1
18031,0
18032,2
18033,1
18034,2
18035,0
18036,1
18037,0
18038,0
18039,0
18040,0
18041,0
18042,1
18043,0
18044,2
18045,0
18046,2
18047,0
18048,0
18049,0
18050,1
18051,2
18052,2
18053,0
18054,1
18055,0
18056,0
18057,2
18058,2
18059,2
18060,1
18061,2
18062,0
18063,0
18064,0
18065,0
18066,1
18067,2
18068,2
18069,1
18070,1
18071,0
18072,2
18073,2
18074,0
18075,0
18076,0
18077,1
18078,1
18079,0
18080,0
18081,1
18082,1
18083,0
18084,0
18085,0
18086,0
18087,1
18088,0
18089,2
18090,2
18091,2
18092,0
18093,0
18094,0
18095,2
18096,0
18097,1
18098,0
18099,0
18100,0
18101,0
18102,2
18103,0
18104,2
18105,1
18106,2
18107,2
18108,0
18109,0
18110,2
18111,0
18112,2
18113,0
18114,0
18115,0
18116,0
18117,0
18118,2
18119,1
18120,2
18121,1
18122,2
18123,1
18124,0
18125,0
18126,0
18127,1
18128,2
18129,1
18130,2
18131,1
18132,2
18133,0
18134,2
18135,2
18136,1
18137,2
18138,0
18139,0
18140,1
18141,0
18142,0
18143,2
18144,2
18145,1
18146,0
18147,1
18148,2
18149,0
18150,0
18151,1
18152,2
18153,2
18154,1
18155,2
18156,1
18157,2
18158,0
18159,0
18160,2
18161,0
18162,0
18163,2
18164,1
18165,0
18166,1
18167,2
18168,2
18169,1
18170,0
18171,0
18172,0
18173,0
18174,0
18175,2
18176,0
18177,0
18178,1
18179,0
18180,1
18181,0
18182,0
18183,2
18184,1
18185,1
18186,2
18187,0
18188,2
18189,0
18190,2
18191,2
18192,2
18193,0
18194,0
18195,0
18196,0
18197,1
18198,1
18199,1
18200,0
18201,1
18202,2
18203,1
18204,0
18205,2
18206,2
18207,2
18208,0
18209,1
18210,2
18211,1
18212,2
18213,1
18214,1
18215,2
18216,2
18217,1
18218,1
18219,0
18220,1
18221,1
18222,0
18223,1
18224,2
18225,0
18226,2
18227,2
18228,1
18229,2
18230,0
18231,0
18232,0
18233,2
18234,0
18235,0
18236,1
18237,1
18238,1
18239,1
18240,0
18241,0
18242,1
18243,0
18244,2
18245,1
18246,2
18247,1
18248,1
18249,1
18250,0
18251,2
18252,0
18253,2
18254,2
18255,2
18256,0
18257,0
18258,2
18259,0
18260,2
18261,0
18262,0
18263,2
18264,0
18265,1
18266,0
18267,2
18268,1
18269,0
18270,1
18271,0
18272,2
18273,1
18274,2
18275,2
18276,0
18277,2
18278,1
18279,1
18280,1
18281,0
18282,0
18283,0
18284,0
18285,0
18286,0
18287,2
18288,1
18289,1
18290,0
18291,1
18292,0
18293,1
18294,0
18295,0
18296,0
18297,0
18298,1
18299,0
18300,1
18301,0
18302,0
18303,0
18304,0
18305,0
18306,0
18307,0
18308,0
18309,2
18310,1
18311,0
18312,0
18313,0
18314,0
18315,1
18316,0
18317,0
18318,1
18319,1
18320,0
18321,0
18322,0
18323,2
18324,1
18325,0
18326,0
18327,1
18328,2
18329,2
18330,1
18331,2
18332,1
18333,0
18334,1
18335,1
18336,2
18337,1
18338,1
18339,1
18340,0
18341,0
18342,2
18343,2
18344,0
18345,0
18346,0
18347,2
18348,1
18349,1
18350,0
18351,0
18352,0
18353,0
18354,2
18355,1
18356,2
18357,0
18358,1
18359,0
18360,1
18361,0
18362,0
18363,2
18364,1
18365,2
18366,1
18367,2
18368,1
18369,0
18370,0
18371,2
18372,2
18373,0
18374,1
18375,0
18376,0
18377,0
18378,0
18379,2
18380,0
18381,0
18382,2
18383,0
18384,1
18385,1
18386,1
18387,1
18388,0
18389,0
18390,1
18391,1
18392,0
18393,2
18394,2
18395,1
18396,0
18397,0
18398,0
18399,2
18400,2
18401,1
18402,1
18403,1
18404,0
18405,2
18406,1
18407,1
18408,0
18409,1
18410,1
18411,0
18412,2
18413,2
18414,0
18415,1
18416,1
18417,2
18418,2
18419,0
18420,0
18421,0
18422,0
18423,0
18424,0
18425,1
18426,0
18427,2
18428,0
18429,0
18430,0
18431,0
18432,2
18433,0
18434,0
18435,0
18436,0
18437,1
18438,0
18439,0
18440,1
18441,0
18442,2
18443,0
18444,0
18445,0
18446,0
18447,2
18448,2
18449,0
18450,0
18451,0
18452,0
18453,0
18454,1
18455,0
18456,2
18457,0
18458,1
18459,1
18460,1
18461,0
18462,0
18463,2
18464,1
18465,2
18466,2
18467,1
18468,0
18469,1
18470,2
18471,1
18472,2
18473,1
18474,1
18475,0
18476,0
18477,1
18478,2
18479,0
18480,1
18481,2
18482,2
18483,2
18484,1
18485,2
18486,1
18487,0
18488,0
18489,1
18490,0
18491,0
18492,0
18493,1
18494,2
18495,1
18496,1
18497,0
18498,2
18499,2
18500,1
18501,2
18502,1
18503,2
18504,0
18505,1
18506,0
18507,1
18508,1
18509,2
18510,1
18511,1
18512,1
18513,1
18514,1
18515,0
18516,1
18517,0
18518,1
18519,1
18520,2
18521,0
18522,0
18523,0
18524,0
18525,1
18526,0
18527,1
18528,0
18529,0
18530,1
18531,2
18532,0
18533,1
18534,0
18535,1
18536,0
18537,0
18538,2
18539,0
18540,1
18541,2
18542,1
18543,0
18544,1
18545,0
18546,2
18547,1
18548,2
18549,0
18550,1
18551,0
18552,0
18553,1
18554,2
18555,0
18556,1
18557,1
18558,1
18559,1
18560,1
18561,2
18562,0
18563,2
18564,0
18565,2
18566,0
18567,2
18568,1
18569,0
18570,0
18571,2
18572,0
18573,0
18574,0
18575,1
18576,2
18577,0
18578,0
18579,2
18580,0
18581,2
18582,0
18583,1
18584,2
18585,0
18586,0
18587,0
18588,2
18589,0
18590,0
18591,2
18592,2
18593,2
18594,2
18595,1
18596,0
18597,0
18598,0
18599,1
18600,0
18601,1
18602,0
18603,0
18604,1
18605,0
18606,0
18607,2
18608,0
18609,0
18610,1
18611,1
18612,2
18613,1
18614,2
18615,2
18616,1
18617,0
18618,1
18619,1
18620,1
18621,2
18622,2
18623,0
18624,1
18625,2
18626,1
18627,1
18628,0
18629,2
18630,2
18631,0
18632,1
18633,2
18634,2
18635,2
18636,0
18637,2
18638,2
18639,0
18640,2
18641,2
18642,2
18643,1
18644,1
18645,1
18646,1
18647,0
18648,2
18649,1
18650,0
18651,0
18652,2
18653,0
18654,0
18655,0
18656,0
18657,0
18658,2
18659,1
18660,1
18661,0
18662,0
18663,1
18664,0
18665,0
18666,2
18667,2
18668,0
18669,0
18670,1
18671,1
18672,2
18673,0
18674,2
18675,0
18676,1
18677,0
18678,2
18679,1
18680,1
18681,1
18682,2
18683,0
18684,1
18685,1
18686,1
18687,1
18688,0
18689,0
18690,0
18691,0
18692,0
18693,0
18694,0
18695,2
18696,1
18697,0
18698,2
18699,0
18700,1
18701,0
18702,0
18703,0
18704,0
18705,2
18706,0
18707,0
18708,0
18709,1
18710,1
18711,2
18712,0
18713,1
18714,2
18715,2
18716,1
18717,2
18718,0
18719,1
18720,1
18721,0
18722,0
18723,0
18724,1
18725,0
18726,2
18727,1
18728,1
18729,0
18730,1
18731,1
18732,2
18733,0
18734,0
18735,2
18736,0
18737,1
18738,2
18739,2
18740,2
18741,2
18742,1
18743,0
18744,2
18745,0
18746,1
18747,0
18748,2
18749,2
18750,0
18751,2
18752,1
18753,2
18754,0
18755,2
18756,2
18757,0
18758,1
18759,2
18760,2
18761,0
18762,0
18763,0
18764,1
18765,2
18766,2
18767,0
18768,2
18769,2
18770,2
18771,0
18772,1
18773,2
18774,2
18775,1
18776,1
18777,0
18778,2
18779,0
18780,0
18781,1
18782,0
18783,2
18784,0
18785,0
18786,1
18787,1
18788,2
18789,2
18790,0
18791,1
18792,1
18793,0
18794,0
18795,1
18796,2
18797,1
18798,1
18799,1
18800,1
18801,0
18802,2
18803,2
18804,1
18805,1
18806,0
18807,0
18808,2
18809,1
18810,1
18811,0
18812,0
18813,0
18814,0
18815,0
18816,0
18817,0
18818,1
18819,1
18820,2
18821,0
18822,1
18823,2
18824,1
18825,2
18826,0
18827,0
18828,1
18829,0
18830,0
18831,0
18832,0
18833,0
18834,0
18835,2
18836,0
18837,2
18838,2
18839,0
18840,2
18841,2
18842,2
18843,2
18844,2
18845,2
18846,0
18847,0
18848,2
18849,1
18850,0
18851,2
18852,1
18853,1
18854,1
18855,2
18856,2
18857,1
18858,0
18859,2
18860,0
18861,0
18862,1
18863,2
18864,0
18865,0
18866,1
18867,0
18868,1
18869,1
18870,1
18871,0
18872,0
18873,2
18874,1
18875,1
18876,1
18877,0
18878,2
18879,0
18880,0
18881,2
18882,2
18883,2
18884,2
18885,2
18886,1
18887,2
18888,1
18889,0
18890,1
18891,0
18892,1
18893,1
18894,2
18895,0
18896,0
18897,0
18898,1
18899,0
18900,1
18901,1
18902,2
18903,1
18904,1
18905,1
18906,1
18907,1
18908,0
18909,0
18910,0
18911,2
18912,1
18913,1
18914,1
18915,1
18916,1
18917,0
18918,1
18919,2
18920,2
18921,0
18922,2
18923,2
18924,0
18925,2
18926,0
18927,2
18928,2
18929,0
18930,1
18931,2
18932,2
18933,2
18934,0
18935,2
18936,0
18937,2
18938,1
18939,1
18940,2
18941,2
18942,1
18943,2
18944,2
18945,2
18946,1
18947,1
18948,0
18949,0
18950,2
18951,0
18952,1
18953,2
18954,0
18955,2
18956,2
18957,2
18958,0
18959,1
18960,1
18961,0
18962,0
18963,0
18964,0
18965,1
18966,2
18967,0
18968,0
18969,0
18970,2
18971,0
18972,2
18973,2
18974,2
18975,0
18976,2
18977,0
18978,2
18979,1
18980,1
18981,0
18982,1
18983,2
18984,1
18985,1
18986,1
18987,0
18988,1
18989,0
18990,1
18991,2
18992,0
18993,2
18994,2
18995,0
18996,1
18997,0
18998,0
18999,2
19000,2
19001,2
19002,0
19003,2
19004,0
19005,0
19006,0
19007,0
19008,1
19009,0
19010,2
19011,1
19012,1
19013,0
19014,0
19015,2
19016,0
19017,2
19018,0
19019,0
19020,1
19021,2
19022,0
19023,0
19024,0
19025,0
19026,1
19027,0
19028,0
19029,2
19030,1
19031,0
19032,1
19033,0
19034,2
19035,0
19036,1
19037,0
19038,0
19039,0
19040,0
19041,0
19042,2
19043,2
19044,1
19045,0
19046,0
19047,1
19048,2
19049,2
19050,1
19051,2
19052,1
19053,0
19054,2
19055,1
19056,0
19057,2
19058,1
19059,0
19060,0
19061,2
19062,0
19063,1
19064,0
19065,0
19066,2
19067,0
19068,2
19069,2
19070,0
19071,2
19072,1
19073,0
19074,0
19075,0
19076,0
19077,0
19078,0
19079,2
19080,2
19081,0
19082,2
19083,0
19084,2
19085,1
19086,2
19087,2
19088,2
19089,1
19090,2
19091,0
19092,0
19093,0
19094,1
19095,2
19096,0
19097,1
19098,0
19099,1
19100,1
19101,2
19102,2
19103,2
19104,0
19105,0
19106,2
19107,2
19108,0
19109,2
19110,0
19111,1
19112,1
19113,1
19114,1
19115,2
19116,0
19117,0
19118,2
19119,0
19120,0
19121,0
19122,0
19123,0
19124,0
19125,2
19126,1
19127,1
19128,2
19129,2
19130,0
19131,2
19132,2
19133,0
19134,2
19135,1
19136,1
19137,2
19138,0
19139,0
19140,1
19141,1
19142,0
19143,0
19144,0
19145,2
19146,1
19147,0
19148,0
19149,1
19150,0
19151,0
19152,0
19153,0
19154,1
19155,0
19156,0
19157,0
19158,0
19159,0
19160,2
19161,0
19162,2
19163,2
19164,2
19165,2
19166,0
19167,1
19168,2
19169,2
19170,2
19171,2
19172,1
19173,0
19174,2
19175,0
19176,1
19177,1
19178,2
19179,0
19180,0
19181,0
19182,0
19183,2
19184,1
19185,2
19186,0
19187,0
19188,2
19189,2
19190,1
19191,2
19192,0
19193,1
19194,2
19195,0
19196,0
19197,0
19198,0
19199,1
19200,0
19201,2
19202,2
19203,2
19204,2
19205,1
19206,0
19207,1
19208,0
19209,0
19210,1
19211,0
19212,2
19213,0
19214,0
19215,1
19216,2
19217,2
19218,0
19219,0
19220,0
19221,0
19222,1
19223,1
19224,0
19225,1
19226,1
19227,2
19228,2
19229,2
19230,0
19231,0
19232,0
19233,0
19234,1
19235,0
19236,0
19237,1
19238,2
19239,0
19240,1
19241,1
19242,0
19243,1
19244,0
19245,0
19246,1
19247,0
19248,2
19249,0
19250,1
19251,0
19252,1
19253,1
19254,1
19255,0
19256,0
19257,0
19258,0
19259,1
19260,2
19261,2
19262,1
19263,0
19264,0
19265,0
19266,0
19267,1
19268,0
19269,1
19270,2
19271,2
19272,1
19273,0
19274,0
19275,0
19276,2
19277,2
19278,1
19279,0
19280,0
19281,2
19282,0
19283,2
19284,0
19285,2
19286,2
19287,2
19288,1
19289,2
19290,0
19291,0
19292,0
19293,1
19294,1
19295,0
19296,1
19297,1
19298,1
19299,1
19300,1
19301,2
19302,1
19303,1
19304,0
19305,0
19306,1
19307,2
19308,2
19309,1
19310,1
19311,0
19312,1
19313,0
19314,2
19315,0
19316,1
19317,0
19318,1
19319,1
19320,2
19321,1
19322,0
19323,0
19324,1
19325,2
19326,0
19327,2
19328,0
19329,1
19330,2
19331,1
19332,2
19333,0
19334,1
19335,0
19336,0
19337,0
19338,0
19339,2
19340,0
19341,0
19342,1
19343,1
19344,2
19345,0
19346,0
19347,0
19348,0
19349,0
19350,2
19351,2
19352,0
19353,0
19354,0
19355,0
19356,1
19357,1
19358,1
19359,0
19360,2
19361,0
19362,0
19363,1
19364,0
19365,1
19366,1
19367,2
19368,0
19369,0
19370,1
19371,0
19372,0
19373,1
19374,0
19375,1
19376,0
19377,0
19378,1
19379,1
19380,0
19381,2
19382,2
19383,1
19384,2
19385,1
19386,0
19387,1
19388,0
19389,2
19390,2
19391,1
19392,1
19393,0
19394,1
19395,0
19396,2
19397,2
19398,0
19399,0
19400,1
19401,0
19402,1
19403,0
19404,2
19405,0
19406,0
19407,0
19408,0
19409,0
19410,1
19411,2
19412,0
19413,1
19414,1
19415,0
19416,0
19417,2
19418,0
19419,1
19420,2
19421,1
19422,2
19423,2
19424,0
19425,2
19426,1
19427,1
19428,0
19429,2
19430,0
19431,0
19432,0
19433,0
19434,2
19435,0
19436,0
19437,2
19438,0
19439,2
19440,2
19441,0
19442,0
19443,1
19444,2
19445,2
19446,2
19447,1
19448,2
19449,2
19450,2
19451,0
19452,2
19453,0
19454,1
19455,0
19456,0
19457,2
19458,0
19459,2
19460,2
19461,2
19462,1
19463,0
19464,2
19465,0
19466,0
19467,0
19468,1
19469,0
19470,1
19471,0
19472,2
19473,0
19474,2
19475,0
19476,0
19477,2
19478,2
19479,0
19480,0
19481,0
19482,2
19483,1
19484,0
19485,0
19486,0
19487,1
19488,0
19489,0
19490,1
19491,1
19492,0
19493,0
19494,0
19495,1
19496,1
19497,2
19498,2
19499,0
19500,2
19501,0
19502,0
19503,0
19504,2
19505,2
19506,0
19507,2
19508,1
19509,0
19510,0
19511,0
19512,1
19513,1
19514,0
19515,1
19516,2
19517,2
19518,0
19519,0
19520,0
19521,2
19522,0
19523,0
19524,0
19525,0
19526,2
19527,0
19528,1
19529,1
19530,1
19531,0
19532,1
19533,2
19534,2
19535,2
19536,2
19537,2
19538,0
19539,2
19540,1
19541,1
19542,1
19543,1
19544,2
19545,0
19546,0
19547,0
19548,1
19549,0
19550,0
19551,2
19552,2
19553,2
19554,1
19555,1
19556,2
19557,0
19558,0
19559,1
19560,0
19561,0
19562,1
19563,2
19564,2
19565,1
19566,1
19567,1
19568,2
19569,2
19570,0
19571,0
19572,0
19573,0
19574,0
19575,1
19576,0
19577,1
19578,1
19579,1
19580,2
19581,2
19582,0
19583,0
19584,2
19585,2
19586,2
19587,2
19588,2
19589,0
19590,1
19591,1
19592,2
19593,1
19594,0
19595,1
19596,1
19597,0
19598,2
19599,2
19600,1
19601,2
19602,1
19603,0
19604,2
19605,2
19606,0
19607,0
19608,2
19609,1
19610,1
19611,1
19612,0
19613,0
19614,1
19615,2
19616,2
19617,0
19618,1
19619,1
19620,0
19621,2
19622,1
19623,0
19624,1
19625,0
19626,1
19627,2
19628,2
19629,1
19630,2
19631,1
19632,1
19633,0
19634,2
19635,0
19636,2
19637,0
19638,0
19639,2
19640,0
19641,0
19642,0
19643,1
19644,2
19645,2
19646,1
19647,2
19648,1
19649,2
19650,0
19651,0
19652,1
19653,2
19654,1
19655,0
19656,0
19657,2
19658,0
19659,0
19660,0
19661,1
19662,0
19663,2
19664,1
19665,0
19666,0
19667,0
19668,0
19669,2
19670,1
19671,1
19672,2
19673,2
19674,0
19675,1
19676,2
19677,0
19678,2
19679,1
19680,2
19681,1
19682,0
19683,0
19684,1
19685,0
19686,1
19687,0
19688,2
19689,0
19690,2
19691,2
19692,0
19693,2
19694,1
19695,0
19696,1
19697,2
19698,0
19699,1
19700,0
19701,1
19702,1
19703,0
19704,1
19705,2
19706,0
19707,0
19708,0
19709,1
19710,0
19711,1
19712,1
19713,0
19714,0
19715,0
19716,1
19717,0
19718,0
19719,1
19720,0
19721,1
19722,2
19723,2
19724,1
19725,0
19726,1
19727,0
19728,2
19729,0
19730,0
19731,0
19732,0
19733,0
19734,1
19735,2
19736,0
19737,2
19738,0
19739,2
19740,1
19741,0
19742,1
19743,0
19744,1
19745,0
19746,2
19747,0
19748,0
19749,2
19750,0
19751,1
19752,0
19753,1
19754,0
19755,1
19756,2
19757,2
19758,0
19759,0
19760,0
19761,0
19762,2
19763,1
19764,1
19765,2
19766,0
19767,1
19768,2
19769,0
19770,1
19771,0
19772,1
19773,1
19774,0
19775,0
19776,0
19777,0
19778,2
19779,1
19780,0
19781,1
19782,0
19783,0
19784,2
19785,2
19786,1
19787,0
19788,2
19789,1
19790,0
19791,1
19792,0
19793,1
19794,1
19795,1
19796,1
19797,0
19798,2
19799,0
19800,1
19801,0
19802,2
19803,1
19804,1
19805,0
19806,0
19807,0
19808,1
19809,2
19810,2
19811,2
19812,1
19813,2
19814,1
19815,2
19816,1
19817,1
19818,0
19819,0
19820,0
19821,2
19822,0
19823,1
19824,0
19825,2
19826,1
19827,2
19828,2
19829,0
19830,0
19831,0
19832,2
19833,1
19834,1
19835,1
19836,0
19837,2
19838,1
19839,0
19840,2
19841,2
19842,1
19843,1
19844,0
19845,1
19846,2
19847,0
19848,2
19849,0
19850,2
19851,0
19852,0
19853,2
19854,2
19855,1
19856,2
19857,0
19858,0
19859,2
19860,2
19861,1
19862,2
19863,2
19864,0
19865,1
19866,1
19867,2
19868,0
19869,0
19870,1
19871,2
19872,2
19873,1
19874,1
19875,2
19876,0
19877,0
19878,0
19879,0
19880,1
19881,0
19882,0
19883,2
19884,0
19885,0
19886,1
19887,0
19888,0
19889,2
19890,2
19891,0
19892,0
19893,0
19894,2
19895,2
19896,1
19897,1
19898,1
19899,0
19900,0
19901,2
19902,1
19903,0
19904,1
19905,1
19906,0
19907,0
19908,0
19909,2
19910,0
19911,2
19912,2
19913,0
19914,1
19915,1
19916,1
19917,0
19918,0
19919,2
19920,2
19921,0
19922,2
19923,0
19924,1
19925,0
19926,0
19927,0
19928,2
19929,2
19930,2
19931,0
19932,1
19933,2
19934,2
19935,0
19936,1
19937,2
19938,1
19939,2
19940,0
19941,1
19942,0
19943,2
19944,2
19945,0
19946,1
19947,0
19948,0
19949,0
19950,0
19951,0
19952,0
19953,0
19954,0
19955,0
19956,0
19957,1
19958,0
19959,2
19960,1
19961,1
19962,2
19963,0
19964,0
19965,0
19966,2
19967,0
19968,2
19969,0
19970,2
19971,1
19972,2
19973,0
19974,0
19975,0
19976,1
19977,1
19978,2
19979,0
19980,1
19981,2
19982,1
19983,0
19984,0
19985,1
19986,0
19987,1
19988,0
19989,0
19990,0
19991,0
19992,0
19993,1
19994,0
19995,1
19996,0
19997,1
19998,0
19999,0
20000,0
20001,1
20002,0
20003,1
20004,1
20005,2
20006,2
20007,1
20008,1
20009,2
20010,0
20011,1
20012,0
20013,0
20014,1
20015,1
20016,1
20017,1
20018,0
20019,1
20020,2
20021,2
20022,1
20023,2
20024,1
20025,2
20026,1
20027,0
20028,0
20029,0
20030,0
20031,1
20032,1
20033,0
20034,1
20035,0
20036,0
20037,0
20038,0
20039,2
20040,0
20041,0
20042,0
20043,0
20044,2
20045,0
20046,0
20047,2
20048,1
20049,2
20050,0
20051,0
20052,1
20053,2
20054,0
20055,2
20056,1
20057,1
20058,0
20059,0
20060,1
20061,0
20062,0
20063,2
20064,0
20065,0
20066,0
20067,2
20068,0
20069,1
20070,2
20071,2
20072,0
20073,0
20074,1
20075,2
20076,2
20077,0
20078,2
20079,0
20080,1
20081,0
20082,0
20083,0
20084,0
20085,1
20086,2
20087,2
20088,0
20089,2
20090,2
20091,1
20092,2
20093,0
20094,2
20095,0
20096,0
20097,1
20098,1
20099,1
20100,1
20101,0
20102,2
20103,0
20104,1
20105,1
20106,1
20107,2
20108,2
20109,2
20110,2
20111,1
20112,2
20113,0
20114,1
20115,0
20116,2
20117,2
20118,1
20119,0
20120,1
20121,2
20122,0
20123,1
20124,2
20125,1
20126,2
20127,1
20128,0
20129,0
20130,0
20131,0
20132,1
20133,2
20134,0
20135,0
20136,0
20137,1
20138,1
20139,1
20140,0
20141,0
20142,1
20143,0
20144,2
20145,1
20146,0
20147,0
20148,1
20149,0
20150,1
20151,1
20152,0
20153,1
20154,1
20155,2
20156,1
20157,2
20158,1
20159,2
20160,1
20161,2
20162,0
20163,0
20164,2
20165,0
20166,0
20167,1
20168,0
20169,1
20170,1
20171,0
20172,1
20173,0
20174,1
20175,1
20176,1
20177,2
20178,2
20179,1
20180,0
20181,1
20182,1
20183,2
20184,1
20185,1
20186,0
20187,0
20188,2
20189,1
20190,1
20191,2
20192,2
20193,0
20194,2
20195,2
20196,0
20197,1
20198,0
20199,1
20200,0
20201,2
20202,0
20203,0
20204,1
20205,2
20206,2
20207,1
20208,2
20209,1
20210,2
20211,0
20212,1
20213,2
20214,0
20215,2
20216,0
20217,1
20218,0
20219,0
20220,2
20221,0
20222,1
20223,2
20224,1
20225,2
20226,0
20227,2
20228,0
20229,2
20230,0
20231,2
20232,0
20233,1
20234,1
20235,0
20236,1
20237,2
20238,0
20239,0
20240,1
20241,1
20242,0
20243,0
20244,0
20245,0
20246,0
20247,0
20248,2
20249,2
20250,2
20251,2
20252,1
20253,2
20254,0
20255,0
20256,0
20257,0
20258,0
20259,1
20260,0
20261,2
20262,1
20263,0
20264,0
20265,2
20266,2
20267,0
20268,0
20269,1
20270,2
20271,0
20272,1
20273,2
20274,2
20275,0
20276,2
20277,2
20278,1
20279,2
20280,1
20281,1
20282,1
20283,2
20284,1
20285,2
20286,0
20287,0
20288,0
20289,0
20290,1
20291,1
20292,0
20293,0
20294,0
20295,0
20296,1
20297,0
20298,0
20299,0
20300,2
20301,0
20302,1
20303,0
20304,0
20305,0
20306,0
20307,0
20308,0
20309,1
20310,2
20311,1
20312,0
20313,1
20314,1
20315,2
20316,0
20317,2
20318,1
20319,0
20320,0
20321,1
20322,0
20323,2
20324,0
20325,0
20326,0
20327,0
20328,1
20329,1
20330,1
20331,1
20332,1
20333,2
20334,1
20335,1
20336,2
20337,0
20338,0
20339,2
20340,1
20341,2
20342,2
20343,2
20344,1
20345,2
20346,2
20347,2
20348,1
20349,1
20350,1
20351,0
20352,2
20353,0
20354,0
20355,0
20356,0
20357,1
20358,0
20359,1
20360,0
20361,0
20362,1
20363,0
20364,1
20365,0
20366,0
20367,2
20368,1
20369,1
20370,1
20371,1
20372,1
20373,0
20374,0
20375,1
20376,0
20377,2
20378,0
20379,2
20380,2
20381,0
20382,0
20383,0
20384,1
20385,2
20386,0
20387,0
20388,2
20389,2
20390,1
20391,0
20392,2
20393,0
20394,0
20395,1
20396,0
20397,1
20398,1
20399,1
20400,2
20401,0
20402,0
20403,2
20404,0
20405,1
20406,0
20407,1
20408,1
20409,1
20410,0
20411,2
20412,2
20413,2
20414,0
20415,0
20416,0
20417,2
20418,0
20419,1
20420,0
20421,1
20422,1
20423,2
20424,2
20425,0
20426,0
20427,0
20428,1
20429,2
20430,0
20431,2
20432,2
20433,0
20434,0
20435,0
20436,2
20437,0
20438,2
20439,1
20440,0
20441,2
20442,2
20443,0
20444,1
20445,0
20446,1
20447,1
20448,0
20449,0
20450,2
20451,0
20452,2
20453,0
20454,0
20455,0
20456,2
20457,0
20458,0
20459,0
20460,1
20461,1
20462,0
20463,2
20464,2
20465,0
20466,0
20467,2
20468,0
20469,0
20470,2
20471,0
20472,0
20473,0
20474,2
20475,1
20476,1
20477,1
20478,0
20479,0
20480,2
20481,1
20482,1
20483,1
20484,2
20485,1
20486,0
20487,0
20488,0
20489,0
20490,2
20491,0
20492,2
20493,0
20494,2
20495,2
20496,2
20497,0
20498,0
20499,2
20500,0
20501,1
20502,0
20503,0
20504,0
20505,2
20506,0
20507,2
20508,1
20509,1
20510,0
20511,1
20512,0
20513,2
20514,1
20515,0
20516,1
20517,0
20518,2
20519,0
20520,1
20521,1
20522,2
20523,2
20524,0
20525,0
20526,1
20527,0
20528,0
20529,0
20530,0
20531,0
20532,0
20533,1
20534,0
20535,1
20536,2
20537,0
20538,0
20539,1
20540,2
20541,0
20542,1
20543,0
20544,0
20545,2
20546,0
20547,0
20548,0
20549,0
20550,1
20551,1
20552,0
20553,0
20554,1
20555,0
20556,1
20557,2
20558,0
20559,0
20560,0
20561,2
20562,0
20563,2
20564,2
20565,0
20566,0
20567,0
20568,1
20569,1
20570,0
20571,0
20572,0
20573,2
20574,0
20575,2
20576,2
20577,0
20578,0
20579,1
20580,2
20581,2
20582,2
20583,2
20584,0
20585,0
20586,0
20587,2
20588,2
20589,0
20590,1
20591,0
20592,2
20593,0
20594,1
20595,1
20596,0
20597,0
20598,2
20599,0
20600,1
20601,2
20602,2
20603,0
20604,1
20605,0
20606,0
20607,1
20608,0
20609,1
20610,1
20611,1
20612,2
20613,1
20614,2
20615,1
20616,0
20617,1
20618,1
20619,1
20620,1
20621,2
20622,1
20623,1
20624,2
20625,2
20626,0
20627,2
20628,2
20629,0
20630,0
20631,0
20632,1
20633,0
20634,1
20635,2
20636,2
20637,1
20638,0
20639,0
20640,1
20641,1
20642,1
20643,0
20644,2
20645,2
20646,2
20647,1
20648,1
20649,0
20650,0
20651,1
20652,0
20653,0
20654,1
20655,0
20656,1
20657,2
20658,0
20659,0
20660,0
20661,0
20662,0
20663,0
20664,0
20665,0
20666,1
20667,2
20668,2
20669,0
20670,0
20671,1
20672,0
20673,0
20674,1
20675,0
20676,0
20677,2
20678,1
20679,2
20680,2
20681,0
20682,0
20683,0
20684,0
20685,2
20686,2
20687,2
20688,2
20689,1
20690,2
20691,0
20692,1
20693,2
20694,1
20695,1
20696,2
20697,0
20698,0
20699,0
20700,1
20701,0
20702,2
20703,0
20704,2
20705,1
20706,1
20707,1
20708,2
20709,1
20710,1
20711,1
20712,0
20713,0
20714,0
20715,0
20716,2
20717,2
20718,0
20719,2
20720,0
20721,1
20722,0
20723,0
20724,1
20725,1
20726,1
20727,0
20728,0
20729,1
20730,1
20731,1
20732,2
20733,1
20734,0
20735,2
20736,1
20737,0
20738,0
20739,1
20740,0
20741,1
20742,0
20743,0
20744,2
20745,1
20746,0
20747,1
20748,2
20749,0
20750,2
20751,1
20752,1
20753,0
20754,2
20755,0
20756,1
20757,0
20758,2
20759,0
20760,0
20761,2
20762,2
20763,2
20764,0
20765,0
20766,1
20767,0
20768,2
20769,2
20770,0
20771,1
20772,1
20773,2
20774,0
20775,0
20776,1
20777,0
20778,2
20779,2
20780,1
20781,0
20782,0
20783,1
20784,1
20785,2
20786,0
20787,0
20788,2
20789,2
20790,2
20791,2
20792,2
20793,1
20794,0
20795,2
20796,0
20797,2
20798,2
20799,0
20800,0
20801,2
20802,2
20803,1
20804,0
20805,0
20806,2
20807,0
20808,2
20809,0
20810,0
20811,0
20812,0
20813,0
20814,2
20815,2
20816,1
20817,1
20818,2
20819,1
20820,2
20821,0
20822,1
20823,2
20824,0
20825,0
20826,0
20827,2
20828,1
20829,0
20830,0
20831,2
20832,0
20833,0
20834,1
20835,0
20836,0
20837,0
20838,0
20839,2
20840,1
20841,0
20842,1
20843,2
20844,2
20845,2
20846,2
20847,0
20848,2
20849,1
20850,2
20851,1
20852,1
20853,1
20854,0
20855,1
20856,1
20857,2
20858,2
20859,0
20860,0
20861,1
20862,2
20863,0
20864,0
20865,1
20866,0
20867,2
20868,2
20869,0
20870,0
20871,0
20872,1
20873,0
20874,1
20875,1
20876,1
20877,2
20878,1
20879,1
20880,2
20881,0
20882,2
20883,2
20884,2
20885,2
20886,1
20887,1
20888,0
20889,1
20890,1
20891,2
20892,2
20893,2
20894,1
20895,0
20896,1
20897,2
20898,0
20899,1
20900,1
20901,2
20902,0
20903,1
20904,2
20905,0
20906,1
20907,0
20908,2
20909,1
20910,0
20911,1
20912,0
20913,2
20914,2
20915,0
20916,1
20917,0
20918,0
20919,0
20920,0
20921,1
20922,1
20923,0
20924,0
20925,1
20926,1
20927,2
20928,0
20929,2
20930,2
20931,0
20932,1
20933,1
20934,2
20935,0
20936,0
20937,0
20938,2
20939,2
20940,0
20941,0
20942,0
20943,0
20944,1
20945,0
20946,2
20947,1
20948,1
20949,0
20950,0
20951,2
20952,1
20953,2
20954,2
20955,0
20956,1
20957,1
20958,1
20959,0
20960,2
20961,2
20962,0
20963,1
20964,2
20965,0
20966,2
20967,0
20968,1
20969,2
20970,1
20971,0
20972,0
20973,2
20974,1
20975,1
20976,0
20977,2
20978,2
20979,0
20980,0
20981,2
20982,1
20983,2
20984,2
20985,2
20986,1
20987,0
20988,2
20989,0
20990,2
20991,0
20992,0
20993,2
20994,1
20995,2
20996,2
20997,0
20998,1
20999,1
21000,1
21001,1
21002,0
21003,1
21004,2
21005,0
21006,0
21007,1
21008,0
21009,2
21010,2
21011,1
21012,0
21013,0
21014,1
21015,2
21016,1
21017,0
21018,1
21019,0
21020,0
21021,1
21022,0
21023,0
21024,0
21025,0
21026,0
21027,2
21028,0
21029,0
21030,0
21031,2
21032,0
21033,0
21034,0
21035,0
21036,1
21037,0
21038,1
21039,2
21040,0
21041,0
21042,0
21043,2
21044,0
21045,1
21046,0
21047,2
21048,0
21049,0
21050,2
21051,2
21052,0
21053,0
21054,0
21055,0
21056,0
21057,2
21058,1
21059,0
21060,0
21061,0
21062,0
21063,0
21064,0
21065,0
21066,2
21067,0
21068,1
21069,1
21070,2
21071,0
21072,2
21073,2
21074,2
21075,0
21076,1
21077,0
21078,0
21079,0
21080,2
21081,2
21082,2
21083,1
21084,1
21085,1
21086,0
21087,1
21088,0
21089,2
21090,1
21091,0
21092,2
21093,0
21094,0
21095,0
21096,0
21097,0
21098,2
21099,0
21100,2
21101,0
21102,1
21103,2
21104,0
21105,1
21106,2
21107,0
21108,1
21109,0
21110,1
21111,2
21112,0
21113,1
21114,0
21115,1
21116,0
21117,0
21118,0
21119,0
21120,0
21121,0
21122,0
21123,0
21124,1
21125,1
21126,0
21127,2
21128,1
21129,1
21130,2
21131,0
21132,1
21133,0
21134,1
21135,0
21136,2
21137,0
21138,0
21139,0
21140,1
21141,1
21142,1
21143,0
21144,1
21145,2
21146,1
21147,0
21148,1
21149,0
21150,2
21151,1
21152,2
21153,2
21154,1
21155,0
21156,0
21157,2
21158,0
21159,0
21160,1
21161,1
21162,0
21163,0
21164,2
21165,1
21166,0
21167,1
21168,0
21169,0
21170,1
21171,1
21172,2
21173,1
21174,2
21175,2
21176,0
21177,1
21178,0
21179,1
21180,1
21181,0
21182,0
21183,0
21184,1
21185,2
21186,0
21187,0
21188,0
21189,1
21190,0
21191,2
21192,0
21193,2
21194,0
21195,2
21196,2
21197,1
21198,0
21199,2
21200,0
21201,0
21202,0
21203,1
21204,0
21205,2
21206,1
21207,1
21208,2
21209,1
21210,0
21211,1
21212,2
21213,1
21214,2
21215,1
21216,1
21217,2
21218,0
21219,2
21220,1
21221,1
21222,2
21223,2
21224,0
21225,1
21226,2
21227,1
21228,1
21229,0
21230,2
21231,0
21232,0
21233,0
21234,0
21235,1
21236,0
21237,1
21238,2
21239,1
21240,0
21241,0
21242,0
21243,1
21244,2
21245,2
21246,0
21247,1
21248,0
21249,2
21250,0
21251,0
21252,1
21253,1
21254,0
21255,1
21256,0
21257,2
21258,1
21259,1
21260,1
21261,0
21262,1
21263,2
21264,1
21265,2
21266,0
21267,0
21268,0
21269,0
21270,0
21271,1
21272,2
21273,2
21274,1
21275,2
21276,1
21277,1
21278,0
21279,0
21280,2
21281,1
21282,1
21283,1
21284,1
21285,2
21286,0
21287,0
21288,2
21289,1
21290,2
21291,1
21292,2
21293,0
21294,0
21295,0
21296,2
21297,1
21298,0
21299,0
21300,2
21301,0
21302,0
21303,0
21304,2
21305,0
21306,0
21307,2
21308,1
21309,2
21310,0
21311,2
21312,1
21313,1
21314,2
21315,1
21316,0
21317,0
21318,1
21319,1
21320,0
21321,1
21322,0
21323,1
21324,0
21325,2
21326,1
21327,2
21328,0
21329,0
21330,2
21331,0
21332,0
21333,1
21334,2
21335,2
21336,1
21337,2
21338,2
21339,0
21340,1
21341,2
21342,0
21343,2
21344,0
21345,2
21346,0
21347,2
21348,0
21349,0
21350,1
21351,0
21352,0
21353,0
21354,2
21355,2
21356,0
21357,1
21358,0
21359,2
21360,2
21361,2
21362,2
21363,1
21364,2
21365,2
21366,0
21367,1
21368,1
21369,0
21370,1
21371,0
21372,0
21373,1
21374,0
21375,1
21376,0
21377,0
21378,0
21379,2
21380,0
21381,0
21382,0
21383,1
21384,0
21385,0
21386,2
21387,0
21388,0
21389,0
21390,0
21391,1
21392,1
21393,2
21394,1
21395,0
21396,0
21397,0
21398,0
21399,2
21400,2
21401,2
21402,0
21403,0
21404,1
21405,0
21406,0
21407,2
21408,1
21409,0
21410,0
21411,0
21412,1
21413,0
21414,0
21415,1
21416,2
21417,1
21418,2
21419,1
21420,1
21421,1
21422,1
21423,2
21424,1
21425,2
21426,0
21427,1
21428,0
21429,1
21430,1
21431,1
21432,0
21433,0
21434,0
21435,1
21436,2
21437,0
21438,1
21439,0
21440,2
21441,2
21442,0
21443,1
21444,1
21445,0
21446,0
21447,0
21448,0
21449,1
21450,0
21451,2
21452,0
21453,0
21454,0
21455,1
21456,0
21457,0
21458,1
21459,1
21460,1
21461,2
21462,2
21463,2
21464,1
21465,0
21466,2
21467,1
21468,2
21469,1
21470,1
21471,2
21472,2
21473,1
21474,0
21475,1
21476,0
21477,1
21478,2
21479,1
21480,2
21481,1
21482,0
21483,1
21484,0
21485,0
21486,0
21487,0
21488,2
21489,2
21490,0
21491,0
21492,0
21493,2
21494,2
21495,2
21496,0
21497,0
21498,2
21499,1
21500,0
21501,0
21502,2
21503,0
21504,1
21505,2
21506,1
21507,1
21508,1
21509,0
21510,0
21511,0
21512,1
21513,0
21514,0
21515,0
21516,0
21517,0
21518,0
21519,1
21520,2
21521,1
21522,0
21523,2
21524,0
21525,0
21526,2
21527,0
21528,0
21529,2
21530,2
21531,1
21532,2
21533,1
21534,0
21535,2
21536,0
21537,2
21538,0
21539,0
21540,0
21541,2
21542,1
21543,2
21544,1
21545,1
21546,1
21547,2
21548,1
21549,1
21550,0
21551,0
21552,1
21553,0
21554,1
21555,0
21556,0
21557,0
21558,1
21559,1
21560,0
21561,2
21562,1
21563,2
21564,0
21565,2
21566,1
21567,0
21568,2
21569,1
21570,0
21571,0
21572,0
21573,0
21574,1
21575,2
21576,1
21577,1
21578,0
21579,0
21580,0
21581,0
21582,1
21583,1
21584,1
21585,0
21586,1
21587,2
21588,1
21589,1
21590,0
21591,0
21592,1
21593,1
21594,2
21595,1
21596,1
21597,2
21598,0
21599,1
21600,2
21601,1
21602,2
21603,1
21604,0
21605,1
21606,2
21607,0
21608,0
21609,0
21610,0
21611,2
21612,2
21613,2
21614,1
21615,0
21616,1
21617,2
21618,2
21619,1
21620,0
21621,0
21622,2
21623,2
21624,0
21625,1
21626,0
21627,0
21628,0
21629,1
21630,1
21631,2
21632,2
21633,0
21634,2
21635,2
21636,0
21637,0
21638,0
21639,1
21640,1
21641,2
21642,0
21643,2
21644,0
21645,1
21646,2
21647,0
21648,1
21649,0
21650,1
21651,0
21652,0
21653,2
21654,2
21655,1
21656,1
21657,0
21658,0
21659,2
21660,1
21661,1
21662,1
21663,0
21664,1
21665,0
21666,1
21667,2
21668,0
21669,0
21670,0
21671,2
21672,1
21673,0
21674,0
21675,1
21676,2
21677,0
21678,0
21679,1
21680,1
21681,2
21682,1
21683,0
21684,2
21685,2
21686,0
21687,0
21688,1
21689,0
21690,2
21691,2
21692,1
21693,0
21694,1
21695,0
21696,0
21697,1
21698,0
21699,0
21700,0
21701,2
21702,2
21703,1
21704,0
21705,0
21706,1
21707,0
21708,0
21709,0
21710,1
21711,0
21712,0
21713,0
21714,2
21715,0
21716,2
21717,2
21718,1
21719,1
21720,1
21721,1
21722,0
21723,0
21724,0
21725,0
21726,1
21727,1
21728,0
21729,2
21730,0
21731,0
21732,0
21733,0
21734,0
21735,1
21736,0
21737,1
21738,2
21739,1
21740,2
21741,1
21742,0
21743,1
21744,1
21745,1
21746,0
21747,0
21748,0
21749,1
21750,0
21751,0
21752,0
21753,1
21754,2
21755,1
21756,2
21757,1
21758,0
21759,1
21760,1
21761,0
21762,0
21763,2
21764,1
21765,0
21766,1
21767,2
21768,0
21769,0
21770,0
21771,0
21772,1
21773,2
21774,0
21775,1
21776,0
21777,2
21778,0
21779,0
21780,2
21781,2
21782,0
21783,0
21784,2
21785,1
21786,0
21787,0
21788,2
21789,2
21790,2
21791,0
21792,1
21793,2
21794,1
21795,1
21796,0
21797,2
21798,2
21799,0
21800,0
21801,0
21802,0
21803,2
21804,2
21805,0
21806,0
21807,1
21808,1
21809,2
21810,0
21811,0
21812,1
21813,1
21814,2
21815,0
21816,1
21817,0
21818,1
21819,1
21820,2
21821,0
21822,2
21823,0
21824,2
21825,0
21826,2
21827,1
21828,1
21829,0
21830,0
21831,1
21832,1
21833,2
21834,0
21835,2
21836,0
21837,2
21838,2
21839,0
21840,0
21841,0
21842,0
21843,1
21844,1
21845,2
21846,1
21847,0
21848,1
21849,0
21850,1
21851,1
21852,1
21853,0
21854,0
21855,0
21856,0
21857,1
21858,2
21859,1
21860,0
21861,0
21862,1
21863,1
21864,0
21865,1
21866,2
21867,1
21868,2
21869,0
21870,1
21871,0
21872,1
21873,1
21874,1
21875,0
21876,2
21877,0
21878,2
21879,0
21880,1
21881,2
21882,0
21883,0
21884,2
21885,0
21886,0
21887,0
21888,0
21889,0
21890,0
21891,0
21892,2
21893,2
21894,1
21895,1
21896,0
21897,0
21898,1
21899,2
21900,1
21901,0
21902,0
21903,1
21904,0
21905,2
21906,1
21907,1
21908,1
21909,2
21910,2
21911,0
21912,1
21913,0
21914,2
21915,2
21916,1
21917,0
21918,0
21919,2
21920,0
21921,1
21922,0
21923,0
21924,1
21925,2
21926,2
21927,1
21928,1
21929,2
21930,2
21931,2
21932,0
21933,0
21934,0
21935,2
21936,2
21937,0
21938,2
21939,2
21940,0
21941,0
21942,2
21943,0
21944,0
21945,1
21946,1
21947,0
21948,1
21949,2
21950,1
21951,2
21952,2
21953,0
21954,0
21955,0
21956,2
21957,1
21958,2
21959,2
21960,1
21961,2
21962,2
21963,1
21964,1
21965,1
21966,0
21967,0
21968,0
21969,1
21970,2
21971,1
21972,2
21973,0
21974,2
21975,2
21976,1
21977,1
21978,2
21979,1
21980,0
21981,0
21982,1
21983,1
21984,1
21985,2
21986,1
21987,0
21988,0
21989,1
21990,0
21991,1
21992,2
21993,0
21994,0
21995,0
21996,2
21997,0
21998,1
21999,0
22000,0
22001,0
22002,0
22003,2
22004,1
22005,1
22006,0
22007,0
22008,0
22009,0
22010,2
22011,1
22012,0
22013,0
22014,2
22015,1
22016,0
22017,0
22018,0
22019,1
22020,0
22021,1
22022,0
22023,0
22024,1
22025,0
22026,0
22027,1
22028,0
22029,2
22030,0
22031,1
22032,0
22033,1
22034,0
22035,0
22036,2
22037,0
22038,0
22039,1
22040,0
22041,0
22042,1
22043,2
22044,2
22045,2
22046,1
22047,0
22048,1
22049,2
22050,2
22051,1
22052,1
22053,1
22054,0
22055,1
22056,0
22057,1
22058,1
22059,1
22060,0
22061,0
22062,1
22063,2
22064,0
22065,0
22066,0
22067,2
22068,0
22069,0
22070,2
22071,2
22072,0
22073,1
22074,0
22075,2
22076,0
22077,1
22078,0
22079,0
22080,0
22081,0
22082,0
22083,0
22084,0
22085,2
22086,0
22087,1
22088,0
22089,2
22090,0
22091,1
22092,1
22093,2
22094,2
22095,0
22096,1
22097,0
22098,2
22099,1
22100,0
22101,0
22102,0
22103,2
22104,1
22105,0
22106,0
22107,1
22108,2
22109,2
22110,1
22111,2
22112,2
22113,1
22114,1
22115,1
22116,2
22117,0
22118,2
22119,0
22120,0
22121,0
22122,2
22123,2
22124,1
22125,0
22126,0
22127,0
22128,0
22129,0
22130,0
22131,2
22132,1
22133,2
22134,1
22135,1
22136,2
22137,0
22138,0
22139,0
22140,0
22141,2
22142,0
22143,0
22144,1
22145,2
22146,0
22147,0
22148,0
22149,1
22150,0
22151,1
22152,0
22153,2
22154,0
22155,2
22156,2
22157,1
22158,0
22159,1
22160,0
22161,0
22162,1
22163,1
22164,2
22165,2
22166,2
22167,2
22168,0
22169,1
22170,0
22171,2
22172,1
22173,0
22174,1
22175,0
22176,0
22177,0
22178,2
22179,2
22180,0
22181,2
22182,2
22183,0
22184,0
22185,2
22186,0
22187,0
22188,1
22189,2
22190,0
22191,2
22192,1
22193,0
22194,0
22195,0
22196,1
22197,1
22198,2
22199,0
22200,0
22201,2
22202,2
22203,2
22204,0
22205,2
22206,2
22207,1
22208,2
22209,1
22210,0
22211,0
22212,0
22213,0
22214,2
22215,1
22216,2
22217,0
22218,0
22219,1
22220,1
22221,1
22222,0
22223,0
22224,1
22225,1
22226,2
22227,0
22228,2
22229,0
22230,1
22231,1
22232,0
22233,2
22234,1
22235,1
22236,2
22237,1
22238,0
22239,0
22240,1
22241,0
22242,2
22243,0
22244,2
22245,2
22246,2
22247,0
22248,1
22249,0
22250,0
22251,2
22252,1
22253,0
22254,0
22255,0
22256,2
22257,2
22258,0
22259,0
22260,2
22261,1
22262,0
22263,0
22264,1
22265,2
22266,0
22267,1
22268,2
22269,2
22270,0
22271,1
22272,1
22273,1
22274,2
22275,2
22276,2
22277,1
22278,1
22279,0
22280,1
22281,0
22282,0
22283,1
22284,2
22285,0
22286,1
22287,0
22288,0
22289,2
22290,2
22291,1
22292,2
22293,1
22294,0
22295,0
22296,2
22297,0
22298,2
22299,1
22300,2
22301,1
22302,0
22303,2
22304,2
22305,0
22306,0
22307,1
22308,0
22309,2
22310,0
22311,2
22312,0
22313,0
22314,2
22315,1
22316,0
22317,0
22318,1
22319,0
22320,0
22321,0
22322,0
22323,0
22324,0
22325,1
22326,0
22327,2
22328,0
22329,0
22330,2
22331,2
22332,1
22333,0
22334,0
22335,1
22336,2
22337,1
22338,1
22339,0
22340,0
22341,2
22342,1
22343,2
22344,2
22345,0
22346,2
22347,1
22348,1
22349,1
22350,1
22351,0
22352,1
22353,2
22354,0
22355,0
22356,1
22357,2
22358,1
22359,0
22360,1
22361,1
22362,0
22363,2
22364,0
22365,0
22366,0
22367,0
22368,2
22369,1
22370,2
22371,0
22372,2
22373,0
22374,1
22375,0
22376,2
22377,0
22378,1
22379,2
22380,1
22381,0
22382,0
22383,2
22384,2
22385,1
22386,1
22387,0
22388,0
22389,0
22390,1
22391,2
22392,2
22393,1
22394,2
22395,0
22396,2
22397,2
22398,2
22399,1
22400,1
22401,1
22402,1
22403,0
22404,2
22405,1
22406,1
22407,0
22408,0
22409,0
22410,0
22411,0
22412,0
22413,0
22414,2
22415,1
22416,0
22417,2
22418,0
22419,1
22420,0
22421,0
22422,2
22423,2
22424,2
22425,0
22426,1
22427,2
22428,1
22429,0
22430,2
22431,1
22432,0
22433,2
22434,0
22435,2
22436,2
22437,1
22438,1
22439,2
22440,0
22441,0
22442,0
22443,0
22444,0
22445,0
22446,2
22447,0
22448,1
22449,2
22450,0
22451,0
22452,0
22453,0
22454,0
22455,0
22456,0
22457,2
22458,2
22459,0
22460,0
22461,2
22462,2
22463,0
22464,2
22465,1
22466,1
22467,1
22468,0
22469,0
22470,0
22471,2
22472,1
22473,0
22474,1
22475,0
22476,2
22477,0
22478,1
22479,2
22480,0
22481,0
22482,0
22483,1
22484,1
22485,0
22486,0
22487,1
22488,0
22489,2
22490,2
22491,2
22492,2
22493,1
22494,2
22495,0
22496,1
22497,2
22498,2
22499,0
22500,0
22501,2
22502,0
22503,1
22504,2
22505,0
22506,1
22507,1
22508,1
22509,2
22510,0
22511,1
22512,0
22513,1
22514,0
22515,2
22516,0
22517,0
22518,0
22519,0
22520,1
22521,0
22522,1
22523,0
22524,2
22525,0
22526,2
22527,2
22528,0
22529,0
22530,2
22531,2
22532,0
22533,1
22534,0
22535,1
22536,1
22537,1
22538,1
22539,2
22540,2
22541,0
22542,2
22543,2
22544,0
22545,0
22546,2
22547,0
22548,2
22549,0
22550,0
22551,2
22552,0
22553,2
22554,1
22555,0
22556,0
22557,0
22558,1
22559,0
22560,1
22561,1
22562,0
22563,1
22564,0
22565,2
22566,1
22567,1
22568,0
22569,1
22570,0
22571,2
22572,2
22573,1
22574,2
22575,1
22576,1
22577,1
22578,0
22579,1
22580,0
22581,2
22582,0
22583,0
22584,1
22585,2
22586,0
22587,1
22588,2
22589,2
22590,0
22591,2
22592,1
22593,2
22594,0
22595,2
22596,1
22597,2
22598,2
22599,0
22600,0
22601,2
22602,1
22603,2
22604,1
22605,1
22606,0
22607,1
22608,2
22609,2
22610,1
22611,1
22612,0
22613,1
22614,1
22615,1
22616,0
22617,0
22618,0
22619,1
22620,0
22621,1
22622,2
22623,2
22624,0
22625,2
22626,1
22627,0
22628,1
22629,0
22630,0
22631,2
22632,1
22633,0
22634,1
22635,1
22636,2
22637,0
22638,1
22639,1
22640,1
22641,2
22642,2
22643,1
22644,1
22645,0
22646,1
22647,1
22648,1
22649,1
22650,0
22651,1
22652,2
22653,1
22654,2
22655,2
22656,0
22657,1
22658,0
22659,0
22660,1
22661,0
22662,0
22663,1
22664,2
22665,1
22666,1
22667,1
22668,1
22669,0
22670,0
22671,1
22672,1
22673,0
22674,1
22675,0
22676,1
22677,0
22678,1
22679,1
22680,2
22681,2
22682,0
22683,2
22684,2
22685,2
22686,0
22687,1
22688,0
22689,2
22690,2
22691,1
22692,2
22693,2
22694,1
22695,2
22696,0
22697,0
22698,1
22699,1
22700,1
22701,1
22702,1
22703,2
22704,0
22705,0
22706,0
22707,2
22708,1
22709,0
22710,0
22711,1
22712,2
22713,0
22714,1
22715,0
22716,0
22717,1
22718,0
22719,0
22720,1
22721,1
22722,2
22723,0
22724,2
22725,0
22726,2
22727,2
22728,2
22729,2
22730,1
22731,1
22732,0
22733,1
22734,1
22735,0
22736,2
22737,2
22738,1
22739,1
22740,2
22741,2
22742,2
22743,0
22744,0
22745,2
22746,1
22747,0
22748,0
22749,2
22750,2
22751,1
22752,1
22753,2
22754,1
22755,0
22756,1
22757,2
22758,1
22759,0
22760,0
22761,2
22762,0
22763,0
22764,2
22765,1
22766,2
22767,2
22768,1
22769,2
22770,2
22771,2
22772,2
22773,0
22774,0
22775,0
22776,0
22777,2
22778,2
22779,1
22780,1
22781,1
22782,2
22783,2
22784,2
22785,1
22786,1
22787,1
22788,2
22789,0
22790,1
22791,0
22792,0
22793,0
22794,1
22795,2
22796,0
22797,1
22798,1
22799,1
22800,0
22801,2
22802,2
22803,0
22804,1
22805,0
22806,0
22807,1
22808,1
22809,0
22810,0
22811,1
22812,1
22813,2
22814,0
22815,0
22816,2
22817,0
22818,0
22819,2
22820,0
22821,0
22822,0
22823,1
22824,0
22825,0
22826,0
22827,2
22828,2
22829,2
22830,2
22831,2
22832,1
22833,2
22834,1
22835,0
22836,2
22837,2
22838,1
22839,0
22840,0
22841,2
22842,0
22843,2
22844,0
22845,1
22846,0
22847,0
22848,0
22849,2
22850,1
22851,1
22852,0
22853,2
22854,2
22855,2
22856,1
22857,0
22858,1
22859,0
22860,0
22861,2
22862,2
22863,1
22864,1
22865,2
22866,1
22867,0
22868,0
22869,2
22870,1
22871,1
22872,2
22873,1
22874,2
22875,0
22876,0
22877,0
22878,0
22879,0
22880,0
22881,0
22882,1
22883,0
22884,1
22885,2
22886,2
22887,2
22888,2
22889,0
22890,1
22891,1
22892,2
22893,2
22894,1
22895,0
22896,2
22897,2
22898,0
22899,0
22900,2
22901,2
22902,0
22903,1
22904,1
22905,0
22906,0
22907,1
22908,2
22909,1
22910,2
22911,0
22912,1
22913,1
22914,1
22915,2
22916,0
22917,0
22918,1
22919,2
22920,0
22921,1
22922,1
22923,1
22924,2
22925,0
22926,2
22927,2
22928,1
22929,0
22930,2
22931,1
22932,1
22933,0
22934,1
22935,0
22936,2
22937,1
22938,0
22939,0
22940,2
22941,0
22942,2
22943,2
22944,2
22945,2
22946,0
22947,2
22948,1
22949,1
22950,2
22951,2
22952,2
22953,1
22954,1
22955,0
22956,2
22957,2
22958,0
22959,0
22960,0
22961,0
22962,0
22963,0
22964,0
22965,0
22966,0
22967,0
22968,2
22969,0
22970,0
22971,2
22972,0
22973,0
22974,0
22975,0
22976,2
22977,2
22978,1
22979,0
22980,1
22981,1
22982,2
22983,1
22984,1
22985,0
22986,0
22987,0
22988,1
22989,0
22990,0
22991,2
22992,1
22993,2
22994,0
22995,2
22996,2
22997,1
22998,0
22999,2
23000,0
23001,1
23002,0
23003,0
23004,1
23005,0
23006,0
23007,1
23008,1
23009,0
23010,2
23011,2
23012,2
23013,1
23014,1
23015,2
23016,1
23017,1
23018,0
23019,0
23020,2
23021,0
23022,1
23023,1
23024,1
23025,2
23026,1
23027,1
23028,0
23029,1
23030,1
23031,2
23032,0
23033,1
23034,2
23035,0
23036,0
23037,2
23038,0
23039,2
23040,2
23041,2
23042,2
23043,2
23044,0
23045,1
23046,0
23047,2
23048,2
23049,0
23050,0
23051,0
23052,0
23053,0
23054,1
23055,1
23056,1
23057,1
23058,0
23059,0
23060,0
23061,2
23062,0
23063,2
23064,0
23065,0
23066,2
23067,1
23068,0
23069,0
23070,1
23071,2
23072,2
23073,2
23074,1
23075,1
23076,1
23077,1
23078,1
23079,1
23080,1
23081,0
23082,1
23083,0
23084,2
23085,2
23086,0
23087,2
23088,1
23089,1
23090,2
23091,0
23092,0
23093,2
23094,1
23095,1
23096,0
23097,1
23098,2
23099,0
23100,2
23101,1
23102,0
23103,0
23104,1
23105,2
23106,2
23107,1
23108,0
23109,1
23110,2
23111,0
23112,0
23113,1
23114,2
23115,1
23116,2
23117,1
23118,0
23119,0
23120,0
23121,2
23122,0
23123,2
23124,2
23125,1
23126,0
23127,0
23128,1
23129,0
23130,1
23131,2
23132,1
23133,1
23134,0
23135,2
23136,1
23137,1
23138,2
23139,0
23140,1
23141,2
23142,2
23143,2
23144,2
23145,2
23146,0
23147,0
23148,0
23149,0
23150,0
23151,0
23152,2
23153,0
23154,2
23155,0
23156,2
23157,1
23158,0
23159,2
23160,0
23161,2
23162,1
23163,0
23164,0
23165,2
23166,2
23167,2
23168,2
23169,1
23170,0
23171,1
23172,2
23173,1
23174,0
23175,1
23176,0
23177,0
23178,0
23179,0
23180,2
23181,0
23182,0
23183,0
23184,0
23185,1
23186,0
23187,0
23188,0
23189,0
23190,0
23191,1
23192,0
23193,1
23194,0
23195,2
23196,0
23197,0
23198,0
23199,2
23200,1
23201,2
23202,0
23203,2
23204,0
23205,0
23206,0
23207,2
23208,2
23209,2
23210,0
23211,1
23212,0
23213,2
23214,0
23215,0
23216,0
23217,0
23218,1
23219,2
23220,2
23221,0
23222,0
23223,0
23224,0
23225,2
23226,2
23227,0
23228,1
23229,2
23230,0
23231,1
23232,2
23233,1
23234,2
23235,0
23236,1
23237,2
23238,0
23239,2
23240,2
23241,0
23242,0
23243,0
23244,1
23245,0
23246,1
23247,0
23248,2
23249,0
23250,2
23251,1
23252,1
23253,2
23254,1
23255,1
23256,0
23257,1
23258,1
23259,0
23260,2
23261,1
23262,0
23263,1
23264,1
23265,0
23266,2
23267,1
23268,2
23269,0
23270,2
23271,1
23272,0
23273,1
23274,0
23275,0
23276,0
23277,1
23278,0
23279,2
23280,0
23281,1
23282,0
23283,0
23284,0
23285,0
23286,1
23287,2
23288,1
23289,0
23290,2
23291,1
23292,2
23293,0
23294,2
23295,0
23296,2
23297,2
23298,1
23299,2
23300,1
23301,1
23302,2
23303,0
23304,0
23305,1
23306,0
23307,0
23308,2
23309,0
23310,2
23311,0
23312,1
23313,1
23314,2
23315,2
23316,2
23317,2
23318,1
23319,2
23320,0
23321,2
23322,1
23323,1
23324,0
23325,0
23326,0
23327,2
23328,0
23329,0
23330,1
23331,0
23332,0
23333,2
23334,0
23335,0
23336,0
23337,0
23338,2
23339,1
23340,0
23341,2
23342,1
23343,0
23344,0
23345,0
23346,2
23347,0
23348,2
23349,2
23350,2
23351,2
23352,0
23353,0
23354,2
23355,2
23356,0
23357,0
23358,0
23359,2
23360,0
23361,1
23362,0
23363,0
23364,1
23365,0
23366,1
23367,2
23368,1
23369,2
23370,0
23371,1
23372,1
23373,0
23374,2
23375,0
23376,2
23377,2
23378,0
23379,2
23380,2
23381,0
23382,0
23383,0
23384,2
23385,1
23386,2
23387,2
23388,0
23389,0
23390,0
23391,1
23392,0
23393,0
23394,2
23395,1
23396,0
23397,0
23398,2
23399,2
23400,0
23401,1
23402,2
23403,0
23404,2
23405,1
23406,2
23407,0
23408,0
23409,0
23410,1
23411,0
23412,2
23413,2
23414,2
23415,0
23416,0
23417,1
23418,1
23419,0
23420,1
23421,2
23422,1
23423,1
23424,0
23425,2
23426,0
23427,1
23428,1
23429,0
23430,2
23431,2
23432,0
23433,1
23434,0
23435,1
23436,2
23437,0
23438,1
23439,2
23440,2
23441,2
23442,0
23443,0
23444,2
23445,2
23446,2
23447,2
23448,1
23449,0
23450,0
23451,2
23452,2
23453,0
23454,0
23455,0
23456,0
23457,0
23458,2
23459,0
23460,2
23461,2
23462,2
23463,0
23464,0
23465,2
23466,2
23467,1
23468,1
23469,0
23470,2
23471,0
23472,2
23473,0
23474,2
23475,0
23476,0
23477,1
23478,1
23479,1
23480,2
23481,2
23482,0
23483,0
23484,0
23485,0
23486,0
23487,2
23488,0
23489,2
23490,0
23491,0
23492,2
23493,1
23494,2
23495,1
23496,2
23497,0
23498,2
23499,2
23500,0
23501,0
23502,1
23503,2
23504,0
23505,1
23506,1
23507,0
23508,0
23509,0
23510,2
23511,2
23512,2
23513,1
23514,2
23515,2
23516,0
23517,0
23518,2
23519,0
23520,2
23521,0
23522,0
23523,1
23524,1
23525,1
23526,2
23527,1
23528,0
23529,0
23530,1
23531,0
23532,2
23533,2
23534,2
23535,2
23536,0
23537,1
23538,2
23539,1
23540,1
23541,2
23542,2
23543,1
23544,1
23545,2
23546,0
23547,2
23548,0
23549,0
23550,2
23551,2
23552,0
23553,2
23554,0
23555,2
23556,0
23557,2
23558,0
23559,0
23560,1
23561,0
23562,2
23563,2
23564,0
23565,0
23566,2
23567,1
23568,0
23569,1
23570,2
23571,2
23572,0
23573,2
23574,0
23575,0
23576,1
23577,2
23578,2
23579,2
23580,2
23581,2
23582,1
23583,0
23584,0
23585,0
23586,2
23587,0
23588,0
23589,2
23590,0
23591,0
23592,1
23593,0
23594,0
23595,1
23596,1
23597,0
23598,0
23599,2
23600,2
23601,2
23602,0
23603,0
23604,0
23605,1
23606,1
23607,0
23608,0
23609,0
23610,2
23611,0
23612,2
23613,1
23614,0
23615,1
23616,0
23617,1
23618,2
23619,1
23620,0
23621,1
23622,1
23623,1
23624,0
23625,2
23626,2
23627,0
23628,2
23629,1
23630,1
23631,0
23632,0
23633,1
23634,2
23635,1
23636,1
23637,0
23638,0
23639,1
23640,1
23641,0
23642,0
23643,0
23644,0
23645,2
23646,2
23647,0
23648,0
23649,1
23650,0
23651,1
23652,1
23653,2
23654,0
23655,0
23656,0
23657,2
23658,1
23659,0
23660,0
23661,1
23662,1
23663,0
23664,1
23665,0
23666,0
23667,2
23668,2
23669,1
23670,0
23671,1
23672,2
23673,2
23674,0
23675,1
23676,0
23677,0
23678,1
23679,1
23680,1
23681,1
23682,1
23683,0
23684,1
23685,2
23686,2
23687,1
23688,0
23689,2
23690,2
23691,2
23692,1
23693,1
23694,0
23695,2
23696,0
23697,0
23698,1
23699,0
23700,0
23701,0
23702,0
23703,1
23704,1
23705,1
23706,0
23707,1
23708,0
23709,0
23710,1
23711,1
23712,0
23713,1
23714,2
23715,2
23716,0
23717,0
23718,1
23719,0
23720,1
23721,1
23722,2
23723,2
23724,0
23725,0
23726,2
23727,0
23728,2
23729,0
23730,2
23731,1
23732,0
23733,0
23734,0
23735,1
23736,1
23737,1
23738,0
23739,1
23740,2
23741,1
23742,0
23743,2
23744,2
23745,0
23746,1
23747,2
23748,1
23749,0
23750,2
23751,0
23752,0
23753,0
23754,0
23755,1
23756,0
23757,1
23758,1
23759,1
23760,1
23761,0
23762,1
23763,0
23764,2
23765,0
23766,0
23767,1
23768,2
23769,2
23770,2
23771,0
23772,2
23773,0
23774,1
23775,0
23776,1
23777,0
23778,1
23779,1
23780,1
23781,1
23782,1
23783,2
23784,2
23785,0
23786,1
23787,1
23788,0
23789,0
23790,2
23791,1
23792,2
23793,0
23794,1
23795,1
23796,1
23797,0
23798,0
23799,1
23800,1
23801,1
23802,0
23803,2
23804,0
23805,2
23806,0
23807,2
23808,0
23809,0
23810,0
23811,2
23812,0
23813,2
23814,0
23815,0
23816,2
23817,2
23818,1
23819,0
23820,0
23821,0
23822,0
23823,1
23824,2
23825,2
23826,2
23827,0
23828,0
23829,1
23830,1
23831,2
23832,0
23833,2
23834,2
23835,1
23836,1
23837,1
23838,0
23839,2
23840,2
23841,2
23842,0
23843,0
23844,0
23845,2
23846,0
23847,2
23848,0
23849,0
23850,1
23851,2
23852,0
23853,0
23854,1
23855,1
23856,0
23857,1
23858,1
23859,0
23860,1
23861,2
23862,1
23863,1
23864,2
23865,2
23866,1
23867,2
23868,0
23869,0
23870,0
23871,2
23872,0
23873,2
23874,1
23875,2
23876,2
23877,1
23878,0
23879,0
23880,0
23881,1
23882,0
23883,0
23884,2
23885,1
23886,2
23887,1
23888,0
23889,0
23890,1
23891,1
23892,0
23893,0
23894,1
23895,0
23896,0
23897,0
23898,0
23899,0
23900,2
23901,0
23902,1
23903,0
23904,0
23905,2
23906,0
23907,1
23908,1
23909,2
23910,1
23911,0
23912,1
23913,2
23914,0
23915,0
23916,2
23917,1
23918,0
23919,0
23920,0
23921,0
23922,0
23923,2
23924,0
23925,0
23926,2
23927,0
23928,1
23929,2
23930,1
23931,0
23932,2
23933,2
23934,2
23935,2
23936,0
23937,0
23938,0
23939,0
23940,0
23941,0
23942,2
23943,1
23944,2
23945,1
23946,0
23947,1
23948,0
23949,1
23950,0
23951,0
23952,2
23953,2
23954,1
23955,2
23956,2
23957,1
23958,0
23959,2
23960,0
23961,2
23962,0
23963,2
23964,2
23965,2
23966,0
23967,0
23968,1
23969,0
23970,0
23971,1
23972,2
23973,1
23974,1
23975,0
23976,1
23977,1
23978,1
23979,1
23980,0
23981,0
23982,0
23983,0
23984,1
23985,0
23986,2
23987,0
23988,0
23989,0
23990,2
23991,2
23992,1
23993,0
23994,0
23995,2
23996,1
23997,2
23998,0
23999,1
24000,0
24001,0
24002,1
24003,0
24004,0
24005,0
24006,0
24007,1
24008,0
24009,1
24010,1
24011,0
24012,0
24013,0
24014,1
24015,0
24016,1
24017,2
24018,2
24019,0
24020,0
24021,2
24022,0
24023,1
24024,1
24025,1
24026,1
24027,2
24028,2
24029,0
24030,0
24031,1
24032,0
24033,0
24034,1
24035,0
24036,0
24037,1
24038,0
24039,2
24040,0
24041,2
24042,2
24043,0
24044,2
24045,2
24046,0
24047,0
24048,0
24049,0
24050,1
24051,0
24052,1
24053,0
24054,1
24055,0
24056,0
24057,1
24058,1
24059,0
24060,0
24061,2
24062,0
24063,1
24064,1
24065,2
24066,0
24067,2
24068,0
24069,0
24070,1
24071,0
24072,0
24073,2
24074,1
24075,2
24076,0
24077,2
24078,0
24079,0
24080,0
24081,0
24082,1
24083,1
24084,0
24085,0
24086,0
24087,1
24088,0
24089,1
24090,1
24091,2
24092,0
24093,0
24094,0
24095,2
24096,2
24097,0
24098,2
24099,0
24100,0
24101,0
24102,2
24103,0
24104,0
24105,0
24106,2
24107,0
24108,2
24109,2
24110,0
24111,1
24112,2
24113,0
24114,1
24115,0
24116,2
24117,0
24118,0
24119,1
24120,2
24121,2
24122,2
24123,1
24124,0
24125,0
24126,2
24127,1
24128,1
24129,0
24130,1
24131,0
24132,2
24133,1
24134,0
24135,2
24136,2
24137,2
24138,0
24139,0
24140,1
24141,2
24142,1
24143,2
24144,0
24145,2
24146,2
24147,0
24148,0
24149,0
24150,1
24151,1
24152,1
24153,1
24154,0
24155,2
24156,1
24157,2
24158,0
24159,1
24160,0
24161,0
24162,1
24163,1
24164,0
24165,1
24166,0
24167,1
24168,1
24169,0
24170,0
24171,0
24172,0
24173,2
24174,2
24175,1
24176,1
24177,1
24178,2
24179,1
24180,1
24181,1
24182,1
24183,1
24184,2
24185,2
24186,2
24187,1
24188,0
24189,2
24190,0
24191,1
24192,0
24193,1
24194,2
24195,2
24196,1
24197,0
24198,0
24199,0
24200,2
24201,1
24202,1
24203,0
24204,2
24205,0
24206,0
24207,1
24208,2
24209,0
24210,1
24211,2
24212,0
24213,0
24214,2
24215,2
24216,0
24217,2
24218,0
24219,2
24220,2
24221,2
24222,1
24223,1
24224,1
24225,0
24226,0
24227,1
24228,2
24229,0
24230,1
24231,1
24232,0
24233,0
24234,1
24235,0
24236,1
24237,0
24238,0
24239,2
24240,1
24241,1
24242,2
24243,2
24244,2
24245,2
24246,1
24247,0
24248,0
24249,2
24250,2
24251,2
24252,0
24253,0
24254,2
24255,2
24256,2
24257,0
24258,0
24259,2
24260,1
24261,2
24262,0
24263,1
24264,0
24265,2
24266,0
24267,2
24268,1
24269,2
24270,2
24271,1
24272,2
24273,0
24274,0
24275,1
24276,1
24277,0
24278,0
24279,2
24280,1
24281,2
24282,2
24283,2
24284,0
24285,2
24286,0
24287,0
24288,1
24289,2
24290,2
24291,1
24292,2
24293,2
24294,2
24295,1
24296,0
24297,1
24298,0
24299,1
24300,0
24301,2
24302,0
24303,2
24304,0
24305,0
24306,2
24307,2
24308,1
24309,0
24310,0
24311,1
24312,0
24313,0
24314,0
24315,0
24316,2
24317,0
24318,0
24319,0
24320,2
24321,0
24322,0
24323,0
24324,2
24325,0
24326,0
24327,2
24328,2
24329,0
24330,2
24331,0
24332,0
24333,1
24334,0
24335,2
24336,0
24337,2
24338,0
24339,2
24340,1
24341,1
24342,2
24343,0
24344,1
24345,0
24346,2
24347,0
24348,1
24349,0
24350,1
24351,1
24352,2
24353,0
24354,2
24355,1
24356,0
24357,0
24358,0
24359,2
24360,0
24361,1
24362,0
24363,2
24364,0
24365,1
24366,1
24367,2
24368,2
24369,2
24370,1
24371,1
24372,2
24373,2
24374,2
24375,2
24376,1
24377,1
24378,1
24379,1
24380,1
24381,0
24382,0
24383,0
24384,1
24385,2
24386,2
24387,0
24388,1
24389,2
24390,1
24391,0
24392,0
24393,0
24394,2
24395,0
24396,1
24397,2
24398,2
24399,0
24400,0
24401,0
24402,1
24403,0
24404,2
24405,1
24406,2
24407,1
24408,2
24409,1
24410,0
24411,1
24412,0
24413,2
24414,2
24415,2
24416,1
24417,0
24418,0
24419,2
24420,2
24421,1
24422,0
24423,1
24424,2
24425,2
24426,2
24427,0
24428,1
24429,2
24430,0
24431,1
24432,0
24433,0
24434,2
24435,0
24436,1
24437,2
24438,1
24439,0
24440,2
24441,1
24442,1
24443,0
24444,0
24445,1
24446,0
24447,0
24448,2
24449,0
24450,0
24451,0
24452,0
24453,0
24454,0
24455,2
24456,1
24457,2
24458,0
24459,2
24460,2
24461,0
24462,1
24463,1
24464,1
24465,0
24466,1
24467,2
24468,2
24469,2
24470,1
24471,1
24472,2
24473,0
24474,1
24475,0
24476,1
24477,1
24478,2
24479,0
24480,0
24481,2
24482,0
24483,0
24484,0
24485,2
24486,0
24487,2
24488,2
24489,0
24490,1
24491,0
24492,2
24493,0
24494,0
24495,2
24496,1
24497,2
24498,2
24499,2
24500,0
24501,0
24502,1
24503,1
24504,0
24505,1
24506,2
24507,2
24508,2
24509,0
24510,0
24511,0
24512,2
24513,0
24514,1
24515,1
24516,0
24517,0
24518,0
24519,0
24520,2
24521,1
24522,0
24523,0
24524,0
24525,1
24526,0
24527,0
24528,1
24529,1
24530,2
24531,0
24532,0
24533,0
24534,2
24535,1
24536,2
24537,0
24538,2
24539,1
24540,2
24541,0
24542,0
24543,1
24544,2
24545,0
24546,0
24547,0
24548,1
24549,2
24550,0
24551,0
24552,0
24553,1
24554,1
24555,2
24556,1
24557,1
24558,1
24559,0
24560,0
24561,0
24562,0
24563,1
24564,0
24565,0
24566,0
24567,1
24568,0
24569,0
24570,0
24571,1
24572,1
24573,1
24574,1
24575,0
24576,1
24577,0
24578,1
24579,2
24580,0
24581,2
24582,1
24583,1
24584,1
24585,0
24586,1
24587,1
24588,0
24589,0
24590,0
24591,0
24592,0
24593,0
24594,0
24595,2
24596,0
24597,0
24598,0
24599,0
24600,0
24601,1
24602,0
24603,0
24604,1
24605,1
24606,1
24607,1
24608,1
24609,1
24610,0
24611,2
24612,1
24613,1
24614,0
24615,2
24616,1
24617,0
24618,1
24619,2
24620,2
24621,2
24622,1
24623,0
24624,1
24625,0
24626,0
24627,0
24628,0
24629,0
24630,0
24631,0
24632,1
24633,1
24634,2
24635,0
24636,1
24637,1
24638,0
24639,1
24640,0
24641,0
24642,0
24643,1
24644,2
24645,0
24646,0
24647,0
24648,0
24649,2
24650,0
24651,2
24652,0
24653,0
24654,2
24655,2
24656,0
24657,2
24658,0
24659,0
24660,0
24661,1
24662,1
24663,2
24664,2
24665,1
24666,1
24667,0
24668,1
24669,0
24670,1
24671,2
24672,1
24673,1
24674,1
24675,2
24676,1
24677,0
24678,0
24679,0
24680,2
24681,1
24682,0
24683,2
24684,0
24685,1
24686,0
24687,0
24688,0
24689,1
24690,1
24691,2
24692,0
24693,2
24694,2
24695,2
24696,2
24697,1
24698,1
24699,0
24700,0
24701,0
24702,1
24703,2
24704,1
24705,2
24706,1
24707,2
24708,2
24709,2
24710,2
24711,1
24712,0
24713,0
24714,1
24715,2
24716,2
24717,0
24718,2
24719,2
24720,2
24721,0
24722,0
24723,2
24724,0
24725,0
24726,2
24727,1
24728,0
24729,0
24730,1
24731,1
24732,0
24733,1
24734,0
24735,0
24736,2
24737,0
24738,1
24739,1
24740,2
24741,1
24742,0
24743,2
24744,2
24745,2
24746,0
24747,0
24748,0
24749,2
24750,2
24751,1
24752,0
24753,0
24754,2
24755,0
24756,1
24757,2
24758,0
24759,1
24760,0
24761,2
24762,0
24763,2
24764,1
24765,1
24766,0
24767,1
24768,2
24769,1
24770,1
24771,0
24772,0
24773,1
24774,1
24775,0
24776,1
24777,1
24778,1
24779,0
24780,0
24781,0
24782,1
24783,1
24784,0
24785,0
24786,1
24787,2
24788,1
24789,2
24790,0
24791,1
24792,0
24793,1
24794,0
24795,0
24796,2
24797,0
24798,0
24799,1
24800,0
24801,1
24802,1
24803,0
24804,0
24805,0
24806,0
24807,0
24808,1
24809,1
24810,2
24811,2
24812,0
24813,0
24814,2
24815,1
24816,0
24817,0
24818,0
24819,0
24820,1
24821,0
24822,0
24823,0
24824,2
24825,2
24826,2
24827,1
24828,0
24829,2
24830,2
24831,1
24832,2
24833,0
24834,1
24835,0
24836,0
24837,1
24838,2
24839,2
24840,0
24841,2
24842,2
24843,2
24844,2
24845,1
24846,0
24847,0
24848,1
24849,1
24850,2
24851,0
24852,2
24853,1
24854,1
24855,2
24856,2
24857,1
24858,1
24859,2
24860,0
24861,1
24862,2
24863,1
24864,2
24865,1
24866,0
24867,2
24868,0
24869,2
24870,0
24871,2
24872,1
24873,0
24874,2
24875,1
24876,0
24877,2
24878,1
24879,1
24880,1
24881,2
24882,0
24883,0
24884,1
24885,0
24886,1
24887,0
24888,0
24889,0
24890,0
24891,1
24892,0
24893,2
24894,0
24895,1
24896,1
24897,0
24898,0
24899,0
24900,1
24901,1
24902,0
24903,0
24904,0
24905,1
24906,2
24907,1
24908,1
24909,0
24910,0
24911,2
24912,2
24913,0
24914,2
24915,0
24916,1
24917,0
24918,2
24919,0
24920,1
24921,2
24922,0
24923,2
24924,0
24925,0
24926,0
24927,2
24928,2
24929,1
24930,0
24931,2
24932,0
24933,1
24934,2
24935,1
24936,1
24937,1
24938,1
24939,0
24940,1
24941,0
24942,0
24943,1
24944,0
24945,1
24946,1
24947,2
24948,0
24949,0
24950,0
24951,1
24952,1
24953,1
24954,1
24955,0
24956,2
24957,2
24958,2
24959,2
24960,2
24961,1
24962,2
24963,0
24964,0
24965,0
24966,0
24967,2
24968,1
24969,0
24970,2
24971,1
24972,0
24973,0
24974,1
24975,2
24976,2
24977,2
24978,2
24979,2
24980,2
24981,2
24982,0
24983,0
24984,0
24985,1
24986,1
24987,2
24988,0
24989,2
24990,0
24991,2
24992,0
24993,0
24994,0
24995,0
24996,0
24997,0
24998,1
24999,2
25000,1
25001,0
25002,0
25003,0
25004,0
25005,0
25006,1
25007,1
25008,2
25009,1
25010,2
25011,1
25012,0
25013,1
25014,2
25015,1
25016,0
25017,1
25018,2
25019,0
25020,1
25021,2
25022,2
25023,2
25024,1
25025,0
25026,1
25027,2
25028,1
25029,0
25030,0
25031,2
25032,1
25033,0
25034,1
25035,2
25036,2
25037,2
25038,2
25039,1
25040,0
25041,2
25042,0
25043,2
25044,1
25045,0
25046,2
25047,1
25048,2
25049,0
25050,1
25051,1
25052,0
25053,0
25054,1
25055,2
25056,0
25057,1
25058,1
25059,0
25060,2
25061,0
25062,2
25063,2
25064,0
25065,1
25066,1
25067,2
25068,2
25069,2
25070,2
25071,1
25072,1
25073,0
25074,0
25075,2
25076,0
25077,0
25078,0
25079,0
25080,2
25081,0
25082,1
25083,2
25084,1
25085,2
25086,1
25087,0
25088,1
25089,0
25090,0
25091,1
25092,1
25093,2
25094,0
25095,0
25096,2
25097,0
25098,2
25099,2
25100,2
25101,0
25102,0
25103,1
25104,0
25105,2
25106,0
25107,2
25108,2
25109,1
25110,0
25111,0
25112,0
25113,2
25114,0
25115,2
25116,2
25117,2
25118,1
25119,0
25120,0
25121,1
25122,0
25123,0
25124,1
25125,1
25126,0
25127,2
25128,1
25129,2
25130,0
25131,1
25132,0
25133,0
25134,1
25135,0
25136,2
25137,1
25138,2
25139,0
25140,0
25141,2
25142,2
25143,0
25144,0
25145,2
25146,0
25147,1
25148,0
25149,2
25150,0
25151,1
25152,0
25153,0
25154,1
25155,1
25156,2
25157,2
25158,0
25159,0
25160,2
25161,0
25162,0
25163,1
25164,0
25165,0
25166,1
25167,0
25168,2
25169,0
25170,0
25171,0
25172,0
25173,1
25174,2
25175,0
25176,1
25177,0
25178,2
25179,1
25180,1
25181,0
25182,2
25183,2
25184,0
25185,1
25186,1
25187,0
25188,2
25189,1
25190,1
25191,2
25192,1
25193,2
25194,1
25195,2
25196,1
25197,1
25198,0
25199,1
25200,0
25201,1
25202,1
25203,0
25204,0
25205,0
25206,1
25207,1
25208,1
25209,0
25210,2
25211,2
25212,1
25213,0
25214,0
25215,0
25216,0
25217,0
25218,2
25219,1
25220,1
25221,0
25222,1
25223,2
25224,0
25225,2
25226,1
25227,1
25228,2
25229,1
25230,1
25231,1
25232,0
25233,1
25234,0
25235,1
25236,1
25237,0
25238,0
25239,0
25240,0
25241,1
25242,2
25243,0
25244,2
25245,1
25246,0
25247,2
25248,0
25249,0
25250,1
25251,1
25252,2
25253,2
25254,2
25255,0
25256,2
25257,0
25258,1
25259,0
25260,2
25261,1
25262,0
25263,0
25264,2
25265,2
25266,2
25267,0
25268,1
25269,2
25270,0
25271,0
25272,2
25273,2
25274,2
25275,1
25276,1
25277,0
25278,0
25279,0
25280,0
25281,0
25282,2
25283,0
25284,0
25285,0
25286,1
25287,0
25288,0
25289,1
25290,0
25291,1
25292,0
25293,1
25294,2
25295,1
25296,0
25297,2
25298,2
25299,0
25300,2
25301,1
25302,0
25303,0
25304,0
25305,1
25306,2
25307,0
25308,0
25309,1
25310,1
25311,0
25312,1
25313,2
25314,1
25315,1
25316,2
25317,2
25318,0
25319,0
25320,0
25321,2
25322,0
25323,0
25324,2
25325,2
25326,0
25327,0
25328,0
25329,0
25330,2
25331,1
25332,2
25333,0
25334,2
25335,1
25336,1
25337,0
25338,0
25339,1
25340,1
25341,1
25342,0
25343,1
25344,1
25345,1
25346,0
25347,2
25348,0
25349,0
25350,2
25351,1
25352,2
25353,2
25354,0
25355,2
25356,2
25357,1
25358,0
25359,0
25360,0
25361,1
25362,0
25363,0
25364,1
25365,2
25366,1
25367,1
25368,0
25369,2
25370,2
25371,0
25372,0
25373,1
25374,2
25375,2
25376,0
25377,2
25378,0
25379,0
25380,2
25381,0
25382,2
25383,1
25384,1
25385,0
25386,1
25387,0
25388,2
25389,0
25390,0
25391,2
25392,0
25393,0
25394,0
25395,0
25396,1
25397,0
25398,2
25399,0
25400,0
25401,0
25402,0
25403,2
25404,1
25405,1
25406,1
25407,2
25408,1
25409,1
25410,2
25411,0
25412,2
25413,2
25414,0
25415,0
25416,2
25417,0
25418,2
25419,1
25420,2
25421,0
25422,1
25423,0
25424,1
25425,2
25426,1
25427,2
25428,2
25429,0
25430,0
25431,1
25432,0
25433,0
25434,0
25435,0
25436,0
25437,2
25438,1
25439,1
25440,2
25441,0
25442,0
25443,1
25444,2
25445,0
25446,2
25447,0
25448,1
25449,0
25450,2
25451,0
25452,1
25453,2
25454,2
25455,0
25456,2
25457,0
25458,2
25459,0
25460,0
25461,0
25462,0
25463,0
25464,2
25465,1
25466,1
25467,2
25468,0
25469,0
25470,2
25471,2
25472,1
25473,1
25474,2
25475,1
25476,1
25477,2
25478,1
25479,2
25480,1
25481,1
25482,0
25483,0
25484,0
25485,2
25486,0
25487,0
25488,2
25489,2
25490,1
25491,2
25492,1
25493,2
25494,1
25495,0
25496,2
25497,2
25498,1
25499,0
25500,0
25501,1
25502,1
25503,2
25504,1
25505,1
25506,0
25507,1
25508,1
25509,1
25510,0
25511,2
25512,2
25513,2
25514,1
25515,2
25516,1
25517,0
25518,2
25519,0
25520,1
25521,0
25522,1
25523,0
25524,0
25525,0
25526,0
25527,1
25528,0
25529,0
25530,0
25531,1
25532,1
25533,1
25534,0
25535,2
25536,0
25537,0
25538,0
25539,1
25540,2
25541,1
25542,1
25543,0
25544,1
25545,0
25546,2
25547,1
25548,0
25549,0
25550,1
25551,2
25552,2
25553,1
25554,2
25555,1
25556,0
25557,0
25558,1
25559,1
25560,2
25561,2
25562,2
25563,1
25564,2
25565,0
25566,2
25567,1
25568,0
25569,1
25570,2
25571,2
25572,2
25573,0
25574,0
25575,1
25576,1
25577,1
25578,1
25579,0
25580,2
25581,0
25582,2
25583,0
25584,1
25585,0
25586,0
25587,2
25588,2
25589,0
25590,2
25591,0
25592,1
25593,1
25594,0
25595,0
25596,0
25597,0
25598,1
25599,0
25600,1
25601,0
25602,2
25603,0
25604,2
25605,2
25606,2
25607,2
25608,1
25609,1
25610,0
25611,0
25612,0
25613,0
25614,0
25615,1
25616,0
25617,2
25618,1
25619,1
25620,1
25621,0
25622,2
25623,1
25624,2
25625,0
25626,0
25627,0
25628,0
25629,0
25630,1
25631,0
25632,0
25633,2
25634,0
25635,1
25636,0
25637,0
25638,0
25639,2
25640,1
25641,1
25642,1
25643,2
25644,0
25645,0
25646,1
25647,2
25648,0
25649,1
25650,2
25651,1
25652,0
25653,2
25654,0
25655,1
25656,2
25657,0
25658,2
25659,2
25660,0
25661,2
25662,1
25663,0
25664,2
25665,1
25666,0
25667,2
25668,1
25669,0
25670,0
25671,0
25672,2
25673,0
25674,2
25675,0
25676,1
25677,0
25678,0
25679,0
25680,1
25681,2
25682,0
25683,0
25684,1
25685,0
25686,0
25687,2
25688,1
25689,2
25690,1
25691,0
25692,2
25693,0
25694,1
25695,1
25696,2
25697,0
25698,2
25699,2
25700,0
25701,0
25702,0
25703,1
25704,2
25705,1
25706,0
25707,1
25708,2
25709,0
25710,0
25711,1
25712,1
25713,0
25714,1
25715,1
25716,1
25717,0
25718,0
25719,1
25720,2
25721,2
25722,0
25723,1
25724,1
25725,1
25726,0
25727,1
25728,2
25729,2
25730,0
25731,0
25732,0
25733,2
25734,1
25735,1
25736,2
25737,2
25738,0
25739,1
25740,1
25741,2
25742,0
25743,1
25744,0
25745,0
25746,2
25747,0
25748,0
25749,2
25750,2
25751,2
25752,2
25753,0
25754,0
25755,0
25756,2
25757,1
25758,0
25759,0
25760,2
25761,1
25762,1
25763,0
25764,0
25765,0
25766,2
25767,2
25768,2
25769,0
25770,0
25771,0
25772,2
25773,0
25774,1
25775,2
25776,1
25777,1
25778,1
25779,0
25780,0
25781,1
25782,1
25783,0
25784,0
25785,0
25786,1
25787,0
25788,2
25789,1
25790,0
25791,2
25792,0
25793,0
25794,0
25795,0
25796,0
25797,0
25798,2
25799,2
25800,0
25801,0
25802,0
25803,2
25804,1
25805,1
25806,2
25807,1
25808,2
25809,2
25810,1
25811,1
25812,0
25813,0
25814,0
25815,2
25816,1
25817,1
25818,2
25819,2
25820,0
25821,2
25822,2
25823,2
25824,0
25825,0
25826,1
25827,2
25828,2
25829,0
25830,1
25831,1
25832,1
25833,1
25834,1
25835,1
25836,0
25837,0
25838,2
25839,2
25840,1
25841,1
25842,1
25843,0
25844,1
25845,0
25846,1
25847,1
25848,0
25849,2
25850,0
25851,2
25852,0
25853,1
25854,0
25855,0
25856,0
25857,0
25858,0
25859,1
25860,1
25861,1
25862,0
25863,2
25864,1
25865,2
25866,0
25867,0
25868,0
25869,1
25870,2
25871,0
25872,1
25873,1
25874,0
25875,1
25876,1
25877,0
25878,1
25879,1
25880,0
25881,2
25882,0
25883,0
25884,0
25885,1
25886,2
25887,2
25888,0
25889,1
25890,2
25891,0
25892,0
25893,0
25894,2
25895,0
25896,1
25897,2
25898,2
25899,0
25900,2
25901,0
25902,0
25903,2
25904,1
25905,0
25906,0
25907,0
25908,1
25909,0
25910,0
25911,1
25912,1
25913,2
25914,2
25915,1
25916,0
25917,0
25918,1
25919,2
25920,2
25921,0
25922,1
25923,0
25924,0
25925,0
25926,1
25927,2
25928,1
25929,1
25930,1
25931,2
25932,1
25933,1
25934,1
25935,0
25936,1
25937,0
25938,1
25939,0
25940,1
25941,1
25942,0
25943,0
25944,2
25945,2
25946,2
25947,0
25948,1
25949,0
25950,2
25951,2
25952,1
25953,2
25954,1
25955,2
25956,1
25957,1
25958,0
25959,0
25960,1
25961,0
25962,2
25963,2
25964,0
25965,0
25966,2
25967,0
25968,0
25969,1
25970,0
25971,0
25972,1
25973,1
25974,0
25975,1
25976,1
25977,0
25978,1
25979,0
25980,2
25981,2
25982,1
25983,0
25984,0
25985,0
25986,0
25987,1
25988,1
25989,0
25990,1
25991,1
25992,1
25993,0
25994,2
25995,0
25996,1
25997,2
25998,0
25999,2
26000,0
26001,0
26002,0
26003,2
26004,1
26005,0
26006,2
26007,0
26008,2
26009,2
26010,1
26011,0
26012,0
26013,1
26014,0
26015,2
26016,1
26017,1
26018,1
26019,1
26020,2
26021,0
26022,1
26023,1
26024,2
26025,0
26026,2
26027,0
26028,0
26029,0
26030,0
26031,0
26032,2
26033,0
26034,0
26035,2
26036,2
26037,1
26038,1
26039,2
26040,0
26041,1
26042,0
26043,2
26044,1
26045,1
26046,2
26047,1
26048,1
26049,0
26050,0
26051,2
26052,1
26053,1
26054,2
26055,0
26056,0
26057,2
26058,0
26059,0
26060,0
26061,0
26062,1
26063,0
26064,2
26065,1
26066,2
26067,0
26068,2
26069,2
26070,0
26071,0
26072,0
26073,2
26074,1
26075,0
26076,0
26077,2
26078,0
26079,1
26080,0
26081,1
26082,0
26083,0
26084,0
26085,0
26086,1
26087,0
26088,2
26089,0
26090,1
26091,1
26092,2
26093,0
26094,1
26095,2
26096,0
26097,0
26098,0
26099,0
26100,1
26101,0
26102,2
26103,0
26104,2
26105,0
26106,1
26107,1
26108,1
26109,1
26110,0
26111,2
26112,1
26113,1
26114,0
26115,0
26116,0
26117,0
26118,0
26119,1
26120,1
26121,0
26122,2
26123,0
26124,0
26125,2
26126,0
26127,0
26128,2
26129,0
26130,0
26131,0
26132,0
26133,0
26134,0
26135,2
26136,2
26137,2
26138,0
26139,0
26140,2
26141,2
26142,0
26143,2
26144,0
26145,0
26146,0
26147,0
26148,0
26149,0
26150,2
26151,1
26152,1
26153,1
26154,0
26155,0
26156,0
26157,2
26158,0
26159,2
26160,2
26161,2
26162,0
26163,1
26164,2
26165,0
26166,1
26167,0
26168,2
26169,1
26170,1
26171,1
26172,2
26173,2
26174,0
26175,0
26176,0
26177,0
26178,2
26179,1
26180,0
26181,2
26182,2
26183,0
26184,0
26185,2
26186,1
26187,0
26188,0
26189,1
26190,1
26191,1
26192,0
26193,2
26194,2
26195,0
26196,0
26197,1
26198,0
26199,2
26200,0
26201,0
26202,0
26203,1
26204,2
26205,1
26206,0
26207,0
26208,1
26209,0
26210,2
26211,0
26212,0
26213,1
26214,0
26215,1
26216,0
26217,0
26218,1
26219,0
26220,2
26221,0
26222,0
26223,0
26224,0
26225,0
26226,1
26227,2
26228,1
26229,2
26230,2
26231,0
26232,2
26233,0
26234,2
26235,0
26236,1
26237,2
26238,2
26239,0
26240,0
26241,0
26242,0
26243,0
26244,0
26245,2
26246,0
26247,0
26248,1
26249,1
26250,2
26251,1
26252,0
26253,2
26254,0
26255,2
26256,1
26257,2
26258,0
26259,0
26260,0
26261,0
26262,0
26263,0
26264,1
26265,0
26266,1
26267,2
26268,1
26269,0
26270,0
26271,1
26272,0
26273,1
26274,0
26275,2
26276,0
26277,0
26278,0
26279,0
26280,0
26281,1
26282,1
26283,0
26284,0
26285,0
26286,1
26287,0
26288,0
26289,0
26290,1
26291,1
26292,0
26293,0
26294,1
26295,1
26296,1
26297,2
26298,2
26299,2
26300,2
26301,2
26302,0
26303,0
26304,0
26305,0
26306,0
26307,0
26308,2
26309,2
26310,2
26311,2
26312,1
26313,0
26314,2
26315,0
26316,2
26317,1
26318,1
26319,0
26320,1
26321,1
26322,0
26323,1
26324,2
26325,0
26326,1
26327,2
26328,2
26329,2
26330,0
26331,2
26332,2
26333,0
26334,0
26335,1
26336,2
26337,0
26338,0
26339,0
26340,2
26341,0
26342,1
26343,0
26344,0
26345,2
26346,1
26347,1
26348,0
26349,0
26350,0
26351,0
26352,2
26353,0
26354,1
26355,2
26356,2
26357,1
26358,0
26359,2
26360,0
26361,1
26362,2
26363,0
26364,0
26365,0
26366,0
26367,0
26368,0
26369,1
26370,1
26371,0
26372,0
26373,1
26374,0
26375,2
26376,2
26377,2
26378,2
26379,1
26380,1
26381,1
26382,1
26383,2
26384,2
26385,0
26386,0
26387,0
26388,0
26389,2
26390,1
26391,2
26392,2
26393,2
26394,0
26395,0
26396,0
26397,0
26398,0
26399,0
26400,0
26401,1
26402,1
26403,1
26404,0
26405,2
26406,2
26407,0
26408,2
26409,0
26410,0
26411,2
26412,1
26413,1
26414,0
26415,1
26416,0
26417,0
26418,2
26419,2
26420,2
26421,0
26422,0
26423,0
26424,0
26425,0
26426,1
26427,0
26428,2
26429,0
26430,2
26431,0
26432,0
26433,1
26434,1
26435,0
26436,1
26437,0
26438,1
26439,0
26440,0
26441,2
26442,0
26443,2
26444,0
26445,0
26446,1
26447,1
26448,0
26449,2
26450,1
26451,0
26452,1
26453,0
26454,0
26455,1
26456,0
26457,1
26458,2
26459,1
26460,1
26461,2
26462,0
26463,2
26464,2
26465,1
26466,2
26467,2
26468,0
26469,0
26470,1
26471,0
26472,1
26473,2
26474,0
26475,0
26476,2
26477,1
26478,1
26479,1
26480,0
26481,1
26482,0
26483,0
26484,2
26485,1
26486,0
26487,2
26488,1
26489,1
26490,0
26491,0
26492,2
26493,0
26494,2
26495,1
26496,2
26497,1
26498,1
26499,1
26500,0
26501,0
26502,2
26503,1
26504,2
26505,0
26506,2
26507,1
26508,1
26509,1
26510,0
26511,1
26512,1
26513,0
26514,2
26515,2
26516,0
26517,0
26518,2
26519,0
26520,1
26521,0
26522,0
26523,1
26524,1
26525,0
26526,0
26527,1
26528,0
26529,1
26530,0
26531,2
26532,0
26533,0
26534,2
26535,2
26536,1
26537,1
26538,1
26539,1
26540,0
26541,0
26542,1
26543,1
26544,0
26545,1
26546,2
26547,0
26548,1
26549,2
26550,0
26551,0
26552,1
26553,1
26554,2
26555,0
26556,0
26557,1
26558,0
26559,2
26560,2
26561,1
26562,1
26563,2
26564,1
26565,0
26566,2
26567,1
26568,0
26569,0
26570,0
26571,1
26572,1
26573,1
26574,2
26575,0
26576,0
26577,2
26578,0
26579,0
26580,0
26581,1
26582,2
26583,2
26584,0
26585,1
26586,1
26587,2
26588,2
26589,0
26590,2
26591,1
26592,0
26593,1
26594,1
26595,2
26596,1
26597,2
26598,2
26599,0
26600,0
26601,0
26602,1
26603,1
26604,1
26605,2
26606,2
26607,0
26608,0
26609,1
26610,2
26611,0
26612,2
26613,0
26614,0
26615,0
26616,0
26617,0
26618,1
26619,0
26620,1
26621,0
26622,2
26623,0
26624,2
26625,1
26626,1
26627,0
26628,1
26629,0
26630,2
26631,2
26632,0
26633,2
26634,0
26635,2
26636,0
26637,0
26638,2
26639,0
26640,1
26641,1
26642,1
26643,2
26644,2
26645,0
26646,2
26647,1
26648,2
26649,0
26650,0
26651,0
26652,2
26653,2
26654,1
26655,0
26656,1
26657,0
26658,2
26659,1
26660,0
26661,0
26662,2
26663,1
26664,2
26665,2
26666,1
26667,1
26668,0
26669,0
26670,0
26671,1
26672,0
26673,1
26674,2
26675,0
26676,0
26677,2
26678,2
26679,0
26680,1
26681,1
26682,0
26683,0
26684,1
26685,0
26686,0
26687,2
26688,2
26689,2
26690,0
26691,0
26692,1
26693,1
26694,2
26695,0
26696,0
26697,1
26698,1
26699,2
26700,0
26701,0
26702,1
26703,0
26704,0
26705,1
26706,0
26707,0
26708,1
26709,0
26710,0
26711,1
26712,0
26713,2
26714,2
26715,1
26716,1
26717,2
26718,1
26719,1
26720,0
26721,2
26722,2
26723,2
26724,1
26725,0
26726,2
26727,0
26728,1
26729,2
26730,2
26731,0
26732,2
26733,0
26734,1
26735,1
26736,2
26737,1
26738,2
26739,2
26740,0
26741,1
26742,2
26743,1
26744,2
26745,2
26746,0
26747,1
26748,2
26749,0
26750,2
26751,1
26752,1
26753,0
26754,2
26755,2
26756,2
26757,0
26758,1
26759,0
26760,1
26761,0
26762,1
26763,0
26764,0
26765,1
26766,0
26767,1
26768,0
26769,0
26770,0
26771,0
26772,0
26773,0
26774,2
26775,0
26776,1
26777,1
26778,2
26779,2
26780,0
26781,1
26782,1
26783,0
26784,0
26785,0
26786,0
26787,0
26788,1
26789,1
26790,0
26791,2
26792,0
26793,2
26794,1
26795,1
26796,0
26797,2
26798,2
26799,0
26800,2
26801,2
26802,0
26803,2
26804,2
26805,0
26806,2
26807,2
26808,0
26809,1
26810,0
26811,1
26812,2
26813,0
26814,0
26815,2
26816,1
26817,2
26818,2
26819,2
26820,0
26821,2
26822,1
26823,0
26824,1
26825,0
26826,0
26827,1
26828,0
26829,0
26830,2
26831,1
26832,2
26833,2
26834,2
26835,0
26836,2
26837,2
26838,2
26839,2
26840,1
26841,2
26842,1
26843,2
26844,1
26845,1
26846,2
26847,1
26848,0
26849,2
26850,2
26851,2
26852,0
26853,1
26854,0
26855,0
26856,1
26857,0
26858,2
26859,2
26860,2
26861,2
26862,1
26863,0
26864,0
26865,2
26866,0
26867,0
26868,1
26869,1
26870,0
26871,1
26872,2
26873,1
26874,0
26875,2
26876,2
26877,1
26878,1
26879,1
26880,0
26881,0
26882,1
26883,0
26884,2
26885,1
26886,1
26887,1
26888,0
26889,2
26890,0
26891,0
26892,2
26893,0
26894,0
26895,0
26896,0
26897,2
26898,1
26899,2
26900,0
26901,0
26902,1
26903,2
26904,2
26905,1
26906,0
26907,0
26908,0
26909,0
26910,0
26911,0
26912,0
26913,0
26914,0
26915,2
26916,2
26917,0
26918,0
26919,2
26920,2
26921,2
26922,0
26923,1
26924,0
26925,0
26926,1
26927,0
26928,0
26929,2
26930,0
26931,0
26932,1
26933,0
26934,0
26935,2
26936,0
26937,0
26938,1
26939,2
26940,0
26941,0
26942,2
26943,0
26944,1
26945,0
26946,2
26947,2
26948,1
26949,0
26950,1
26951,2
26952,2
26953,1
26954,0
26955,1
26956,0
26957,0
26958,1
26959,2
26960,0
26961,1
26962,0
26963,0
26964,0
26965,2
26966,0
26967,2
26968,2
26969,1
26970,2
26971,0
26972,0
26973,0
26974,0
26975,0
26976,0
26977,1
26978,1
26979,0
26980,1
26981,2
26982,1
26983,1
26984,0
26985,2
26986,1
26987,2
26988,2
26989,2
26990,0
26991,0
26992,0
26993,0
26994,0
26995,2
26996,0
26997,1
26998,0
26999,0
27000,0
27001,0
27002,0
27003,1
27004,2
27005,0
27006,0
27007,1
27008,0
27009,0
27010,0
27011,1
27012,2
27013,2
27014,2
27015,0
27016,0
27017,0
27018,2
27019,0
27020,1
27021,0
27022,0
27023,0
27024,1
27025,2
27026,0
27027,2
27028,1
27029,0
27030,1
27031,2
27032,0
27033,1
27034,0
27035,0
27036,0
27037,2
27038,2
27039,2
27040,0
27041,0
27042,0
27043,2
27044,0
27045,0
27046,0
27047,1
27048,2
27049,0
27050,0
27051,2
27052,0
27053,1
27054,1
27055,1
27056,1
27057,2
27058,0
27059,0
27060,1
27061,1
27062,2
27063,0
27064,2
27065,0
27066,0
27067,1
27068,0
27069,1
27070,0
27071,1
27072,2
27073,2
27074,1
27075,1
27076,2
27077,1
27078,1
27079,1
27080,2
27081,2
27082,0
27083,0
27084,1
27085,2
27086,1
27087,2
27088,0
27089,2
27090,0
27091,0
27092,2
27093,0
27094,0
27095,1
27096,1
27097,2
27098,1
27099,0
27100,2
27101,2
27102,2
27103,2
27104,1
27105,2
27106,0
27107,0
27108,0
27109,1
27110,1
27111,1
27112,2
27113,1
27114,2
27115,0
27116,2
27117,1
27118,0
27119,0
27120,0
27121,0
27122,1
27123,0
27124,0
27125,2
27126,0
27127,0
27128,1
27129,0
27130,2
27131,2
27132,0
27133,1
27134,1
27135,2
27136,0
27137,0
27138,0
27139,1
27140,1
27141,0
27142,2
27143,2
27144,0
27145,2
27146,0
27147,0
27148,0
27149,1
27150,1
27151,0
27152,2
27153,2
27154,0
27155,2
27156,0
27157,1
27158,0
27159,0
27160,0
27161,0
27162,1
27163,0
27164,2
27165,1
27166,1
27167,0
27168,0
27169,2
27170,2
27171,0
27172,0
27173,1
27174,0
27175,2
27176,1
27177,1
27178,2
27179,1
27180,2
27181,1
27182,1
27183,1
27184,0
27185,2
27186,1
27187,0
27188,0
27189,2
27190,0
27191,1
27192,2
27193,2
27194,1
27195,0
27196,0
27197,1
27198,1
27199,0
27200,1
27201,2
27202,2
27203,1
27204,1
27205,0
27206,1
27207,2
27208,1
27209,0
27210,1
27211,2
27212,1
27213,2
27214,2
27215,0
27216,2
27217,2
27218,2
27219,2
27220,0
27221,2
27222,0
27223,0
27224,0
27225,1
27226,2
27227,2
27228,2
27229,0
27230,0
27231,0
27232,0
27233,2
27234,0
27235,2
27236,2
27237,0
27238,0
27239,0
27240,1
27241,0
27242,2
27243,1
27244,1
27245,1
27246,2
27247,0
27248,0
27249,0
27250,1
27251,0
27252,2
27253,0
27254,0
27255,2
27256,1
27257,0
27258,0
27259,2
27260,2
27261,1
27262,0
27263,1
27264,2
27265,2
27266,0
27267,1
27268,1
27269,1
27270,0
27271,0
27272,2
27273,1
27274,2
27275,1
27276,1
27277,2
27278,2
27279,0
27280,0
27281,2
27282,2
27283,0
27284,0
27285,0
27286,0
27287,2
27288,1
27289,2
27290,0
27291,0
27292,1
27293,0
27294,0
27295,0
27296,0
27297,1
27298,1
27299,0
27300,0
27301,1
27302,2
27303,2
27304,2
27305,0
27306,0
27307,1
27308,0
27309,2
27310,0
27311,2
27312,0
27313,2
27314,2
27315,0
27316,0
27317,0
27318,2
27319,0
27320,0
27321,0
27322,1
27323,1
27324,0
27325,1
27326,0
27327,1
27328,0
27329,0
27330,0
27331,1
27332,1
27333,2
27334,1
27335,2
27336,2
27337,2
27338,0
27339,2
27340,0
27341,0
27342,1
27343,0
27344,1
27345,1
27346,0
27347,1
27348,0
27349,0
27350,2
27351,0
27352,1
27353,2
27354,2
27355,2
27356,1
27357,0
27358,1
27359,0
27360,2
27361,0
27362,2
27363,2
27364,1
27365,0
27366,2
27367,0
27368,0
27369,1
27370,0
27371,1
27372,2
27373,1
27374,0
27375,0
27376,2
27377,1
27378,1
27379,0
27380,0
27381,1
27382,1
27383,1
27384,1
27385,2
27386,0
27387,2
27388,1
27389,0
27390,0
27391,0
27392,1
27393,0
27394,0
27395,0
27396,2
27397,0
27398,1
27399,0
27400,1
27401,1
27402,2
27403,1
27404,0
27405,0
27406,0
27407,1
27408,0
27409,1
27410,1
27411,0
27412,2
27413,0
27414,0
27415,1
27416,2
27417,1
27418,0
27419,0
27420,2
27421,1
27422,2
27423,0
27424,0
27425,0
27426,2
27427,1
27428,1
27429,0
27430,1
27431,0
27432,2
27433,2
27434,1
27435,1
27436,2
27437,0
27438,2
27439,0
27440,0
27441,0
27442,2
27443,1
27444,0
27445,2
27446,2
27447,0
27448,1
27449,1
27450,0
27451,1
27452,1
27453,2
27454,2
27455,1
27456,2
27457,0
27458,0
27459,2
27460,1
27461,0
27462,1
27463,1
27464,2
27465,0
27466,1
27467,2
27468,0
27469,0
27470,0
27471,0
27472,0
27473,1
27474,0
27475,1
27476,2
27477,2
27478,0
27479,1
27480,0
27481,1
27482,0
27483,1
27484,0
27485,2
27486,2
27487,2
27488,2
27489,0
27490,1
27491,2
27492,0
27493,1
27494,2
27495,0
27496,0
27497,2
27498,1
27499,1
27500,1
27501,2
27502,0
27503,0
27504,2
27505,1
27506,1
27507,2
27508,2
27509,0
27510,0
27511,0
27512,1
27513,0
27514,1
27515,1
27516,2
27517,2
27518,0
27519,0
27520,0
27521,1
27522,0
27523,0
27524,2
27525,1
27526,1
27527,0
27528,2
27529,1
27530,2
27531,2
27532,0
27533,0
27534,0
27535,0
27536,0
27537,0
27538,1
27539,2
27540,2
27541,2
27542,0
27543,0
27544,0
27545,1
27546,0
27547,1
27548,0
27549,0
27550,2
27551,0
27552,0
27553,2
27554,0
27555,1
27556,2
27557,0
27558,2
27559,2
27560,0
27561,2
27562,2
27563,2
27564,1
27565,2
27566,1
27567,0
27568,0
27569,0
27570,2
27571,0
27572,0
27573,2
27574,1
27575,1
27576,1
27577,0
27578,1
27579,1
27580,1
27581,1
27582,2
27583,0
27584,0
27585,2
27586,0
27587,2
27588,0
27589,0
27590,2
27591,0
27592,1
27593,0
27594,0
27595,0
27596,0
27597,2
27598,2
27599,0
27600,0
27601,0
27602,1
27603,1
27604,0
27605,0
27606,0
27607,0
27608,0
27609,1
27610,1
27611,1
27612,0
27613,2
27614,0
27615,2
27616,0
27617,2
27618,0
27619,0
27620,0
27621,1
27622,0
27623,1
27624,0
27625,1
27626,0
27627,0
27628,1
27629,0
27630,0
27631,0
27632,2
27633,0
27634,2
27635,0
27636,0
27637,2
27638,2
27639,0
27640,0
27641,0
27642,1
27643,0
27644,0
27645,0
27646,2
27647,0
27648,0
27649,2
27650,1
27651,0
27652,2
27653,2
27654,0
27655,2
27656,0
27657,1
27658,2
27659,2
27660,0
27661,1
27662,0
27663,0
27664,2
27665,1
27666,0
27667,0
27668,1
27669,0
27670,0
27671,1
27672,1
27673,0
27674,1
27675,0
27676,0
27677,2
27678,2
27679,2
27680,2
27681,0
27682,1
27683,0
27684,0
27685,1
27686,0
27687,0
27688,0
27689,0
27690,0
27691,0
27692,0
27693,1
27694,2
27695,1
27696,1
27697,1
27698,1
27699,0
27700,0
27701,2
27702,1
27703,2
27704,0
27705,1
27706,0
27707,1
27708,2
27709,1
27710,0
27711,0
27712,0
27713,1
27714,2
27715,0
27716,2
27717,0
27718,0
27719,2
27720,2
27721,2
27722,2
27723,1
27724,0
27725,0
27726,1
27727,1
27728,2
27729,1
27730,0
27731,2
27732,0
27733,0
27734,0
27735,0
27736,0
27737,0
27738,2
27739,2
27740,2
27741,1
27742,1
27743,2
27744,2
27745,0
27746,0
27747,0
27748,0
27749,0
27750,0
27751,1
27752,2
27753,2
27754,0
27755,2
27756,0
27757,1
27758,0
27759,1
27760,2
27761,1
27762,0
27763,1
27764,0
27765,1
27766,0
27767,1
27768,1
27769,0
27770,1
27771,0
27772,0
27773,1
27774,1
27775,1
27776,1
27777,1
27778,0
27779,1
27780,1
27781,0
27782,2
27783,0
27784,0
27785,0
27786,1
27787,2
27788,0
27789,1
27790,2
27791,0
27792,0
27793,0
27794,2
27795,0
27796,0
27797,0
27798,0
27799,0
27800,0
27801,1
27802,0
27803,1
27804,2
27805,0
27806,1
27807,0
27808,2
27809,1
27810,2
27811,0
27812,2
27813,2
27814,1
27815,2
27816,1
27817,2
27818,1
27819,2
27820,0
27821,2
27822,2
27823,2
27824,0
27825,0
27826,1
27827,0
27828,1
27829,2
27830,1
27831,0
27832,0
27833,1
27834,1
27835,1
27836,1
27837,2
27838,2
27839,2
27840,1
27841,1
27842,2
27843,0
27844,2
27845,1
27846,2
27847,2
27848,0
27849,0
27850,2
27851,0
27852,2
27853,1
27854,0
27855,0
27856,0
27857,2
27858,0
27859,0
27860,1
27861,2
27862,0
27863,0
27864,2
27865,1
27866,0
27867,1
27868,0
27869,0
27870,1
27871,2
27872,2
27873,0
27874,0
27875,1
27876,0
27877,2
27878,1
27879,1
27880,1
27881,1
27882,0
27883,1
27884,1
27885,0
27886,0
27887,2
27888,0
27889,1
27890,2
27891,1
27892,1
27893,1
27894,0
27895,0
27896,2
27897,1
27898,0
27899,1
27900,2
27901,2
27902,1
27903,2
27904,0
27905,0
27906,0
27907,1
27908,0
27909,0
27910,0
27911,0
27912,1
27913,1
27914,2
27915,1
27916,0
27917,1
27918,0
27919,0
27920,1
27921,1
27922,0
27923,0
27924,0
27925,0
27926,0
27927,1
27928,1
27929,2
27930,0
27931,2
27932,0
27933,1
27934,1
27935,2
27936,0
27937,0
27938,0
27939,1
27940,0
27941,0
27942,1
27943,2
27944,0
27945,1
27946,2
27947,0
27948,0
27949,1
27950,2
27951,2
27952,2
27953,0
27954,2
27955,0
27956,2
27957,0
27958,1
27959,1
27960,2
27961,1
27962,0
27963,0
27964,2
27965,0
27966,2
27967,0
27968,1
27969,0
27970,0
27971,0
27972,1
27973,1
27974,0
27975,0
27976,0
27977,1
27978,2
27979,2
27980,1
27981,1
27982,2
27983,1
27984,0
27985,1
27986,0
27987,0
27988,0
27989,0
27990,2
27991,0
27992,0
27993,0
27994,0
27995,2
27996,0
27997,0
27998,0
27999,1
28000,2
28001,2
28002,0
28003,2
28004,2
28005,1
28006,1
28007,0
28008,0
28009,0
28010,0
28011,1
28012,2
28013,1
28014,2
28015,2
28016,0
28017,1
28018,1
28019,2
28020,1
28021,1
28022,0
28023,2
28024,0
28025,0
28026,2
28027,2
28028,0
28029,1
28030,0
28031,1
28032,2
28033,1
28034,0
28035,0
28036,2
28037,1
28038,1
28039,1
28040,2
28041,2
28042,0
28043,1
28044,2
28045,1
28046,0
28047,1
28048,2
28049,1
28050,1
28051,2
28052,1
28053,2
28054,0
28055,2
28056,1
28057,0
28058,1
28059,0
28060,0
28061,0
28062,0
28063,0
28064,1
28065,0
28066,0
28067,0
28068,1
28069,0
28070,0
28071,0
28072,2
28073,1
28074,0
28075,0
28076,1
28077,0
28078,2
28079,0
28080,1
28081,0
28082,1
28083,0
28084,0
28085,2
28086,1
28087,2
28088,0
28089,1
28090,0
28091,2
28092,0
28093,0
28094,1
28095,0
28096,0
28097,2
28098,0
28099,0
28100,0
28101,1
28102,0
28103,1
28104,2
28105,0
28106,0
28107,0
28108,1
28109,2
28110,0
28111,0
28112,2
28113,2
28114,1
28115,0
28116,0
28117,0
28118,0
28119,2
28120,0
28121,1
28122,0
28123,2
28124,0
28125,0
28126,2
28127,2
28128,1
28129,0
28130,0
28131,0
28132,0
28133,1
28134,0
28135,2
28136,1
28137,1
28138,1
28139,0
28140,0
28141,2
28142,2
28143,2
28144,2
28145,2
28146,2
28147,0
28148,0
28149,1
28150,0
28151,0
28152,2
28153,2
28154,0
28155,2
28156,0
28157,2
28158,1
28159,2
28160,2
28161,0
28162,2
28163,2
28164,0
28165,2
28166,1
28167,0
28168,2
28169,0
28170,0
28171,0
28172,0
28173,2
28174,1
28175,0
28176,1
28177,0
28178,0
28179,0
28180,0
28181,0
28182,0
28183,0
28184,2
28185,0
28186,2
28187,1
28188,0
28189,1
28190,1
28191,1
28192,0
28193,1
28194,0
28195,1
28196,0
28197,2
28198,0
28199,0
28200,2
28201,0
28202,2
28203,2
28204,1
28205,2
28206,1
28207,0
28208,2
28209,0
28210,2
28211,0
28212,1
28213,1
28214,1
28215,0
28216,0
28217,0
28218,0
28219,2
28220,0
28221,2
28222,1
28223,2
28224,0
28225,0
28226,1
28227,2
28228,0
28229,0
28230,0
28231,2
28232,0
28233,2
28234,1
28235,0
28236,0
28237,1
28238,0
28239,0
28240,1
28241,1
28242,1
28243,2
28244,0
28245,1
28246,0
28247,0
28248,1
28249,2
28250,0
28251,2
28252,1
28253,2
28254,0
28255,1
28256,1
28257,1
28258,1
28259,0
28260,0
28261,0
28262,1
28263,0
28264,2
28265,2
28266,0
28267,1
28268,1
28269,1
28270,0
28271,0
28272,0
28273,1
28274,1
28275,0
28276,1
28277,2
28278,2
28279,0
28280,2
28281,2
28282,0
28283,0
28284,1
28285,1
28286,2
28287,2
28288,0
28289,2
28290,0
28291,2
28292,0
28293,0
28294,0
28295,2
28296,0
28297,0
28298,2
28299,2
28300,1
28301,0
28302,1
28303,2
28304,0
28305,0
28306,2
28307,0
28308,2
28309,1
28310,2
28311,0
28312,0
28313,1
28314,0
28315,0
28316,0
28317,0
28318,2
28319,0
28320,0
28321,1
28322,2
28323,0
28324,2
28325,0
28326,2
28327,0
28328,1
28329,0
28330,0
28331,1
28332,0
28333,0
28334,2
28335,0
28336,2
28337,0
28338,0
28339,0
28340,1
28341,1
28342,2
28343,0
28344,0
28345,1
28346,0
28347,0
28348,0
28349,0
28350,0
28351,2
28352,2
28353,0
28354,0
28355,0
28356,0
28357,1
28358,1
28359,0
28360,2
28361,0
28362,1
28363,2
28364,2
28365,1
28366,0
28367,0
28368,1
28369,1
28370,1
28371,0
28372,0
28373,2
28374,0
28375,0
28376,2
28377,0
28378,0
28379,1
28380,2
28381,2
28382,2
28383,1
28384,0
28385,2
28386,1
28387,0
28388,1
28389,2
28390,1
28391,0
28392,0
28393,0
28394,0
28395,1
28396,2
28397,2
28398,0
28399,2
28400,1
28401,2
28402,1
28403,0
28404,0
28405,0
28406,0
28407,1
28408,2
28409,2
28410,0
28411,0
28412,2
28413,2
28414,2
28415,1
28416,0
28417,0
28418,0
28419,2
28420,0
28421,0
28422,2
28423,2
28424,1
28425,0
28426,2
28427,2
28428,0
28429,0
28430,0
28431,1
28432,2
28433,0
28434,1
28435,0
28436,2
28437,0
28438,0
28439,2
28440,2
28441,2
28442,0
28443,0
28444,0
28445,0
28446,0
28447,0
28448,1
28449,0
28450,1
28451,2
28452,0
28453,2
28454,2
28455,2
28456,1
28457,0
28458,0
28459,1
28460,0
28461,0
28462,2
28463,0
28464,1
28465,1
28466,0
28467,1
28468,0
28469,2
28470,1
28471,0
28472,2
28473,2
28474,1
28475,2
28476,0
28477,1
28478,0
28479,0
28480,0
28481,0
28482,0
28483,0
28484,1
28485,0
28486,2
28487,0
28488,2
28489,2
28490,1
28491,0
28492,1
28493,0
28494,0
28495,0
28496,0
28497,0
28498,0
28499,0
28500,0
28501,0
28502,2
28503,1
28504,0
28505,1
28506,0
28507,2
28508,1
28509,0
28510,0
28511,0
28512,2
28513,0
28514,2
28515,0
28516,2
28517,2
28518,2
28519,2
28520,2
28521,1
28522,1
28523,0
28524,1
28525,1
28526,1
28527,0
28528,2
28529,2
28530,2
28531,0
28532,2
28533,1
28534,0
28535,0
28536,0
28537,2
28538,0
28539,1
28540,1
28541,1
28542,1
28543,0
28544,0
28545,0
28546,0
28547,1
28548,0
28549,0
28550,2
28551,2
28552,2
28553,0
28554,1
28555,2
28556,2
28557,0
28558,0
28559,0
28560,2
28561,0
28562,0
28563,2
28564,2
28565,2
28566,2
28567,2
28568,0
28569,2
28570,0
28571,0
28572,2
28573,1
28574,0
28575,2
28576,0
28577,0
28578,1
28579,1
28580,0
28581,2
28582,0
28583,2
28584,0
28585,0
28586,1
28587,2
28588,1
28589,1
28590,0
28591,0
28592,1
28593,2
28594,0
28595,0
28596,2
28597,0
28598,2
28599,2
28600,1
28601,2
28602,0
28603,2
28604,1
28605,1
28606,1
28607,1
28608,1
28609,1
28610,1
28611,1
28612,1
28613,0
28614,1
28615,0
28616,2
28617,2
28618,2
28619,0
28620,1
28621,2
28622,1
28623,2
28624,1
28625,0
28626,1
28627,1
28628,2
28629,1
28630,0
28631,0
28632,1
28633,0
28634,2
28635,2
28636,2
28637,2
28638,2
28639,1
28640,1
28641,1
28642,0
28643,0
28644,2
28645,2
28646,1
28647,2
28648,0
28649,2
28650,0
28651,0
28652,0
28653,0
28654,2
28655,2
28656,0
28657,1
28658,2
28659,1
28660,2
28661,2
28662,0
28663,0
28664,2
28665,0
28666,0
28667,2
28668,2
28669,0
28670,1
28671,0
28672,0
28673,1
28674,2
28675,0
28676,1
28677,1
28678,2
28679,2
28680,0
28681,1
28682,1
28683,2
28684,0
28685,2
28686,0
28687,0
28688,2
28689,0
28690,1
28691,2
28692,1
28693,1
28694,2
28695,1
28696,1
28697,2
28698,2
28699,0
28700,0
28701,1
28702,2
28703,2
28704,0
28705,0
28706,1
28707,2
28708,2
28709,0
28710,2
28711,0
28712,1
28713,1
28714,1
28715,1
28716,0
28717,0
28718,2
28719,0
28720,2
28721,2
28722,0
28723,2
28724,0
28725,0
28726,0
28727,2
28728,0
28729,1
28730,1
28731,0
28732,1
28733,1
28734,0
28735,2
28736,2
28737,2
28738,0
28739,2
28740,1
28741,1
28742,1
28743,0
28744,2
28745,1
28746,1
28747,2
28748,0
28749,2
28750,0
28751,1
28752,2
28753,2
28754,0
28755,0
28756,2
28757,0
28758,1
28759,0
28760,2
28761,2
28762,2
28763,1
28764,0
28765,0
28766,0
28767,0
28768,2
28769,0
28770,0
28771,0
28772,1
28773,1
28774,2
28775,0
28776,1
28777,2
28778,2
28779,2
28780,2
28781,1
28782,1
28783,0
28784,0
28785,0
28786,0
28787,0
28788,2
28789,1
28790,0
28791,1
28792,1
28793,1
28794,2
28795,0
28796,1
28797,0
28798,1
28799,1
28800,2
28801,1
28802,0
28803,0
28804,0
28805,2
28806,0
28807,1
28808,1
28809,1
28810,1
28811,2
28812,2
28813,1
28814,2
28815,1
28816,1
28817,1
28818,2
28819,0
28820,0
28821,0
28822,0
28823,2
28824,2
28825,2
28826,0
28827,1
28828,2
28829,1
28830,0
28831,0
28832,0
28833,2
28834,0
28835,1
28836,0
28837,2
28838,2
28839,1
28840,1
28841,2
28842,2
28843,0
28844,1
28845,2
28846,0
28847,1
28848,2
28849,2
28850,0
28851,0
28852,0
28853,2
28854,1
28855,1
28856,0
28857,0
28858,0
28859,2
28860,1
28861,1
28862,1
28863,0
28864,0
28865,2
28866,0
28867,1
28868,0
28869,2
28870,1
28871,0
28872,1
28873,1
28874,2
28875,2
28876,1
28877,2
28878,1
28879,2
28880,0
28881,0
28882,0
28883,1
28884,1
28885,1
28886,0
28887,0
28888,2
28889,1
28890,1
28891,2
28892,0
28893,0
28894,2
28895,2
28896,2
28897,0
28898,0
28899,1
28900,2
28901,0
28902,0
28903,0
28904,1
28905,0
28906,1
28907,2
28908,1
28909,1
28910,0
28911,1
28912,0
28913,1
28914,0
28915,2
28916,0
28917,0
28918,0
28919,0
28920,2
28921,0
28922,1
28923,2
28924,0
28925,0
28926,1
28927,2
28928,2
28929,1
28930,1
28931,2
28932,0
28933,0
28934,0
28935,1
28936,1
28937,1
28938,2
28939,1
28940,2
28941,2
28942,1
28943,1
28944,0
28945,0
28946,2
28947,2
28948,2
28949,0
28950,1
28951,0
28952,0
28953,1
28954,0
28955,0
28956,2
28957,0
28958,1
28959,0
28960,2
28961,2
28962,1
28963,2
28964,0
28965,0
28966,0
28967,0
28968,1
28969,0
28970,1
28971,0
28972,0
28973,0
28974,1
28975,1
28976,0
28977,0
28978,0
28979,0
28980,1
28981,0
28982,1
28983,1
28984,0
28985,2
28986,0
28987,2
28988,1
28989,0
28990,0
28991,2
28992,0
28993,2
28994,0
28995,0
28996,1
28997,1
28998,1
28999,1
29000,0
29001,0
29002,2
29003,0
29004,0
29005,1
29006,0
29007,0
29008,1
29009,1
29010,1
29011,1
29012,0
29013,0
29014,1
29015,0
29016,0
29017,0
29018,2
29019,1
29020,2
29021,0
29022,0
29023,2
29024,2
29025,0
29026,0
29027,1
29028,2
29029,2
29030,2
29031,0
29032,0
29033,2
29034,0
29035,2
29036,0
29037,2
29038,2
29039,1
29040,0
29041,0
29042,0
29043,1
29044,0
29045,0
29046,0
29047,0
29048,0
29049,0
29050,0
29051,1
29052,1
29053,0
29054,2
29055,0
29056,1
29057,2
29058,0
29059,0
29060,1
29061,0
29062,2
29063,0
29064,2
29065,0
29066,0
29067,0
29068,2
29069,2
29070,2
29071,1
29072,0
29073,0
29074,0
29075,1
29076,1
29077,0
29078,1
29079,0
29080,2
29081,0
29082,1
29083,0
29084,2
29085,1
29086,2
29087,2
29088,2
29089,1
29090,1
29091,0
29092,2
29093,0
29094,0
29095,2
29096,2
29097,1
29098,1
29099,0
29100,1
29101,1
29102,2
29103,2
29104,1
29105,1
29106,2
29107,0
29108,0
29109,0
29110,2
29111,2
29112,1
29113,0
29114,0
29115,2
29116,2
29117,1
29118,0
29119,1
29120,0
29121,1
29122,1
29123,0
29124,1
29125,0
29126,0
29127,2
29128,0
29129,0
29130,2
29131,0
29132,0
29133,0
29134,2
29135,0
29136,0
29137,0
29138,1
29139,1
29140,1
29141,2
29142,0
29143,0
29144,0
29145,1
29146,0
29147,2
29148,0
29149,0
29150,0
29151,1
29152,1
29153,1
29154,1
29155,2
29156,1
29157,0
29158,0
29159,2
29160,1
29161,1
29162,1
29163,1
29164,1
29165,1
29166,0
29167,0
29168,0
29169,2
29170,2
29171,1
29172,0
29173,0
29174,0
29175,1
29176,2
29177,1
29178,0
29179,0
29180,2
29181,0
29182,2
29183,1
29184,1
29185,1
29186,0
29187,0
29188,0
29189,2
29190,0
29191,0
29192,0
29193,2
29194,1
29195,2
29196,1
29197,0
29198,1
29199,0
29200,0
29201,1
29202,0
29203,2
29204,0
29205,0
29206,0
29207,0
29208,2
29209,0
29210,1
29211,0
29212,2
29213,0
29214,0
29215,0
29216,0
29217,1
29218,1
29219,2
29220,0
29221,2
29222,0
29223,1
29224,0
29225,1
29226,0
29227,0
29228,2
29229,2
29230,0
29231,1
29232,0
29233,2
29234,1
29235,1
29236,1
29237,0
29238,0
29239,1
29240,0
29241,0
29242,2
29243,2
29244,2
29245,2
29246,2
29247,0
29248,2
29249,2
29250,0
29251,0
29252,1
29253,2
29254,2
29255,0
29256,1
29257,0
29258,1
29259,0
29260,1
29261,2
29262,0
29263,1
29264,0
29265,0
29266,2
29267,1
29268,1
29269,0
29270,0
29271,0
29272,0
29273,1
29274,2
29275,0
29276,2
29277,0
29278,0
29279,0
29280,1
29281,1
29282,1
29283,0
29284,2
29285,0
29286,0
29287,0
29288,0
29289,1
29290,2
29291,0
29292,0
29293,0
29294,0
29295,1
29296,0
29297,1
29298,0
29299,1
29300,1
29301,1
29302,0
29303,0
29304,0
29305,1
29306,2
29307,0
29308,2
29309,0
29310,0
29311,2
29312,1
29313,1
29314,2
29315,0
29316,2
29317,1
29318,2
29319,0
29320,0
29321,0
29322,1
29323,0
29324,0
29325,0
29326,1
29327,0
29328,0
29329,2
29330,2
29331,1
29332,0
29333,0
29334,1
29335,0
29336,1
29337,0
29338,1
29339,2
29340,2
29341,2
29342,2
29343,0
29344,2
29345,1
29346,0
29347,1
29348,0
29349,1
29350,2
29351,2
29352,1
29353,0
29354,0
29355,0
29356,0
29357,0
29358,0
29359,0
29360,1
29361,2
29362,1
29363,0
29364,2
29365,1
29366,0
29367,2
29368,2
29369,1
29370,2
29371,0
29372,0
29373,0
29374,0
29375,0
29376,2
29377,1
29378,1
29379,2
29380,2
29381,2
29382,1
29383,0
29384,1
29385,2
29386,2
29387,1
29388,2
29389,1
29390,1
29391,0
29392,1
29393,2
29394,0
29395,0
29396,2
29397,0
29398,1
29399,1
29400,2
29401,0
29402,0
29403,1
29404,0
29405,0
29406,2
29407,2
29408,0
29409,0
29410,0
29411,2
29412,0
29413,2
29414,0
29415,0
29416,2
29417,1
29418,2
29419,1
29420,2
29421,1
29422,0
29423,2
29424,1
29425,0
29426,2
29427,0
29428,2
29429,1
29430,1
29431,2
29432,0
29433,2
29434,0
29435,1
29436,0
29437,2
29438,1
29439,0
29440,2
29441,0
29442,0
29443,2
29444,2
29445,0
29446,1
29447,0
29448,1
29449,0
29450,0
29451,1
29452,0
29453,1
29454,0
29455,0
29456,2
29457,0
29458,0
29459,0
29460,1
29461,2
29462,1
29463,0
29464,2
29465,2
29466,0
29467,2
29468,1
29469,0
29470,0
29471,0
29472,2
29473,2
29474,1
29475,1
29476,1
29477,2
29478,2
29479,2
29480,0
29481,0
29482,2
29483,2
29484,0
29485,2
29486,1
29487,0
29488,2
29489,2
29490,1
29491,2
29492,0
29493,2
29494,0
29495,2
29496,0
29497,0
29498,0
29499,0
29500,0
29501,1
29502,0
29503,0
29504,2
29505,2
29506,1
29507,0
29508,0
29509,2
29510,0
29511,2
29512,0
29513,0
29514,2
29515,0
29516,0
29517,0
29518,0
29519,0
29520,1
29521,0
29522,1
29523,2
29524,2
29525,1
29526,1
29527,2
29528,0
29529,0
29530,0
29531,0
29532,2
29533,0
29534,2
29535,0
29536,0
29537,2
29538,0
29539,1
29540,0
29541,1
29542,0
29543,0
29544,1
29545,0
29546,0
29547,1
29548,1
29549,0
29550,1
29551,1
29552,0
29553,0
29554,1
29555,1
29556,2
29557,2
29558,0
29559,0
29560,1
29561,2
29562,0
29563,0
29564,0
29565,1
29566,0
29567,0
29568,1
29569,1
29570,2
29571,2
29572,0
29573,0
29574,1
29575,2
29576,2
29577,2
29578,0
29579,0
29580,0
29581,0
29582,0
29583,1
29584,1
29585,2
29586,0
29587,0
29588,2
29589,0
29590,1
29591,2
29592,0
29593,0
29594,2
29595,2
29596,2
29597,1
29598,1
29599,0
29600,0
29601,2
29602,0
29603,1
29604,1
29605,2
29606,1
29607,2
29608,0
29609,0
29610,1
29611,2
29612,2
29613,0
29614,0
29615,1
29616,0
29617,2
29618,0
29619,1
29620,0
29621,0
29622,0
29623,0
29624,0
29625,0
29626,0
29627,0
29628,2
29629,1
29630,0
29631,2
29632,0
29633,1
29634,1
29635,1
29636,0
29637,0
29638,2
29639,2
29640,1
29641,0
29642,0
29643,2
29644,2
29645,2
29646,0
29647,0
29648,1
29649,0
29650,0
29651,0
29652,0
29653,1
29654,1
29655,2
29656,0
29657,0
29658,0
29659,1
29660,0
29661,0
29662,0
29663,0
29664,0
29665,2
29666,0
29667,0
29668,1
29669,2
29670,2
29671,0
29672,0
29673,1
29674,0
29675,2
29676,1
29677,2
29678,0
29679,0
29680,2
29681,1
29682,2
29683,1
29684,2
29685,0
29686,1
29687,0
29688,0
29689,1
29690,0
29691,0
29692,1
29693,1
29694,1
29695,2
29696,1
29697,0
29698,2
29699,0
29700,1
29701,2
29702,1
29703,2
29704,1
29705,0
29706,1
29707,2
29708,0
29709,2
29710,1
29711,2
29712,0
29713,0
29714,0
29715,0
29716,0
29717,1
29718,1
29719,0
29720,2
29721,1
29722,0
29723,0
29724,1
29725,2
29726,0
29727,0
29728,0
29729,2
29730,2
29731,2
29732,2
29733,2
29734,1
29735,0
29736,1
29737,0
29738,2
29739,0
29740,2
29741,2
29742,0
29743,0
29744,1
29745,2
29746,2
29747,2
29748,1
29749,1
29750,1
29751,0
29752,0
29753,1
29754,0
29755,0
29756,0
29757,0
29758,0
29759,0
29760,1
29761,0
29762,2
29763,1
29764,0
29765,0
29766,1
29767,2
29768,2
29769,1
29770,1
29771,0
29772,1
29773,1
29774,0
29775,0
29776,2
29777,0
29778,0
29779,1
29780,0
29781,2
29782,2
29783,0
29784,1
29785,2
29786,2
29787,2
29788,1
29789,0
29790,2
29791,1
29792,1
29793,1
29794,2
29795,1
29796,2
29797,2
29798,0
29799,0
29800,0
29801,0
29802,2
29803,0
29804,2
29805,2
29806,2
29807,0
29808,0
29809,2
29810,0
29811,1
29812,0
29813,0
29814,1
29815,0
29816,2
29817,1
29818,0
29819,1
29820,0
29821,1
29822,0
29823,2
29824,0
29825,0
29826,1
29827,0
29828,1
29829,1
29830,0
29831,2
29832,0
29833,0
29834,0
29835,1
29836,1
29837,2
29838,0
29839,1
29840,0
29841,2
29842,1
29843,0
29844,0
29845,2
29846,0
29847,1
29848,2
29849,0
29850,0
29851,2
29852,2
29853,1
29854,0
29855,1
29856,1
29857,2
29858,0
29859,0
29860,2
29861,0
29862,0
29863,1
29864,1
29865,0
29866,0
29867,1
29868,0
29869,2
29870,0
29871,0
29872,0
29873,1
29874,0
29875,0
29876,2
29877,0
29878,1
29879,0
29880,1
29881,0
29882,0
29883,0
29884,2
29885,0
29886,0
29887,1
29888,0
29889,0
29890,2
29891,0
29892,1
29893,0
29894,0
29895,2
29896,2
29897,2
29898,0
29899,1
29900,0
29901,0
29902,2
29903,0
29904,0
29905,0
29906,0
29907,1
29908,1
29909,0
29910,2
29911,0
29912,0
29913,1
29914,0
29915,0
29916,0
29917,0
29918,0
29919,0
29920,2
29921,2
29922,0
29923,0
29924,1
29925,0
29926,1
29927,2
29928,0
29929,1
29930,1
29931,1
29932,1
29933,0
29934,2
29935,2
29936,2
29937,0
29938,2
29939,1
29940,0
29941,2
29942,0
29943,2
29944,1
29945,2
29946,2
29947,0
29948,2
29949,2
29950,1
29951,1
29952,0
29953,0
29954,1
29955,2
29956,0
29957,2
29958,0
29959,0
29960,0
29961,0
29962,1
29963,2
29964,2
29965,1
29966,1
29967,0
29968,0
29969,0
29970,0
29971,0
29972,2
29973,2
29974,2
29975,0
29976,1
29977,2
29978,2
29979,1
29980,2
29981,1
29982,1
29983,1
29984,1
29985,1
29986,1
29987,2
29988,1
29989,1
29990,0
29991,2
29992,0
29993,0
29994,2
29995,0
29996,0
29997,0
29998,2
29999,2
30000,0
30001,0
30002,2
30003,1
30004,0
30005,1
30006,0
30007,2
30008,0
30009,2
30010,1
30011,0
30012,0
30013,1
30014,0
30015,2
30016,0
30017,1
30018,2
30019,0
30020,1
30021,0
30022,1
30023,0
30024,2
30025,1
30026,0
30027,0
30028,0
30029,0
30030,1
30031,0
30032,0
30033,1
30034,0
30035,0
30036,2
30037,0
30038,2
30039,2
30040,2
30041,1
30042,0
30043,2
30044,0
30045,1
30046,0
30047,1
30048,2
30049,2
30050,0
30051,2
30052,1
30053,1
30054,2
30055,1
30056,0
30057,1
30058,2
30059,1
30060,0
30061,0
30062,2
30063,1
30064,2
30065,0
30066,0
30067,0
30068,0
30069,1
30070,1
30071,1
30072,2
30073,2
30074,0
30075,0
30076,2
30077,2
30078,1
30079,0
30080,2
30081,0
30082,0
30083,0
30084,0
30085,0
30086,1
30087,0
30088,2
30089,0
30090,0
30091,1
30092,0
30093,1
30094,2
30095,1
30096,2
30097,2
30098,2
30099,0
30100,0
30101,0
30102,1
30103,2
30104,0
30105,0
30106,0
30107,0
30108,1
30109,1
30110,1
30111,1
30112,1
30113,1
30114,1
30115,0
30116,0
30117,2
30118,0
30119,2
30120,1
30121,1
30122,0
30123,0
30124,0
30125,0
30126,1
30127,2
30128,2
30129,2
30130,0
30131,2
30132,0
30133,0
30134,2
30135,1
30136,1
30137,1
30138,0
30139,0
30140,1
30141,0
30142,1
30143,0
30144,0
30145,0
30146,1
30147,1
30148,0
30149,2
30150,2
30151,0
30152,0
30153,0
30154,1
30155,1
30156,0
30157,0
30158,0
30159,0
30160,2
30161,2
30162,0
30163,2
30164,2
30165,0
30166,2
30167,1
30168,0
30169,2
30170,2
30171,0
30172,2
30173,0
30174,2
30175,0
30176,0
30177,0
30178,0
30179,1
30180,1
30181,0
30182,2
30183,0
30184,2
30185,0
30186,2
30187,0
30188,2
30189,0
30190,0
30191,2
30192,0
30193,1
30194,0
30195,0
30196,0
30197,1
30198,2
30199,2
30200,2
30201,0
30202,1
30203,0
30204,0
30205,2
30206,2
30207,2
30208,1
30209,2
30210,0
30211,2
30212,0
30213,2
30214,0
30215,0
30216,2
30217,2
30218,1
30219,1
30220,0
30221,2
30222,1
30223,0
30224,1
30225,0
30226,1
30227,0
30228,1
30229,2
30230,2
30231,2
30232,0
30233,2
30234,2
30235,1
30236,0
30237,1
30238,1
30239,0
30240,1
30241,1
30242,1
30243,1
30244,2
30245,0
30246,2
30247,2
30248,0
30249,2
30250,1
30251,2
30252,2
30253,0
30254,2
30255,1
30256,2
30257,1
30258,2
30259,2
30260,0
30261,1
30262,2
30263,2
30264,2
30265,2
30266,2
30267,1
30268,1
30269,2
30270,1
30271,1
30272,1
30273,1
30274,1
30275,2
30276,2
30277,1
30278,1
30279,2
30280,2
30281,0
30282,2
30283,0
30284,0
30285,2
30286,0
30287,1
30288,2
30289,1
30290,2
30291,1
30292,1
30293,0
30294,0
30295,0
30296,0
30297,1
30298,2
30299,2
30300,2
30301,2
30302,0
30303,2
30304,0
30305,0
30306,0
30307,0
30308,2
30309,1
30310,2
30311,1
30312,1
30313,1
30314,2
30315,2
30316,0
30317,2
30318,1
30319,0
30320,0
30321,1
30322,1
30323,0
30324,0
30325,2
30326,0
30327,0
30328,2
30329,2
30330,2
30331,0
30332,1
30333,1
30334,1
30335,1
30336,0
30337,0
30338,2
30339,1
30340,1
30341,0
30342,2
30343,0
30344,1
30345,2
30346,0
30347,1
30348,2
30349,1
30350,2
30351,1
30352,2
30353,0
30354,0
30355,0
30356,0
30357,1
30358,2
30359,2
30360,0
30361,1
30362,2
30363,0
30364,2
30365,0
30366,0
30367,1
30368,1
30369,2
30370,0
30371,2
30372,0
30373,0
30374,0
30375,1
30376,1
30377,1
30378,2
30379,2
30380,0
30381,2
30382,2
30383,0
30384,1
30385,2
30386,1
30387,2
30388,1
30389,0
30390,2
30391,1
30392,2
30393,1
30394,1
30395,0
30396,1
30397,0
30398,2
30399,2
30400,2
30401,0
30402,1
30403,2
30404,2
30405,1
30406,1
30407,0
30408,0
30409,2
30410,1
30411,2
30412,0
30413,0
30414,0
30415,2
30416,1
30417,1
30418,2
30419,1
30420,1
30421,2
30422,0
30423,2
30424,0
30425,2
30426,0
30427,0
30428,1
30429,0
30430,0
30431,0
30432,0
30433,0
30434,1
30435,0
30436,2
30437,2
30438,1
30439,2
30440,1
30441,1
30442,0
30443,0
30444,1
30445,2
30446,0
30447,1
30448,0
30449,1
30450,1
30451,0
30452,2
30453,1
30454,2
30455,0
30456,2
30457,0
30458,0
30459,2
30460,2
30461,0
30462,0
30463,1
30464,0
30465,2
30466,0
30467,0
30468,2
30469,2
30470,0
30471,0
30472,2
30473,1
30474,2
30475,2
30476,2
30477,0
30478,0
30479,2
30480,2
30481,0
30482,0
30483,2
30484,2
30485,0
30486,0
30487,0
30488,2
30489,0
30490,0
30491,1
30492,0
30493,2
30494,2
30495,1
30496,2
30497,0
30498,1
30499,0
30500,2
30501,2
30502,0
30503,1
30504,2
30505,1
30506,2
30507,2
30508,0
30509,0
30510,2
30511,1
30512,0
30513,1
30514,2
30515,0
30516,0
30517,2
30518,2
30519,0
30520,0
30521,0
30522,0
30523,2
30524,2
30525,2
30526,1
30527,1
30528,0
30529,0
30530,1
30531,0
30532,1
30533,0
30534,2
30535,1
30536,0
30537,0
30538,0
30539,2
30540,2
30541,1
30542,1
30543,0
30544,0
30545,0
30546,2
30547,2
30548,2
30549,2
30550,0
30551,2
30552,2
30553,0
30554,0
30555,0
30556,2
30557,1
30558,2
30559,1
30560,0
30561,0
30562,2
30563,0
30564,1
30565,2
30566,0
30567,0
30568,1
30569,2
30570,2
30571,2
30572,0
30573,0
30574,0
30575,0
30576,0
30577,2
30578,2
30579,1
30580,2
30581,0
30582,1
30583,0
30584,1
30585,0
30586,1
30587,2
30588,0
30589,2
30590,2
30591,2
30592,1
30593,0
30594,2
30595,1
30596,0
30597,2
30598,0
30599,0
30600,0
30601,0
30602,0
30603,0
30604,2
30605,0
30606,1
30607,0
30608,2
30609,1
30610,2
30611,1
30612,0
30613,0
30614,0
30615,0
30616,2
30617,0
30618,0
30619,0
30620,0
30621,1
30622,0
30623,0
30624,2
30625,0
30626,0
30627,1
30628,2
30629,2
30630,2
30631,1
30632,1
30633,0
30634,2
30635,1
30636,2
30637,0
30638,1
30639,0
30640,0
30641,0
30642,1
30643,1
30644,2
30645,0
30646,1
30647,1
30648,0
30649,2
30650,2
30651,1
30652,2
30653,0
30654,2
30655,1
30656,0
30657,2
30658,0
30659,0
30660,1
30661,0
30662,0
30663,0
30664,0
30665,2
30666,2
30667,0
30668,1
30669,0
30670,0
30671,0
30672,2
30673,2
30674,2
30675,2
30676,0
30677,2
30678,2
30679,0
30680,0
30681,0
30682,0
30683,1
30684,1
30685,1
30686,2
30687,0
30688,0
30689,2
30690,2
30691,1
30692,2
30693,0
30694,1
30695,0
30696,0
30697,2
30698,0
30699,1
30700,1
30701,0
30702,0
30703,2
30704,0
30705,0
30706,2
30707,0
30708,0
30709,0
30710,2
30711,1
30712,0
30713,0
30714,0
30715,0
30716,0
30717,1
30718,1
30719,2
30720,1
30721,0
30722,0
30723,1
30724,2
30725,1
30726,2
30727,1
30728,0
30729,0
30730,2
30731,0
30732,2
30733,2
30734,2
30735,0
30736,2
30737,2
30738,1
30739,2
30740,0
30741,0
30742,2
30743,0
30744,0
30745,1
30746,2
30747,1
30748,0
30749,0
30750,2
30751,0
30752,2
30753,0
30754,0
30755,1
30756,0
30757,0
30758,2
30759,0
30760,0
30761,2
30762,0
30763,2
30764,1
30765,0
30766,2
30767,1
30768,2
30769,0
30770,0
30771,0
30772,0
30773,0
30774,2
30775,0
30776,1
30777,1
30778,2
30779,1
30780,1
30781,2
30782,1
30783,2
30784,2
30785,2
30786,2
30787,0
30788,2
30789,0
30790,1
30791,2
30792,2
30793,2
30794,1
30795,0
30796,0
30797,1
30798,1
30799,0
30800,1
30801,1
30802,2
30803,0
30804,0
30805,1
30806,2
30807,1
30808,2
30809,2
30810,2
30811,2
30812,0
30813,0
30814,0
30815,0
30816,0
30817,0
30818,0
30819,1
30820,2
30821,0
30822,2
30823,1
30824,0
30825,0
30826,2
30827,2
30828,1
30829,2
30830,0
30831,0
30832,1
30833,2
30834,1
30835,1
30836,0
30837,0
30838,2
30839,0
30840,0
30841,0
30842,0
30843,1
30844,0
30845,0
30846,1
30847,2
30848,0
30849,0
30850,2
30851,2
30852,1
30853,0
30854,2
30855,0
30856,1
30857,0
30858,0
30859,0
30860,1
30861,1
30862,0
30863,0
30864,0
30865,2
30866,0
30867,0
30868,0
30869,2
30870,0
30871,2
30872,0
30873,2
30874,1
30875,2
30876,2
30877,1
30878,0
30879,0
30880,1
30881,0
30882,0
30883,0
30884,2
30885,1
30886,2
30887,2
30888,1
30889,1
30890,2
30891,0
30892,1
30893,0
30894,2
30895,2
30896,0
30897,2
30898,2
30899,0
30900,0
30901,1
30902,0
30903,1
30904,2
30905,0
30906,2
30907,2
30908,2
30909,1
30910,0
30911,1
30912,2
30913,0
30914,0
30915,2
30916,0
30917,1
30918,0
30919,0
30920,0
30921,1
30922,2
30923,0
30924,1
30925,0
30926,0
30927,0
30928,0
30929,2
30930,1
30931,0
30932,1
30933,1
30934,1
30935,0
30936,1
30937,1
30938,0
30939,1
30940,0
30941,2
30942,0
30943,2
30944,1
30945,0
30946,1
30947,2
30948,1
30949,0
30950,0
30951,2
30952,0
30953,1
30954,0
30955,0
30956,2
30957,1
30958,2
30959,1
30960,0
30961,0
30962,2
30963,2
30964,2
30965,0
30966,1
30967,0
30968,1
30969,0
30970,0
30971,2
30972,1
30973,1
30974,2
30975,0
30976,2
30977,0
30978,2
30979,1
30980,0
30981,2
30982,2
30983,0
30984,0
30985,1
30986,1
30987,0
30988,1
30989,0
30990,2
30991,0
30992,1
30993,2
30994,0
30995,0
30996,2
30997,1
30998,1
30999,1
31000,0
31001,1
31002,0
31003,2
31004,1
31005,0
31006,0
31007,2
31008,2
31009,2
31010,0
31011,2
31012,1
31013,0
31014,1
31015,0
31016,1
31017,1
31018,0
31019,0
31020,1
31021,0
31022,0
31023,2
31024,2
31025,1
31026,0
31027,0
31028,0
31029,1
31030,1
31031,0
31032,0
31033,2
31034,2
31035,0
31036,0
31037,0
31038,0
31039,2
31040,0
31041,0
31042,1
31043,0
31044,0
31045,1
31046,2
31047,1
31048,0
31049,0
31050,2
31051,2
31052,0
31053,1
31054,1
31055,1
31056,0
31057,0
31058,0
31059,2
31060,0
31061,0
31062,2
31063,1
31064,1
31065,1
31066,1
31067,0
31068,1
31069,1
31070,0
31071,1
31072,0
31073,0
31074,0
31075,1
31076,2
31077,2
31078,2
31079,1
31080,2
31081,1
31082,0
31083,2
31084,1
31085,0
31086,0
31087,2
31088,0
31089,0
31090,0
31091,0
31092,1
31093,0
31094,0
31095,0
31096,0
31097,2
31098,0
31099,1
31100,0
31101,2
31102,0
31103,2
31104,0
31105,1
31106,2
31107,0
31108,0
31109,2
31110,1
31111,0
31112,1
31113,0
31114,2
31115,1
31116,1
31117,1
31118,1
31119,1
31120,0
31121,1
31122,2
31123,0
31124,1
31125,2
31126,1
31127,0
31128,1
31129,0
31130,0
31131,0
31132,2
31133,1
31134,0
31135,1
31136,2
31137,0
31138,0
31139,0
31140,2
31141,2
31142,0
31143,0
31144,0
31145,0
31146,0
31147,1
31148,0
31149,2
31150,0
31151,0
31152,1
31153,2
31154,0
31155,2
31156,0
31157,1
31158,0
31159,0
31160,1
31161,0
31162,2
31163,1
31164,0
31165,2
31166,2
31167,1
31168,0
31169,0
31170,2
31171,0
31172,1
31173,2
31174,2
31175,2
31176,0
31177,1
31178,1
31179,2
31180,0
31181,1
31182,0
31183,1
31184,0
31185,1
31186,2
31187,2
31188,0
31189,0
31190,2
31191,0
31192,1
31193,0
31194,2
31195,1
31196,0
31197,1
31198,0
31199,0
31200,0
31201,1
31202,2
31203,2
31204,0
31205,1
31206,0
31207,0
31208,2
31209,1
31210,2
31211,0
31212,0
31213,0
31214,1
31215,1
31216,1
31217,1
31218,0
31219,1
31220,1
31221,0
31222,1
31223,2
31224,2
31225,2
31226,0
31227,0
31228,0
31229,2
31230,2
31231,2
31232,2
31233,1
31234,2
31235,0
31236,1
31237,2
31238,1
31239,0
31240,2
31241,1
31242,0
31243,0
31244,0
31245,0
31246,2
31247,0
31248,2
31249,1
31250,0
31251,1
31252,0
31253,0
31254,1
31255,1
31256,0
31257,1
31258,1
31259,0
31260,0
31261,0
31262,0
31263,0
31264,0
31265,0
31266,2
31267,0
31268,1
31269,2
31270,0
31271,1
31272,2
31273,2
31274,0
31275,0
31276,2
31277,0
31278,1
31279,2
31280,0
31281,2
31282,0
31283,0
31284,0
31285,0
31286,0
31287,0
31288,1
31289,1
31290,1
31291,0
31292,0
31293,2
31294,0
31295,0
31296,2
31297,1
31298,1
31299,1
31300,1
31301,2
31302,2
31303,0
31304,0
31305,1
31306,1
31307,2
31308,0
31309,1
31310,1
31311,1
31312,0
31313,1
31314,1
31315,2
31316,2
31317,2
31318,2
31319,2
31320,1
31321,1
31322,0
31323,1
31324,1
31325,2
31326,0
31327,0
31328,2
31329,2
31330,1
31331,2
31332,0
31333,1
31334,0
31335,0
31336,0
31337,2
31338,1
31339,0
31340,0
31341,1
31342,1
31343,2
31344,2
31345,2
31346,2
31347,1
31348,1
31349,0
31350,0
31351,0
31352,2
31353,1
31354,0
31355,1
31356,0
31357,1
31358,2
31359,0
31360,0
31361,0
31362,0
31363,1
31364,2
31365,0
31366,0
31367,0
31368,1
31369,0
31370,1
31371,2
31372,2
31373,0
31374,1
31375,0
31376,2
31377,0
31378,1
31379,2
31380,2
31381,1
31382,0
31383,0
31384,2
31385,0
31386,0
31387,0
31388,0
31389,0
31390,0
31391,2
31392,1
31393,0
31394,0
31395,1
31396,1
31397,0
31398,0
31399,1
31400,2
31401,0
31402,0
31403,0
31404,1
31405,0
31406,0
31407,0
31408,0
31409,0
31410,0
31411,0
31412,0
31413,0
31414,2
31415,0
31416,0
31417,0
31418,0
31419,2
31420,1
31421,0
31422,2
31423,2
31424,1
31425,0
31426,1
31427,0
31428,0
31429,0
31430,1
31431,1
31432,2
31433,0
31434,0
31435,0
31436,1
31437,0
31438,0
31439,0
31440,1
31441,2
31442,2
31443,0
31444,0
31445,0
31446,1
31447,1
31448,0
31449,1
31450,1
31451,1
31452,0
31453,0
31454,1
31455,0
31456,0
31457,1
31458,1
31459,1
31460,2
31461,2
31462,1
31463,2
31464,2
31465,1
31466,0
31467,0
31468,2
31469,0
31470,1
31471,2
31472,0
31473,1
31474,0
31475,1
31476,1
31477,1
31478,2
31479,0
31480,1
31481,2
31482,0
31483,2
31484,2
31485,1
31486,2
31487,1
31488,0
31489,0
31490,1
31491,2
31492,2
31493,0
31494,2
31495,0
31496,0
31497,0
31498,2
31499,0
31500,0
31501,0
31502,1
31503,1
31504,2
31505,2
31506,1
31507,2
31508,0
31509,0
31510,1
31511,0
31512,0
31513,0
31514,1
31515,0
31516,1
31517,2
31518,2
31519,1
31520,0
31521,1
31522,0
31523,2
31524,2
31525,2
31526,0
31527,0
31528,2
31529,1
31530,0
31531,2
31532,0
31533,2
31534,2
31535,2
31536,2
31537,0
31538,1
31539,2
31540,0
31541,1
31542,1
31543,2
31544,1
31545,0
31546,2
31547,0
31548,2
31549,2
31550,0
31551,2
31552,2
31553,0
31554,0
31555,0
31556,0
31557,0
31558,2
31559,1
31560,2
31561,2
31562,1
31563,0
31564,0
31565,1
31566,2
31567,2
31568,1
31569,0
31570,0
31571,1
31572,2
31573,0
31574,1
31575,1
31576,2
31577,0
31578,0
31579,2
31580,1
31581,0
31582,0
31583,1
31584,1
31585,1
31586,2
31587,1
31588,2
31589,0
31590,1
31591,1
31592,2
31593,1
31594,2
31595,2
31596,0
31597,0
31598,1
31599,0
31600,0
31601,2
31602,0
31603,2
31604,2
31605,1
31606,0
31607,0
31608,0
31609,1
31610,0
31611,0
31612,2
31613,1
31614,2
31615,1
31616,2
31617,0
31618,0
31619,2
31620,2
31621,0
31622,1
31623,2
31624,2
31625,0
31626,1
31627,2
31628,0
31629,0
31630,2
31631,1
31632,0
31633,2
31634,0
31635,0
31636,1
31637,1
31638,2
31639,1
31640,1
31641,1
31642,2
31643,1
31644,0
31645,0
31646,0
31647,1
31648,0
31649,0
31650,0
31651,2
31652,0
31653,2
31654,1
31655,0
31656,1
31657,0
31658,0
31659,0
31660,1
31661,1
31662,1
31663,2
31664,2
31665,0
31666,2
31667,1
31668,0
31669,0
31670,1
31671,0
31672,0
31673,0
31674,2
31675,1
31676,2
31677,0
31678,2
31679,1
31680,1
31681,0
31682,0
31683,2
31684,2
31685,0
31686,0
31687,1
31688,0
31689,2
31690,0
31691,0
31692,0
31693,2
31694,0
31695,0
31696,0
31697,2
31698,0
31699,2
31700,1
31701,2
31702,1
31703,0
31704,0
31705,0
31706,0
31707,2
31708,2
31709,1
31710,1
31711,0
31712,0
31713,1
31714,1
31715,2
31716,0
31717,0
31718,0
31719,0
31720,0
31721,1
31722,0
31723,2
31724,2
31725,2
31726,0
31727,0
31728,2
31729,0
31730,1
31731,2
31732,1
31733,1
31734,1
31735,0
31736,0
31737,0
31738,1
31739,1
31740,1
31741,0
31742,2
31743,1
31744,0
31745,0
31746,1
31747,0
31748,1
31749,0
31750,0
31751,0
31752,0
31753,2
31754,1
31755,1
31756,2
31757,2
31758,1
31759,0
31760,2
31761,1
31762,2
31763,0
31764,1
31765,1
31766,0
31767,0
31768,1
31769,2
31770,1
31771,0
31772,2
31773,2
31774,0
31775,1
31776,0
31777,0
31778,0
31779,1
31780,0
31781,2
31782,1
31783,2
31784,0
31785,0
31786,0
31787,2
31788,0
31789,0
31790,2
31791,0
31792,0
31793,1
31794,2
31795,0
31796,1
31797,1
31798,1
31799,0
31800,1
31801,2
31802,0
31803,1
31804,0
31805,0
31806,0
31807,1
31808,0
31809,1
31810,2
31811,0
31812,1
31813,0
31814,1
31815,1
31816,2
31817,0
31818,2
31819,1
31820,0
31821,0
31822,1
31823,1
31824,2
31825,1
31826,0
31827,2
31828,2
31829,0
31830,2
31831,1
31832,0
31833,1
31834,0
31835,2
31836,2
31837,1
31838,0
31839,0
31840,1
31841,0
31842,1
31843,0
31844,0
31845,1
31846,1
31847,0
31848,0
31849,0
31850,0
31851,2
31852,0
31853,2
31854,0
31855,1
31856,0
31857,1
31858,0
31859,0
31860,0
31861,2
31862,1
31863,2
31864,1
31865,2
31866,1
31867,1
31868,2
31869,0
31870,0
31871,0
31872,0
31873,1
31874,2
31875,0
31876,2
31877,1
31878,1
31879,1
31880,0
31881,0
31882,1
31883,0
31884,2
31885,2
31886,0
31887,0
31888,2
31889,2
31890,2
31891,0
31892,1
31893,2
31894,1
31895,0
31896,0
31897,0
31898,1
31899,1
31900,2
31901,1
31902,1
31903,2
31904,0
31905,1
31906,0
31907,2
31908,2
31909,0
31910,0
31911,0
31912,0
31913,0
31914,1
31915,1
31916,0
31917,0
31918,0
31919,2
31920,0
31921,0
31922,2
31923,1
31924,0
31925,1
31926,0
31927,1
31928,0
31929,0
31930,1
31931,1
31932,1
31933,0
31934,2
31935,2
31936,0
31937,2
31938,0
31939,2
31940,2
31941,0
31942,0
31943,1
31944,0
31945,2
31946,0
31947,1
31948,2
31949,2
31950,0
31951,0
31952,2
31953,2
31954,2
31955,0
31956,0
31957,2
31958,0
31959,2
31960,2
31961,2
31962,0
31963,0
31964,2
31965,2
31966,2
31967,0
31968,2
31969,0
31970,1
31971,0
31972,1
31973,1
31974,1
31975,0
31976,1
31977,1
31978,2
31979,0
31980,0
31981,1
31982,0
31983,1
31984,0
31985,1
31986,0
31987,1
31988,0
31989,2
31990,2
31991,0
31992,1
31993,1
31994,0
31995,2
31996,0
31997,0
31998,2
31999,0
32000,2
32001,0
32002,2
32003,2
32004,0
32005,2
32006,1
32007,2
32008,0
32009,1
32010,0
32011,0
32012,2
32013,2
32014,2
32015,0
32016,0
32017,2
32018,0
32019,2
32020,1
32021,1
32022,0
32023,2
32024,2
32025,2
32026,0
32027,2
32028,0
32029,1
32030,1
32031,0
32032,1
32033,1
32034,0
32035,2
32036,0
32037,0
32038,0
32039,2
32040,0
32041,1
32042,2
32043,1
32044,0
32045,0
32046,1
32047,1
32048,0
32049,0
32050,0
32051,2
32052,1
32053,0
32054,1
32055,0
32056,0
32057,0
32058,2
32059,0
32060,0
32061,2
32062,1
32063,2
32064,0
32065,2
32066,0
32067,2
32068,0
32069,2
32070,2
32071,0
32072,0
32073,1
32074,1
32075,2
32076,1
32077,2
32078,0
32079,2
32080,2
32081,2
32082,0
32083,0
32084,0
32085,2
32086,2
32087,1
32088,1
32089,0
32090,0
32091,1
32092,2
32093,1
32094,0
32095,0
32096,1
32097,2
32098,2
32099,0
32100,0
32101,0
32102,0
32103,0
32104,0
32105,0
32106,2
32107,1
32108,0
32109,2
32110,0
32111,0
32112,1
32113,0
32114,0
32115,1
32116,0
32117,2
32118,0
32119,0
32120,1
32121,0
32122,0
32123,2
32124,2
32125,2
32126,2
32127,0
32128,1
32129,2
32130,0
32131,2
32132,0
32133,0
32134,2
32135,2
32136,2
32137,2
32138,2
32139,1
32140,0
32141,0
32142,0
32143,0
32144,2
32145,0
32146,1
32147,1
32148,2
32149,0
32150,1
32151,2
32152,0
32153,0
32154,2
32155,2
32156,1
32157,0
32158,2
32159,2
32160,2
32161,2
32162,1
32163,0
32164,1
32165,2
32166,2
32167,1
32168,2
32169,1
32170,1
32171,0
32172,0
32173,1
32174,0
32175,1
32176,2
32177,1
32178,1
32179,2
32180,0
32181,2
32182,2
32183,2
32184,2
32185,2
32186,2
32187,1
32188,0
32189,2
32190,0
32191,0
32192,2
32193,0
32194,1
32195,1
32196,0
32197,0
32198,0
32199,2
32200,1
32201,2
32202,0
32203,1
32204,0
32205,0
32206,1
32207,0
32208,1
32209,0
32210,1
32211,0
32212,2
32213,0
32214,1
32215,1
32216,0
32217,1
32218,1
32219,2
32220,0
32221,0
32222,2
32223,1
32224,1
32225,1
32226,0
32227,2
32228,0
32229,2
32230,0
32231,2
32232,0
32233,0
32234,1
32235,0
32236,0
32237,1
32238,0
32239,0
32240,2
32241,2
32242,1
32243,1
32244,0
32245,2
32246,0
32247,0
32248,2
32249,1
32250,0
32251,0
32252,0
32253,0
32254,1
32255,0
32256,0
32257,0
32258,1
32259,2
32260,0
32261,1
32262,0
32263,2
32264,1
32265,0
32266,2
32267,2
32268,0
32269,0
32270,0
32271,0
32272,0
32273,0
32274,1
32275,1
32276,2
32277,1
32278,0
32279,2
32280,0
32281,2
32282,0
32283,2
32284,2
32285,0
32286,2
32287,2
32288,0
32289,0
32290,2
32291,0
32292,0
32293,0
32294,1
32295,1
32296,2
32297,2
32298,0
32299,0
32300,0
32301,0
32302,0
32303,0
32304,0
32305,2
32306,0
32307,0
32308,1
32309,2
32310,0
32311,0
32312,1
32313,0
32314,1
32315,1
32316,0
32317,1
32318,0
32319,0
32320,1
32321,0
32322,1
32323,0
32324,1
32325,2
32326,1
32327,1
32328,1
32329,2
32330,0
32331,1
32332,2
32333,1
32334,0
32335,2
32336,2
32337,1
32338,0
32339,1
32340,0
32341,1
32342,0
32343,2
32344,2
32345,2
32346,1
32347,2
32348,0
32349,1
32350,0
32351,1
32352,0
32353,2
32354,0
32355,1
32356,0
32357,0
32358,0
32359,1
32360,0
32361,0
32362,1
32363,2
32364,1
32365,2
32366,0
32367,2
32368,0
32369,2
32370,1
32371,0
32372,2
32373,1
32374,2
32375,0
32376,0
32377,2
32378,1
32379,0
32380,1
32381,2
32382,2
32383,0
32384,0
32385,2
32386,1
32387,1
32388,0
32389,2
32390,0
32391,1
32392,2
32393,2
32394,2
32395,2
32396,0
32397,2
32398,0
32399,1
32400,0
32401,2
32402,2
32403,0
32404,0
32405,2
32406,2
32407,0
32408,2
32409,0
32410,2
32411,2
32412,2
32413,0
32414,1
32415,1
32416,0
32417,2
32418,1
32419,1
32420,0
32421,0
32422,0
32423,1
32424,1
32425,0
32426,0
32427,0
32428,1
32429,0
32430,1
32431,1
32432,2
32433,1
32434,2
32435,2
32436,1
32437,1
32438,0
32439,0
32440,0
32441,0
32442,1
32443,0
32444,2
32445,1
32446,0
32447,2
32448,1
32449,1
32450,2
32451,1
32452,0
32453,0
32454,0
32455,1
32456,0
32457,2
32458,1
32459,2
32460,2
32461,1
32462,1
32463,2
32464,2
32465,1
32466,2
32467,1
32468,0
32469,0
32470,2
32471,0
32472,1
32473,0
32474,1
32475,1
32476,2
32477,1
32478,1
32479,0
32480,0
32481,2
32482,0
32483,1
32484,1
32485,2
32486,1
32487,2
32488,0
32489,2
32490,2
32491,2
32492,0
32493,0
32494,1
32495,1
32496,2
32497,2
32498,2
32499,2
32500,1
32501,0
32502,1
32503,0
32504,1
32505,2
32506,1
32507,0
32508,1
32509,0
32510,2
32511,1
32512,0
32513,0
32514,2
32515,1
32516,0
32517,0
32518,0
32519,0
32520,1
32521,2
32522,2
32523,2
32524,1
32525,2
32526,2
32527,0
32528,0
32529,0
32530,0
32531,1
32532,1
32533,2
32534,2
32535,1
32536,2
32537,0
32538,0
32539,0
32540,0
32541,0
32542,0
32543,1
32544,1
32545,0
32546,2
32547,2
32548,2
32549,1
32550,0
32551,1
32552,1
32553,2
32554,0
32555,0
32556,1
32557,1
32558,1
32559,0
32560,0
32561,2
32562,0
32563,0
32564,1
32565,1
32566,0
32567,1
32568,2
32569,1
32570,2
32571,1
32572,0
32573,0
32574,1
32575,0
32576,2
32577,0
32578,0
32579,0
32580,0
32581,2
32582,0
32583,0
32584,2
32585,0
32586,2
32587,0
32588,0
32589,0
32590,1
32591,2
32592,0
32593,2
32594,2
32595,2
32596,2
32597,2
32598,1
32599,0
32600,0
32601,0
32602,1
32603,1
32604,0
32605,0
32606,0
32607,0
32608,2
32609,0
32610,0
32611,1
32612,1
32613,2
32614,0
32615,0
32616,0
32617,0
32618,1
32619,0
32620,1
32621,1
32622,2
32623,2
32624,0
32625,0
32626,0
32627,1
32628,2
32629,1
32630,2
32631,2
32632,2
32633,0
32634,2
32635,0
32636,0
32637,0
32638,2
32639,2
32640,2
32641,0
32642,0
32643,1
32644,2
32645,1
32646,0
32647,0
32648,0
32649,0
32650,0
32651,2
32652,1
32653,1
32654,1
32655,0
32656,2
32657,2
32658,1
32659,2
32660,1
32661,0
32662,1
32663,2
32664,0
32665,0
32666,1
32667,1
32668,0
32669,1
32670,0
32671,1
32672,0
32673,0
32674,2
32675,0
32676,1
32677,0
32678,1
32679,1
32680,0
32681,2
32682,1
32683,1
32684,0
32685,2
32686,1
32687,2
32688,1
32689,1
32690,1
32691,0
32692,2
32693,1
32694,1
32695,0
32696,1
32697,0
32698,0
32699,1
32700,0
32701,0
32702,2
32703,0
32704,1
32705,2
32706,0
32707,1
32708,0
32709,1
32710,2
32711,1
32712,0
32713,2
32714,0
32715,0
32716,0
32717,2
32718,1
32719,1
32720,0
32721,0
32722,1
32723,2
32724,0
32725,2
32726,0
32727,1
32728,0
32729,0
32730,2
32731,0
32732,0
32733,1
32734,0
32735,1
32736,0
32737,0
32738,0
32739,0
32740,2
32741,2
32742,0
32743,2
32744,2
32745,0
32746,0
32747,1
32748,0
32749,2
32750,1
32751,0
32752,1
32753,0
32754,2
32755,2
32756,2
32757,0
32758,1
32759,0
32760,1
32761,0
32762,1
32763,2
32764,1
32765,1
32766,1
32767,1
32768,0
32769,0
32770,0
32771,2
32772,2
32773,2
32774,0
32775,2
32776,0
32777,0
32778,1
32779,0
32780,0
32781,1
32782,2
32783,1
32784,1
32785,2
32786,1
32787,1
32788,2
32789,0
32790,2
32791,2
32792,0
32793,2
32794,2
32795,1
32796,0
32797,0
32798,0
32799,2
32800,2
32801,2
32802,1
32803,1
32804,0
32805,0
32806,0
32807,1
32808,0
32809,1
32810,1
32811,0
32812,1
32813,1
32814,0
32815,1
32816,1
32817,0
32818,0
32819,1
32820,0
32821,0
32822,2
32823,0
32824,0
32825,0
32826,2
32827,0
32828,2
32829,2
32830,2
32831,2
32832,2
32833,2
32834,1
32835,2
32836,2
32837,2
32838,2
32839,2
32840,1
32841,2
32842,0
32843,1
32844,0
32845,1
32846,0
32847,0
32848,0
32849,0
32850,2
32851,1
32852,1
32853,0
32854,1
32855,1
32856,2
32857,1
32858,2
32859,0
32860,2
32861,2
32862,1
32863,2
32864,2
32865,1
32866,0
32867,0
32868,2
32869,1
32870,1
32871,0
32872,0
32873,1
32874,1
32875,2
32876,0
32877,0
32878,2
32879,0
32880,1
32881,1
32882,0
32883,0
32884,0
32885,0
32886,0
32887,1
32888,1
32889,0
32890,1
32891,0
32892,0
32893,1
32894,2
32895,2
32896,2
32897,1
32898,0
32899,1
32900,2
32901,0
32902,2
32903,1
32904,2
32905,0
32906,0
32907,0
32908,1
32909,2
32910,0
32911,0
32912,2
32913,2
32914,0
32915,0
32916,0
32917,1
32918,1
32919,2
32920,2
32921,1
32922,0
32923,2
32924,0
32925,0
32926,1
32927,0
32928,2
32929,0
32930,0
32931,0
32932,0
32933,0
32934,1
32935,0
32936,2
32937,1
32938,1
32939,1
32940,1
32941,1
32942,0
32943,1
32944,2
32945,1
32946,1
32947,0
32948,1
32949,2
32950,2
32951,0
32952,0
32953,1
32954,0
32955,2
32956,1
32957,1
32958,0
32959,0
32960,2
32961,2
32962,2
32963,0
32964,1
32965,0
32966,1
32967,2
32968,1
32969,1
32970,2
32971,0
32972,0
32973,0
32974,2
32975,0
32976,0
32977,0
32978,1
32979,0
32980,0
32981,1
32982,1
32983,0
32984,1
32985,1
32986,2
32987,0
32988,2
32989,1
32990,1
32991,0
32992,0
32993,2
32994,1
32995,1
32996,2
32997,0
32998,0
32999,0
33000,0
33001,0
33002,1
33003,0
33004,0
33005,0
33006,0
33007,0
33008,2
33009,0
33010,0
33011,0
33012,1
33013,0
33014,0
33015,2
33016,0
33017,0
33018,1
33019,2
33020,0
33021,1
33022,0
33023,2
33024,0
33025,0
33026,0
33027,1
33028,0
33029,0
33030,2
33031,0
33032,2
33033,1
33034,2
33035,1
33036,1
33037,0
33038,0
33039,1
33040,2
33041,2
33042,1
33043,1
33044,2
33045,0
33046,0
33047,0
33048,1
33049,2
33050,2
33051,1
33052,2
33053,2
33054,0
33055,1
33056,1
33057,2
33058,0
33059,1
33060,0
33061,1
33062,0
33063,1
33064,2
33065,2
33066,1
33067,1
33068,2
33069,2
33070,2
33071,1
33072,0
33073,1
33074,1
33075,0
33076,2
33077,1
33078,1
33079,0
33080,2
33081,0
33082,0
33083,0
33084,1
33085,0
33086,1
33087,0
33088,1
33089,1
33090,2
33091,2
33092,1
33093,2
33094,1
33095,1
33096,1
33097,1
33098,2
33099,0
33100,2
33101,0
33102,0
33103,0
33104,2
33105,1
33106,0
33107,2
33108,2
33109,1
33110,1
33111,2
33112,2
33113,2
33114,1
33115,2
33116,1
33117,2
33118,2
33119,0
33120,2
33121,0
33122,2
33123,2
33124,0
33125,1
33126,1
33127,2
33128,0
33129,1
33130,0
33131,0
33132,2
33133,0
33134,0
33135,0
33136,2
33137,2
33138,0
33139,1
33140,1
33141,0
33142,0
33143,1
33144,0
33145,1
33146,0
33147,0
33148,2
33149,0
33150,2
33151,2
33152,2
33153,0
33154,0
33155,0
33156,1
33157,1
33158,0
33159,0
33160,1
33161,1
33162,0
33163,1
33164,0
33165,1
33166,0
33167,1
33168,1
33169,1
33170,0
33171,0
33172,2
33173,1
33174,1
33175,2
33176,1
33177,0
33178,2
33179,0
33180,0
33181,1
33182,2
33183,1
33184,0
33185,0
33186,0
33187,1
33188,1
33189,0
33190,2
33191,0
33192,1
33193,2
33194,1
33195,0
33196,2
33197,1
33198,0
33199,1
33200,0
33201,0
33202,0
33203,0
33204,0
33205,1
33206,0
33207,0
33208,2
33209,0
33210,1
33211,1
33212,0
33213,1
33214,0
33215,2
33216,2
33217,0
33218,0
33219,2
33220,1
33221,1
33222,1
33223,1
33224,1
33225,0
33226,0
33227,2
33228,2
33229,2
33230,2
33231,0
33232,0
33233,2
33234,2
33235,1
33236,0
33237,0
33238,0
33239,1
33240,0
33241,2
33242,1
33243,1
33244,0
33245,1
33246,1
33247,0
33248,0
33249,0
33250,0
33251,2
33252,0
33253,0
33254,2
33255,2
33256,0
33257,0
33258,0
33259,0
33260,1
33261,2
33262,2
33263,1
33264,2
33265,2
33266,2
33267,0
33268,0
33269,2
33270,0
33271,2
33272,0
33273,0
33274,2
33275,1
33276,0
33277,0
33278,1
33279,2
33280,1
33281,1
33282,0
33283,1
33284,2
33285,2
33286,1
33287,0
33288,2
33289,0
33290,0
33291,1
33292,1
33293,0
33294,0
33295,0
33296,0
33297,0
33298,1
33299,0
33300,0
33301,0
33302,1
33303,2
33304,2
33305,0
33306,2
33307,2
33308,1
33309,0
33310,0
33311,0
33312,0
33313,0
33314,1
33315,1
33316,0
33317,2
33318,1
33319,0
33320,1
33321,0
33322,0
33323,1
33324,0
33325,2
33326,2
33327,0
33328,0
33329,2
33330,2
33331,2
33332,2
33333,0
33334,0
33335,1
33336,0
33337,0
33338,2
33339,0
33340,0
33341,0
33342,2
33343,2
33344,0
33345,0
33346,2
33347,0
33348,0
33349,0
33350,0
33351,0
33352,1
33353,1
33354,0
33355,0
33356,2
33357,0
33358,2
33359,0
33360,0
33361,0
33362,0
33363,0
33364,1
33365,1
33366,0
33367,0
33368,2
33369,2
33370,0
33371,0
33372,0
33373,2
33374,2
33375,1
33376,1
33377,1
33378,2
33379,2
33380,2
33381,1
33382,2
33383,0
33384,2
33385,0
33386,1
33387,0
33388,2
33389,1
33390,2
33391,2
33392,0
33393,0
33394,1
33395,2
33396,0
33397,0
33398,0
33399,0
33400,2
33401,0
33402,1
33403,0
33404,0
33405,0
33406,2
33407,2
33408,0
33409,0
33410,1
33411,2
33412,0
33413,0
33414,0
33415,0
33416,1
33417,1
33418,2
33419,0
33420,0
33421,0
33422,1
33423,1
33424,0
33425,1
33426,0
33427,1
33428,1
33429,1
33430,0
33431,2
33432,2
33433,1
33434,0
33435,1
33436,2
33437,1
33438,2
33439,0
33440,1
33441,2
33442,0
33443,2
33444,0
33445,2
33446,0
33447,1
33448,0
33449,1
33450,0
33451,2
33452,0
33453,0
33454,0
33455,0
33456,0
33457,2
33458,1
33459,0
33460,1
33461,0
33462,0
33463,0
33464,0
33465,0
33466,0
33467,0
33468,0
33469,0
33470,2
33471,2
33472,2
33473,2
33474,1
33475,2
33476,0
33477,1
33478,2
33479,2
33480,0
33481,0
33482,0
33483,0
33484,1
33485,2
33486,2
33487,2
33488,1
33489,0
33490,1
33491,0
33492,0
33493,2
33494,2
33495,1
33496,0
33497,0
33498,0
33499,1
33500,2
33501,1
33502,2
33503,2
33504,1
33505,0
33506,0
33507,1
33508,0
33509,2
33510,0
33511,0
33512,0
33513,1
33514,2
33515,2
33516,0
33517,2
33518,0
33519,1
33520,0
33521,1
33522,2
33523,0
33524,2
33525,2
33526,0
33527,1
33528,1
33529,0
33530,2
33531,1
33532,1
33533,1
33534,0
33535,0
33536,1
33537,2
33538,2
33539,0
33540,2
33541,2
33542,0
33543,0
33544,0
33545,0
33546,0
33547,1
33548,2
33549,0
33550,2
33551,0
33552,1
33553,2
33554,2
33555,0
33556,0
33557,2
33558,2
33559,2
33560,0
33561,2
33562,2
33563,0
33564,1
33565,1
33566,1
33567,2
33568,1
33569,0
33570,1
33571,1
33572,0
33573,2
33574,0
33575,0
33576,1
33577,0
33578,0
33579,0
33580,2
33581,1
33582,0
33583,2
33584,1
33585,2
33586,2
33587,0
33588,2
33589,0
33590,1
33591,0
33592,0
33593,1
33594,2
33595,0
33596,0
33597,1
33598,1
33599,2
33600,1
33601,2
33602,2
33603,1
33604,0
33605,1
33606,2
33607,0
33608,2
33609,0
33610,1
33611,0
33612,1
33613,0
33614,2
33615,0
33616,2
33617,0
33618,1
33619,1
33620,0
33621,2
33622,0
33623,2
33624,1
33625,0
33626,1
33627,2
33628,1
33629,2
33630,0
33631,0
33632,0
33633,2
33634,0
33635,2
33636,0
33637,0
33638,1
33639,2
33640,0
33641,0
33642,0
33643,0
33644,1
33645,2
33646,0
33647,1
33648,2
33649,2
33650,0
33651,1
33652,2
33653,2
33654,2
33655,2
33656,0
33657,1
33658,0
33659,1
33660,2
33661,1
33662,1
33663,2
33664,0
33665,0
33666,0
33667,1
33668,1
33669,0
33670,1
33671,1
33672,1
33673,1
33674,0
33675,0
33676,2
33677,1
33678,1
33679,0
33680,0
33681,1
33682,0
33683,0
33684,2
33685,2
33686,0
33687,0
33688,0
33689,1
33690,0
33691,0
33692,0
33693,1
33694,1
33695,0
33696,1
33697,0
33698,2
33699,0
33700,0
33701,1
33702,1
33703,2
33704,0
33705,0
33706,2
33707,0
33708,0
33709,2
33710,2
33711,1
33712,0
33713,1
33714,1
33715,1
33716,0
33717,0
33718,1
33719,1
33720,1
33721,2
33722,0
33723,0
33724,0
33725,0
33726,1
33727,0
33728,1
33729,2
33730,0
33731,0
33732,2
33733,0
33734,0
33735,2
33736,2
33737,2
33738,2
33739,1
33740,0
33741,0
33742,1
33743,2
33744,0
33745,2
33746,1
33747,1
33748,0
33749,0
33750,0
33751,0
33752,0
33753,0
33754,1
33755,0
33756,0
33757,1
33758,0
33759,1
33760,1
33761,0
33762,0
33763,0
33764,2
33765,0
33766,1
33767,2
33768,2
33769,0
33770,0
33771,0
33772,2
33773,0
33774,2
33775,0
33776,2
33777,0
33778,0
33779,2
33780,0
33781,2
33782,0
33783,0
33784,0
33785,2
33786,1
33787,1
33788,0
33789,0
33790,0
33791,1
33792,1
33793,0
33794,0
33795,0
33796,2
33797,0
33798,1
33799,1
33800,1
33801,2
33802,0
33803,2
33804,0
33805,0
33806,2
33807,2
33808,2
33809,0
33810,1
33811,1
33812,2
33813,1
33814,1
33815,0
33816,0
33817,1
33818,2
33819,1
33820,0
33821,0
33822,0
33823,0
33824,0
33825,0
33826,2
33827,0
33828,2
33829,1
33830,0
33831,0
33832,0
33833,0
33834,0
33835,0
33836,0
33837,0
33838,0
33839,1
33840,0
33841,1
33842,0
33843,2
33844,1
33845,2
33846,0
33847,0
33848,1
33849,0
33850,1
33851,0
33852,2
33853,0
33854,0
33855,0
33856,0
33857,0
33858,0
33859,0
33860,1
33861,0
33862,1
33863,1
33864,0
33865,0
33866,0
33867,2
33868,0
33869,0
33870,0
33871,1
33872,2
33873,2
33874,2
33875,0
33876,0
33877,1
33878,0
33879,0
33880,2
33881,1
33882,0
33883,0
33884,2
33885,0
33886,0
33887,0
33888,1
33889,2
33890,1
33891,2
33892,0
33893,0
33894,0
33895,2
33896,1
33897,2
33898,2
33899,0
33900,0
33901,2
33902,2
33903,2
33904,0
33905,2
33906,1
33907,1
33908,0
33909,2
33910,0
33911,0
33912,2
33913,2
33914,0
33915,2
33916,0
33917,1
33918,0
33919,0
33920,0
33921,1
33922,1
33923,1
33924,0
33925,2
33926,0
33927,0
33928,1
33929,1
33930,2
33931,0
33932,0
33933,1
33934,1
33935,1
33936,2
33937,2
33938,0
33939,1
33940,0
33941,1
33942,1
33943,2
33944,0
33945,1
33946,0
33947,2
33948,0
33949,1
33950,1
33951,1
33952,0
33953,0
33954,0
33955,0
33956,0
33957,2
33958,2
33959,1
33960,0
33961,0
33962,2
33963,1
33964,2
33965,0
33966,2
33967,2
33968,1
33969,2
33970,2
33971,0
33972,1
33973,0
33974,0
33975,1
33976,2
33977,2
33978,0
33979,1
33980,2
33981,0
33982,0
33983,0
33984,2
33985,0
33986,0
33987,2
33988,2
33989,1
33990,2
33991,0
33992,0
33993,0
33994,1
33995,0
33996,0
33997,1
33998,1
33999,2
34000,0
34001,0
34002,1
34003,0
34004,0
34005,0
34006,0
34007,0
34008,0
34009,0
34010,0
34011,2
34012,1
34013,2
34014,2
34015,0
34016,0
34017,1
34018,2
34019,1
34020,0
34021,0
34022,0
34023,0
34024,1
34025,0
34026,1
34027,0
34028,1
34029,0
34030,0
34031,0
34032,2
34033,0
34034,0
34035,1
34036,1
34037,0
34038,0
34039,1
34040,0
34041,2
34042,1
34043,2
34044,0
34045,2
34046,0
34047,1
34048,1
34049,2
34050,0
34051,1
34052,2
34053,1
34054,2
34055,0
34056,0
34057,0
34058,0
34059,0
34060,0
34061,2
34062,1
34063,0
34064,2
34065,2
34066,2
34067,0
34068,2
34069,0
34070,1
34071,2
34072,1
34073,0
34074,2
34075,0
34076,1
34077,1
34078,2
34079,2
34080,2
34081,0
34082,2
34083,1
34084,2
34085,2
34086,1
34087,0
34088,1
34089,0
34090,1
34091,2
34092,0
34093,2
34094,0
34095,2
34096,2
34097,1
34098,0
34099,0
34100,1
34101,1
34102,1
34103,1
34104,0
34105,1
34106,2
34107,2
34108,0
34109,0
34110,1
34111,1
34112,0
34113,0
34114,0
34115,1
34116,2
34117,0
34118,0
34119,2
34120,1
34121,0
34122,0
34123,2
34124,2
34125,1
34126,2
34127,0
34128,2
34129,2
34130,0
34131,2
34132,2
34133,0
34134,2
34135,2
34136,1
34137,0
34138,0
34139,0
34140,0
34141,2
34142,1
34143,0
34144,0
34145,0
34146,0
34147,0
34148,0
34149,0
34150,2
34151,0
34152,2
34153,1
34154,0
34155,0
34156,2
34157,2
34158,0
34159,1
34160,0
34161,0
34162,2
34163,0
34164,2
34165,2
34166,0
34167,0
34168,1
34169,0
34170,2
34171,0
34172,0
34173,1
34174,0
34175,0
34176,2
34177,0
34178,2
34179,2
34180,1
34181,2
34182,2
34183,0
34184,1
34185,0
34186,2
34187,1
34188,0
34189,0
34190,0
34191,2
34192,0
34193,0
34194,0
34195,0
34196,2
34197,2
34198,0
34199,1
34200,1
34201,0
34202,2
34203,0
34204,1
34205,1
34206,2
34207,0
34208,2
34209,0
34210,2
34211,0
34212,0
34213,2
34214,2
34215,0
34216,0
34217,2
34218,0
34219,1
34220,0
34221,2
34222,2
34223,2
34224,2
34225,1
34226,0
34227,0
34228,2
34229,0
34230,1
34231,1
34232,2
34233,2
34234,0
34235,2
34236,2
34237,0
34238,1
34239,0
34240,0
34241,2
34242,0
34243,0
34244,0
34245,0
34246,0
34247,2
34248,0
34249,0
34250,0
34251,0
34252,0
34253,1
34254,2
34255,0
34256,2
34257,2
34258,0
34259,1
34260,2
34261,2
34262,1
34263,1
34264,2
34265,0
34266,0
34267,1
34268,0
34269,1
34270,0
34271,0
34272,1
34273,2
34274,0
34275,2
34276,1
34277,1
34278,2
34279,1
34280,0
34281,1
34282,1
34283,0
34284,0
34285,0
34286,2
34287,0
34288,0
34289,2
34290,0
34291,0
34292,0
34293,2
34294,0
34295,2
34296,0
34297,1
34298,2
34299,2
34300,2
34301,1
34302,1
34303,1
34304,1
34305,1
34306,2
34307,0
34308,0
34309,1
34310,2
34311,2
34312,0
34313,2
34314,1
34315,1
34316,0
34317,1
34318,1
34319,2
34320,1
34321,0
34322,0
34323,0
34324,2
34325,0
34326,1
34327,0
34328,0
34329,2
34330,1
34331,1
34332,2
34333,2
34334,2
34335,0
34336,1
34337,2
34338,1
34339,1
34340,2
34341,0
34342,2
34343,1
34344,1
34345,1
34346,0
34347,1
34348,2
34349,2
34350,0
34351,1
34352,0
34353,0
34354,0
34355,0
34356,2
34357,2
34358,2
34359,2
34360,0
34361,2
34362,1
34363,0
34364,1
34365,2
34366,0
34367,1
34368,0
34369,0
34370,2
34371,2
34372,0
34373,2
34374,0
34375,0
34376,2
34377,0
34378,2
34379,0
34380,0
34381,0
34382,2
34383,0
34384,1
34385,0
34386,1
34387,1
34388,0
34389,1
34390,0
34391,0
34392,1
34393,1
34394,2
34395,1
34396,1
34397,2
34398,0
34399,1
34400,2
34401,2
34402,0
34403,0
34404,0
34405,0
34406,0
34407,0
34408,1
34409,0
34410,1
34411,0
34412,0
34413,0
34414,0
34415,1
34416,0
34417,0
34418,2
34419,0
34420,0
34421,1
34422,0
34423,1
34424,0
34425,0
34426,0
34427,0
34428,0
34429,0
34430,2
34431,2
34432,0
34433,1
34434,1
34435,0
34436,0
34437,0
34438,2
34439,1
34440,2
34441,1
34442,2
34443,0
34444,2
34445,2
34446,2
34447,1
34448,1
34449,0
34450,1
34451,0
34452,1
34453,0
34454,0
34455,0
34456,2
34457,2
34458,2
34459,1
34460,0
34461,1
34462,1
34463,2
34464,0
34465,0
34466,2
34467,0
34468,0
34469,0
34470,0
34471,0
34472,2
34473,0
34474,2
34475,1
34476,0
34477,0
34478,1
34479,0
34480,2
34481,0
34482,1
34483,0
34484,0
34485,0
34486,0
34487,0
34488,0
34489,0
34490,2
34491,1
34492,2
34493,0
34494,0
34495,0
34496,2
34497,2
34498,2
34499,1
34500,1
34501,1
34502,0
34503,0
34504,1
34505,1
34506,1
34507,1
34508,0
34509,0
34510,0
34511,2
34512,0
34513,0
34514,0
34515,1
34516,1
34517,2
34518,0
34519,0
34520,0
34521,2
34522,1
34523,0
34524,2
34525,2
34526,0
34527,0
34528,0
34529,0
34530,0
34531,2
34532,2
34533,1
34534,1
34535,1
34536,1
34537,2
34538,0
34539,0
34540,2
34541,1
34542,2
34543,2
34544,1
34545,0
34546,0
34547,0
34548,0
34549,2
34550,0
34551,1
34552,0
34553,2
34554,2
34555,1
34556,0
34557,2
34558,0
34559,2
34560,0
34561,1
34562,0
34563,1
34564,1
34565,0
34566,0
34567,0
34568,0
34569,0
34570,1
34571,2
34572,2
34573,2
34574,0
34575,0
34576,2
34577,0
34578,0
34579,1
34580,0
34581,0
34582,2
34583,1
34584,2
34585,0
34586,0
34587,2
34588,0
34589,0
34590,0
34591,0
34592,1
34593,2
34594,0
34595,1
34596,2
34597,0
34598,0
34599,0
34600,0
34601,0
34602,2
34603,1
34604,0
34605,1
34606,0
34607,1
34608,2
34609,1
34610,0
34611,0
34612,1
34613,2
34614,0
34615,0
34616,2
34617,2
34618,2
34619,0
34620,1
34621,1
34622,2
34623,1
34624,0
34625,1
34626,1
34627,0
34628,0
34629,0
34630,0
34631,2
34632,1
34633,2
34634,2
34635,0
34636,0
34637,2
34638,1
34639,2
34640,0
34641,1
34642,1
34643,1
34644,2
34645,1
34646,0
34647,1
34648,0
34649,0
34650,2
34651,0
34652,1
34653,0
34654,2
34655,0
34656,1
34657,1
34658,0
34659,2
34660,1
34661,0
34662,0
34663,0
34664,2
34665,0
34666,2
34667,0
34668,1
34669,0
34670,1
34671,1
34672,2
34673,1
34674,1
34675,1
34676,0
34677,2
34678,1
34679,0
34680,0
34681,1
34682,1
34683,0
34684,2
34685,0
34686,2
34687,0
34688,0
34689,2
34690,1
34691,2
34692,1
34693,0
34694,0
34695,2
34696,0
34697,0
34698,0
34699,1
34700,1
34701,2
34702,0
34703,2
34704,1
34705,2
34706,1
34707,1
34708,2
34709,1
34710,1
34711,1
34712,1
34713,2
34714,1
34715,1
34716,2
34717,2
34718,1
34719,0
34720,0
34721,0
34722,0
34723,0
34724,2
34725,0
34726,2
34727,0
34728,0
34729,1
34730,0
34731,0
34732,0
34733,2
34734,2
34735,0
34736,0
34737,2
34738,0
34739,0
34740,2
34741,1
34742,1
34743,2
34744,1
34745,0
34746,0
34747,0
34748,2
34749,0
34750,0
34751,0
34752,0
34753,0
34754,2
34755,1
34756,2
34757,2
34758,2
34759,0
34760,1
34761,1
34762,1
34763,1
34764,2
34765,0
34766,1
34767,0
34768,0
34769,1
34770,0
34771,2
34772,2
34773,0
34774,1
34775,1
34776,2
34777,2
34778,0
34779,0
34780,2
34781,0
34782,0
34783,2
34784,1
34785,2
34786,2
34787,0
34788,0
34789,1
34790,1
34791,2
34792,0
34793,1
34794,1
34795,0
34796,2
34797,0
34798,0
34799,2
34800,2
34801,1
34802,0
34803,1
34804,1
34805,1
34806,1
34807,0
34808,0
34809,1
34810,0
34811,0
34812,2
34813,2
34814,0
34815,0
34816,0
34817,0
34818,1
34819,1
34820,0
34821,1
34822,0
34823,2
34824,1
34825,1
34826,0
34827,0
34828,1
34829,0
34830,2
34831,0
34832,1
34833,0
34834,0
34835,1
34836,1
34837,2
34838,0
34839,0
34840,1
34841,0
34842,1
34843,0
34844,0
34845,0
34846,0
34847,0
34848,1
34849,0
34850,1
34851,2
34852,0
34853,0
34854,0
34855,0
34856,1
34857,1
34858,0
34859,0
34860,2
34861,1
34862,2
34863,0
34864,0
34865,0
34866,1
34867,1
34868,2
34869,2
34870,1
34871,0
34872,0
34873,2
34874,0
34875,2
34876,1
34877,0
34878,0
34879,0
34880,2
34881,2
34882,1
34883,2
34884,2
34885,0
34886,0
34887,0
34888,0
34889,0
34890,2
34891,2
34892,2
34893,0
34894,2
34895,0
34896,1
34897,0
34898,1
34899,2
34900,2
34901,0
34902,0
34903,2
34904,0
34905,2
34906,1
34907,2
34908,2
34909,1
34910,1
34911,1
34912,0
34913,0
34914,0
34915,2
34916,2
34917,2
34918,0
34919,1
34920,0
34921,0
34922,0
34923,1
34924,1
34925,1
34926,1
34927,2
34928,1
34929,1
34930,2
34931,1
34932,1
34933,0
34934,2
34935,1
34936,1
34937,0
34938,0
34939,1
34940,1
34941,0
34942,0
34943,2
34944,0
34945,1
34946,2
34947,0
34948,1
34949,0
34950,2
34951,1
34952,1
34953,0
34954,0
34955,2
34956,1
34957,1
34958,1
34959,0
34960,1
34961,1
34962,0
34963,1
34964,1
34965,1
34966,1
34967,2
34968,1
34969,0
34970,1
34971,0
34972,0
34973,2
34974,1
34975,2
34976,1
34977,2
34978,1
34979,2
34980,0
34981,0
34982,1
34983,2
34984,2
34985,1
34986,0
34987,0
34988,0
34989,2
34990,0
34991,0
34992,1
34993,0
34994,0
34995,1
34996,0
34997,0
34998,1
34999,2
35000,0
35001,0
35002,0
35003,0
35004,2
35005,0
35006,2
35007,1
35008,0
35009,0
35010,0
35011,0
35012,0
35013,2
35014,0
35015,1
35016,1
35017,2
35018,0
35019,1
35020,2
35021,2
35022,2
35023,0
35024,0
35025,1
35026,1
35027,0
35028,0
35029,1
35030,2
35031,0
35032,2
35033,2
35034,0
35035,2
35036,0
35037,1
35038,0
35039,1
35040,0
35041,1
35042,2
35043,0
35044,1
35045,2
35046,2
35047,0
35048,2
35049,1
35050,2
35051,0
35052,0
35053,1
35054,0
35055,2
35056,2
35057,2
35058,0
35059,0
35060,1
35061,1
35062,0
35063,1
35064,0
35065,0
35066,0
35067,0
35068,2
35069,0
35070,0
35071,0
35072,2
35073,1
35074,0
35075,0
35076,1
35077,1
35078,1
35079,2
35080,0
35081,1
35082,2
35083,0
35084,0
35085,1
35086,1
35087,2
35088,0
35089,0
35090,0
35091,2
35092,0
35093,0
35094,1
35095,2
35096,0
35097,1
35098,2
35099,0
35100,1
35101,0
35102,0
35103,1
35104,2
35105,1
35106,0
35107,0
35108,2
35109,0
35110,0
35111,2
35112,2
35113,0
35114,0
35115,2
35116,1
35117,2
35118,1
35119,0
35120,1
35121,0
35122,2
35123,1
35124,0
35125,2
35126,2
35127,1
35128,0
35129,0
35130,2
35131,1
35132,0
35133,2
35134,1
35135,1
35136,2
35137,0
35138,2
35139,1
35140,2
35141,0
35142,0
35143,0
35144,1
35145,0
35146,0
35147,0
35148,0
35149,2
35150,2
35151,1
35152,1
35153,1
35154,1
35155,0
35156,1
35157,0
35158,2
35159,0
35160,1
35161,2
35162,2
35163,1
35164,2
35165,0
35166,1
35167,1
35168,0
35169,2
35170,0
35171,1
35172,2
35173,0
35174,0
35175,0
35176,2
35177,0
35178,1
35179,0
35180,1
35181,0
35182,0
35183,2
35184,0
35185,2
35186,2
35187,0
35188,1
35189,1
35190,1
35191,0
35192,0
35193,2
35194,0
35195,0
35196,0
35197,1
35198,2
35199,1
35200,1
35201,2
35202,0
35203,0
35204,1
35205,0
35206,1
35207,0
35208,0
35209,0
35210,1
35211,2
35212,0
35213,1
35214,0
35215,1
35216,0
35217,2
35218,2
35219,2
35220,2
35221,1
35222,0
35223,1
35224,1
35225,1
35226,1
35227,0
35228,1
35229,1
35230,0
35231,0
35232,0
35233,1
35234,0
35235,0
35236,1
35237,0
35238,1
35239,2
35240,0
35241,1
35242,0
35243,0
35244,1
35245,0
35246,1
35247,1
35248,0
35249,2
35250,2
35251,2
35252,2
35253,1
35254,0
35255,1
35256,2
35257,1
35258,1
35259,0
35260,2
35261,1
35262,2
35263,2
35264,2
35265,0
35266,1
35267,0
35268,2
35269,1
35270,0
35271,0
35272,0
35273,0
35274,1
35275,0
35276,2
35277,1
35278,2
35279,0
35280,0
35281,0
35282,0
35283,0
35284,0
35285,1
35286,0
35287,0
35288,2
35289,1
35290,0
35291,2
35292,0
35293,0
35294,0
35295,2
35296,0
35297,0
35298,0
35299,1
35300,0
35301,0
35302,0
35303,1
35304,0
35305,2
35306,1
35307,0
35308,0
35309,2
35310,0
35311,0
35312,0
35313,1
35314,0
35315,1
35316,2
35317,0
35318,2
35319,2
35320,0
35321,0
35322,2
35323,1
35324,2
35325,0
35326,1
35327,0
35328,0
35329,0
35330,0
35331,1
35332,1
35333,2
35334,2
35335,2
35336,0
35337,0
35338,0
35339,1
35340,1
35341,1
35342,1
35343,2
35344,1
35345,0
35346,0
35347,1
35348,0
35349,1
35350,0
35351,0
35352,0
35353,2
35354,0
35355,2
35356,2
35357,1
35358,1
35359,0
35360,2
35361,1
35362,2
35363,1
35364,0
35365,0
35366,2
35367,2
35368,1
35369,0
35370,2
35371,2
35372,2
35373,0
35374,0
35375,2
35376,0
35377,0
35378,0
35379,0
35380,2
35381,0
35382,0
35383,2
35384,1
35385,2
35386,2
35387,0
35388,0
35389,2
35390,2
35391,0
35392,2
35393,0
35394,1
35395,0
35396,0
35397,1
35398,1
35399,0
35400,1
35401,0
35402,1
35403,0
35404,2
35405,0
35406,1
35407,2
35408,1
35409,0
35410,2
35411,1
35412,1
35413,0
35414,2
35415,0
35416,0
35417,0
35418,0
35419,1
35420,2
35421,1
35422,0
35423,2
35424,0
35425,0
35426,1
35427,1
35428,2
35429,1
35430,0
35431,1
35432,1
35433,2
35434,1
35435,2
35436,2
35437,0
35438,2
35439,0
35440,1
35441,1
35442,2
35443,1
35444,0
35445,0
35446,1
35447,1
35448,0
35449,1
35450,1
35451,0
35452,0
35453,2
35454,0
35455,0
35456,0
35457,1
35458,2
35459,1
35460,2
35461,0
35462,0
35463,2
35464,1
35465,1
35466,2
35467,1
35468,1
35469,1
35470,2
35471,1
35472,0
35473,0
35474,2
35475,2
35476,1
35477,0
35478,2
35479,1
35480,1
35481,1
35482,2
35483,0
35484,0
35485,2
35486,1
35487,0
35488,1
35489,0
35490,1
35491,0
35492,1
35493,0
35494,0
35495,0
35496,0
35497,2
35498,0
35499,1
35500,0
35501,0
35502,0
35503,0
35504,0
35505,0
35506,2
35507,0
35508,0
35509,0
35510,2
35511,0
35512,0
35513,2
35514,0
35515,2
35516,0
35517,2
35518,0
35519,1
35520,1
35521,0
35522,0
35523,1
35524,0
35525,2
35526,1
35527,0
35528,1
35529,1
35530,1
35531,0
35532,2
35533,1
35534,0
35535,1
35536,0
35537,0
35538,0
35539,2
35540,0
35541,0
35542,0
35543,2
35544,2
35545,1
35546,0
35547,1
35548,1
35549,0
35550,1
35551,2
35552,0
35553,0
35554,1
35555,0
35556,1
35557,0
35558,0
35559,2
35560,0
35561,1
35562,0
35563,0
35564,2
35565,0
35566,0
35567,1
35568,2
35569,1
35570,2
35571,2
35572,2
35573,1
35574,1
35575,0
35576,0
35577,0
35578,0
35579,2
35580,2
35581,0
35582,2
35583,2
35584,2
35585,0
35586,0
35587,1
35588,0
35589,0
35590,0
35591,0
35592,0
35593,2
35594,0
35595,1
35596,2
35597,2
35598,0
35599,0
35600,0
35601,0
35602,0
35603,1
35604,2
35605,0
35606,2
35607,0
35608,2
35609,0
35610,0
35611,0
35612,1
35613,0
35614,1
35615,1
35616,1
35617,1
35618,0
35619,0
35620,2
35621,1
35622,1
35623,2
35624,0
35625,2
35626,2
35627,0
35628,2
35629,1
35630,2
35631,0
35632,0
35633,0
35634,1
35635,2
35636,0
35637,0
35638,1
35639,2
35640,0
35641,1
35642,1
35643,1
35644,0
35645,0
35646,0
35647,0
35648,2
35649,1
35650,0
35651,0
35652,0
35653,0
35654,0
35655,2
35656,0
35657,1
35658,2
35659,1
35660,2
35661,0
35662,0
35663,2
35664,1
35665,2
35666,1
35667,1
35668,2
35669,0
35670,0
35671,0
35672,0
35673,0
35674,0
35675,1
35676,1
35677,1
35678,2
35679,2
35680,0
35681,0
35682,2
35683,1
35684,0
35685,0
35686,1
35687,0
35688,0
35689,2
35690,0
35691,1
35692,1
35693,2
35694,0
35695,0
35696,2
35697,1
35698,1
35699,0
35700,0
35701,2
35702,0
35703,2
35704,1
35705,2
35706,2
35707,0
35708,1
35709,1
35710,1
35711,1
35712,1
35713,1
35714,0
35715,1
35716,0
35717,0
35718,2
35719,1
35720,0
35721,0
35722,1
35723,0
35724,0
35725,1
35726,2
35727,2
35728,0
35729,0
35730,1
35731,0
35732,0
35733,0
35734,1
35735,0
35736,2
35737,0
35738,2
35739,2
35740,1
35741,2
35742,1
35743,2
35744,1
35745,0
35746,2
35747,0
35748,1
35749,0
35750,0
35751,0
35752,2
35753,2
35754,2
35755,2
35756,0
35757,1
35758,0
35759,0
35760,0
35761,0
35762,2
35763,2
35764,0
35765,0
35766,2
35767,1
35768,1
35769,1
35770,2
35771,0
35772,2
35773,0
35774,1
35775,1
35776,0
35777,2
35778,2
35779,1
35780,1
35781,0
35782,2
35783,1
35784,0
35785,0
35786,1
35787,2
35788,0
35789,0
35790,2
35791,1
35792,1
35793,0
35794,2
35795,2
35796,0
35797,2
35798,2
35799,2
35800,0
35801,1
35802,0
35803,0
35804,0
35805,0
35806,1
35807,1
35808,2
35809,1
35810,2
35811,0
35812,1
35813,0
35814,1
35815,0
35816,0
35817,2
35818,0
35819,1
35820,2
35821,2
35822,2
35823,2
35824,0
35825,1
35826,0
35827,1
35828,1
35829,0
35830,0
35831,2
35832,1
35833,1
35834,1
35835,1
35836,0
35837,2
35838,0
35839,2
35840,0
35841,2
35842,0
35843,1
35844,0
35845,1
35846,1
35847,1
35848,1
35849,0
35850,1
35851,1
35852,1
35853,0
35854,1
35855,2
35856,1
35857,1
35858,0
35859,0
35860,2
35861,2
35862,2
35863,2
35864,2
35865,2
35866,1
35867,0
35868,0
35869,2
35870,1
35871,1
35872,0
35873,2
35874,2
35875,2
35876,1
35877,0
35878,2
35879,0
35880,0
35881,1
35882,1
35883,2
35884,1
35885,0
35886,1
35887,1
35888,0
35889,1
35890,0
35891,2
35892,2
35893,0
35894,0
35895,2
35896,0
35897,1
35898,2
35899,2
35900,1
35901,2
35902,0
35903,0
35904,0
35905,0
35906,1
35907,1
35908,1
35909,0
35910,1
35911,0
35912,1
35913,1
35914,1
35915,1
35916,1
35917,1
35918,0
35919,0
35920,0
35921,1
35922,1
35923,0
35924,1
35925,2
35926,2
35927,2
35928,0
35929,0
35930,2
35931,1
35932,1
35933,1
35934,0
35935,2
35936,0
35937,0
35938,1
35939,0
35940,0
35941,0
35942,2
35943,1
35944,2
35945,1
35946,2
35947,2
35948,0
35949,2
35950,1
35951,1
35952,0
35953,0
35954,0
35955,1
35956,2
35957,2
35958,1
35959,0
35960,0
35961,2
35962,0
35963,2
35964,0
35965,1
35966,2
35967,1
35968,0
35969,0
35970,2
35971,0
35972,1
35973,2
35974,0
35975,0
35976,1
35977,2
35978,2
35979,1
35980,0
35981,1
35982,2
35983,0
35984,2
35985,0
35986,2
35987,2
35988,2
35989,1
35990,0
35991,1
35992,1
35993,1
35994,0
35995,0
35996,0
35997,0
35998,2
35999,2
36000,2
36001,0
36002,1
36003,1
36004,0
36005,2
36006,0
36007,0
36008,0
36009,2
36010,2
36011,0
36012,0
36013,2
36014,2
36015,1
36016,0
36017,0
36018,1
36019,0
36020,0
36021,2
36022,0
36023,2
36024,0
36025,2
36026,1
36027,0
36028,2
36029,0
36030,2
36031,1
36032,1
36033,2
36034,2
36035,2
36036,0
36037,2
36038,0
36039,0
36040,1
36041,2
36042,2
36043,1
36044,0
36045,2
36046,2
36047,2
36048,1
36049,1
36050,2
36051,1
36052,0
36053,2
36054,1
36055,1
36056,0
36057,2
36058,0
36059,0
36060,0
36061,0
36062,0
36063,2
36064,0
36065,2
36066,1
36067,0
36068,1
36069,0
36070,2
36071,0
36072,0
36073,2
36074,0
36075,2
36076,0
36077,1
36078,0
36079,1
36080,1
36081,0
36082,2
36083,1
36084,1
36085,2
36086,0
36087,1
36088,2
36089,1
36090,1
36091,1
36092,0
36093,0
36094,2
36095,0
36096,0
36097,1
36098,0
36099,2
36100,2
36101,2
36102,2
36103,2
36104,2
36105,0
36106,1
36107,1
36108,2
36109,1
36110,2
36111,0
36112,0
36113,1
36114,0
36115,2
36116,0
36117,0
36118,0
36119,0
36120,0
36121,0
36122,2
36123,0
36124,2
36125,0
36126,1
36127,1
36128,2
36129,0
36130,2
36131,2
36132,0
36133,2
36134,0
36135,1
36136,1
36137,2
36138,1
36139,2
36140,2
36141,0
36142,0
36143,0
36144,1
36145,1
36146,2
36147,0
36148,2
36149,2
36150,1
36151,0
36152,1
36153,2
36154,0
36155,1
36156,0
36157,2
36158,1
36159,1
36160,0
36161,1
36162,0
36163,0
36164,1
36165,1
36166,0
36167,0
36168,2
36169,1
36170,1
36171,2
36172,1
36173,1
36174,0
36175,1
36176,0
36177,1
36178,0
36179,1
36180,0
36181,1
36182,1
36183,2
36184,0
36185,0
36186,1
36187,2
36188,1
36189,0
36190,0
36191,2
36192,1
36193,0
36194,0
36195,2
36196,0
36197,0
36198,1
36199,0
36200,0
36201,0
36202,1
36203,0
36204,0
36205,0
36206,1
36207,2
36208,2
36209,1
36210,1
36211,1
36212,1
36213,0
36214,1
36215,1
36216,0
36217,0
36218,1
36219,2
36220,2
36221,1
36222,0
36223,0
36224,0
36225,2
36226,1
36227,1
36228,0
36229,2
36230,0
36231,1
36232,0
36233,0
36234,0
36235,0
36236,1
36237,2
36238,2
36239,2
36240,2
36241,0
36242,0
36243,0
36244,2
36245,2
36246,0
36247,0
36248,1
36249,2
36250,2
36251,1
36252,2
36253,0
36254,1
36255,0
36256,2
36257,2
36258,1
36259,1
36260,0
36261,1
36262,0
36263,0
36264,0
36265,2
36266,0
36267,1
36268,1
36269,0
36270,1
36271,2
36272,0
36273,0
36274,1
36275,0
36276,1
36277,2
36278,0
36279,0
36280,1
36281,1
36282,0
36283,0
36284,2
36285,0
36286,1
36287,0
36288,2
36289,0
36290,2
36291,2
36292,1
36293,2
36294,0
36295,0
36296,2
36297,0
36298,0
36299,2
36300,1
36301,0
36302,0
36303,2
36304,2
36305,2
36306,0
36307,0
36308,0
36309,0
36310,2
36311,0
36312,2
36313,2
36314,2
36315,1
36316,0
36317,1
36318,0
36319,2
36320,0
36321,2
36322,0
36323,0
36324,1
36325,2
36326,2
36327,0
36328,1
36329,0
36330,0
36331,2
36332,2
36333,2
36334,1
36335,2
36336,1
36337,2
36338,1
36339,1
36340,2
36341,1
36342,1
36343,1
36344,1
36345,1
36346,2
36347,1
36348,1
36349,0
36350,2
36351,2
36352,0
36353,0
36354,1
36355,0
36356,0
36357,0
36358,0
36359,0
36360,1
36361,2
36362,0
36363,0
36364,0
36365,1
36366,2
36367,0
36368,1
36369,0
36370,2
36371,0
36372,1
36373,1
36374,1
36375,1
36376,0
36377,0
36378,1
36379,1
36380,0
36381,1
36382,2
36383,0
36384,2
36385,2
36386,2
36387,1
36388,1
36389,1
36390,1
36391,1
36392,1
36393,0
36394,0
36395,0
36396,2
36397,2
36398,0
36399,0
36400,0
36401,0
36402,0
36403,0
36404,0
36405,1
36406,2
36407,0
36408,2
36409,2
36410,0
36411,1
36412,0
36413,0
36414,0
36415,0
36416,0
36417,0
36418,0
36419,0
36420,0
36421,2
36422,0
36423,1
36424,2
36425,2
36426,2
36427,1
36428,2
36429,0
36430,0
36431,1
36432,1
36433,2
36434,0
36435,1
36436,0
36437,2
36438,1
36439,1
36440,0
36441,0
36442,0
36443,2
36444,2
36445,2
36446,2
36447,0
36448,1
36449,0
36450,0
36451,0
36452,0
36453,1
36454,1
36455,0
36456,1
36457,1
36458,1
36459,1
36460,0
36461,1
36462,2
36463,0
36464,0
36465,0
36466,1
36467,2
36468,0
36469,0
36470,2
36471,2
36472,1
36473,0
36474,1
36475,0
36476,0
36477,2
36478,0
36479,2
36480,0
36481,0
36482,0
36483,0
36484,1
36485,2
36486,0
36487,1
36488,0
36489,1
36490,0
36491,0
36492,0
36493,0
36494,0
36495,1
36496,2
36497,2
36498,2
36499,1
36500,2
36501,0
36502,2
36503,2
36504,0
36505,0
36506,1
36507,2
36508,0
36509,1
36510,2
36511,1
36512,2
36513,2
36514,1
36515,1
36516,1
36517,0
36518,2
36519,0
36520,1
36521,2
36522,1
36523,0
36524,2
36525,2
36526,2
36527,0
36528,0
36529,2
36530,2
36531,2
36532,2
36533,2
36534,2
36535,2
36536,2
36537,1
36538,1
36539,2
36540,2
36541,2
36542,2
36543,2
36544,0
36545,2
36546,1
36547,0
36548,1
36549,0
36550,0
36551,0
36552,0
36553,2
36554,1
36555,1
36556,2
36557,0
36558,1
36559,1
36560,2
36561,0
36562,1
36563,0
36564,0
36565,0
36566,2
36567,0
36568,1
36569,0
36570,0
36571,2
36572,2
36573,1
36574,1
36575,1
36576,2
36577,0
36578,2
36579,2
36580,2
36581,0
36582,1
36583,2
36584,1
36585,1
36586,1
36587,0
36588,2
36589,0
36590,0
36591,0
36592,1
36593,2
36594,1
36595,1
36596,2
36597,0
36598,2
36599,2
36600,2
36601,1
36602,0
36603,2
36604,1
36605,0
36606,1
36607,2
36608,0
36609,1
36610,2
36611,0
36612,0
36613,0
36614,2
36615,0
36616,1
36617,1
36618,1
36619,0
36620,1
36621,0
36622,0
36623,1
36624,2
36625,1
36626,2
36627,0
36628,2
36629,2
36630,2
36631,0
36632,2
36633,2
36634,2
36635,2
36636,1
36637,1
36638,0
36639,1
36640,2
36641,1
36642,2
36643,0
36644,2
36645,2
36646,1
36647,1
36648,0
36649,1
36650,2
36651,1
36652,1
36653,0
36654,2
36655,0
36656,2
36657,0
36658,0
36659,1
36660,0
36661,1
36662,0
36663,2
36664,2
36665,1
36666,2
36667,0
36668,0
36669,2
36670,0
36671,1
36672,2
36673,1
36674,0
36675,0
36676,2
36677,1
36678,1
36679,0
36680,1
36681,0
36682,1
36683,1
36684,0
36685,0
36686,0
36687,1
36688,2
36689,0
36690,1
36691,0
36692,0
36693,1
36694,1
36695,0
36696,1
36697,0
36698,0
36699,0
36700,0
36701,1
36702,0
36703,2
36704,1
36705,2
36706,0
36707,2
36708,0
36709,0
36710,0
36711,2
36712,0
36713,1
36714,2
36715,2
36716,0
36717,0
36718,2
36719,0
36720,0
36721,0
36722,0
36723,2
36724,1
36725,2
36726,1
36727,2
36728,2
36729,1
36730,2
36731,2
36732,1
36733,0
36734,0
36735,2
36736,2
36737,2
36738,1
36739,2
36740,2
36741,2
36742,2
36743,0
36744,1
36745,1
36746,2
36747,2
36748,1
36749,2
36750,1
36751,0
36752,2
36753,0
36754,1
36755,0
36756,0
36757,2
36758,1
36759,2
36760,0
36761,0
36762,0
36763,0
36764,1
36765,0
36766,1
36767,2
36768,0
36769,0
36770,2
36771,0
36772,1
36773,0
36774,1
36775,0
36776,0
36777,0
36778,1
36779,0
36780,0
36781,2
36782,0
36783,0
36784,2
36785,2
36786,0
36787,0
36788,0
36789,1
36790,1
36791,2
36792,0
36793,0
36794,1
36795,1
36796,2
36797,1
36798,0
36799,2
36800,1
36801,1
36802,0
36803,1
36804,1
36805,2
36806,0
36807,2
36808,2
36809,2
36810,1
36811,1
36812,1
36813,1
36814,1
36815,2
36816,0
36817,1
36818,0
36819,1
36820,1
36821,1
36822,0
36823,1
36824,2
36825,1
36826,1
36827,0
36828,2
36829,0
36830,2
36831,2
36832,0
36833,0
36834,1
36835,1
36836,2
36837,2
36838,1
36839,0
36840,1
36841,1
36842,2
36843,1
36844,0
36845,1
36846,0
36847,2
36848,0
36849,2
36850,1
36851,2
36852,2
36853,1
36854,0
36855,1
36856,2
36857,0
36858,1
36859,2
36860,1
36861,0
36862,1
36863,1
36864,0
36865,0
36866,1
36867,1
36868,0
36869,0
36870,0
36871,0
36872,1
36873,1
36874,1
36875,0
36876,0
36877,2
36878,0
36879,1
36880,2
36881,2
36882,1
36883,2
36884,1
36885,1
36886,1
36887,0
36888,0
36889,0
36890,1
36891,0
36892,2
36893,0
36894,2
36895,0
36896,0
36897,1
36898,1
36899,2
36900,0
36901,1
36902,2
36903,0
36904,2
36905,0
36906,1
36907,0
36908,1
36909,1
36910,0
36911,0
36912,0
36913,0
36914,2
36915,0
36916,0
36917,0
36918,0
36919,1
36920,1
36921,0
36922,1
36923,2
36924,0
36925,1
36926,2
36927,1
36928,2
36929,0
36930,1
36931,0
36932,2
36933,0
36934,2
36935,0
36936,1
36937,0
36938,2
36939,2
36940,0
36941,0
36942,0
36943,1
36944,0
36945,1
36946,2
36947,0
36948,1
36949,1
36950,0
36951,0
36952,0
36953,1
36954,0
36955,0
36956,1
36957,0
36958,0
36959,2
36960,1
36961,1
36962,1
36963,0
36964,0
36965,2
36966,1
36967,2
36968,0
36969,2
36970,2
36971,0
36972,0
36973,0
36974,2
36975,0
36976,2
36977,0
36978,2
36979,2
36980,1
36981,1
36982,1
36983,2
36984,1
36985,2
36986,0
36987,0
36988,0
36989,1
36990,0
36991,1
36992,0
36993,2
36994,0
36995,0
36996,0
36997,1
36998,1
36999,0
37000,2
37001,2
37002,0
37003,0
37004,2
37005,2
37006,2
37007,2
37008,0
37009,2
37010,1
37011,1
37012,2
37013,1
37014,1
37015,0
37016,0
37017,0
37018,0
37019,0
37020,0
37021,2
37022,0
37023,0
37024,2
37025,2
37026,1
37027,0
37028,1
37029,2
37030,0
37031,1
37032,2
37033,0
37034,1
37035,1
37036,2
37037,2
37038,0
37039,0
37040,0
37041,1
37042,2
37043,0
37044,0
37045,2
37046,0
37047,2
37048,1
37049,2
37050,1
37051,2
37052,1
37053,1
37054,1
37055,1
37056,0
37057,0
37058,0
37059,2
37060,2
37061,0
37062,2
37063,2
37064,2
37065,0
37066,0
37067,2
37068,0
37069,1
37070,2
37071,0
37072,1
37073,0
37074,2
37075,0
37076,2
37077,0
37078,0
37079,2
37080,0
37081,1
37082,1
37083,0
37084,1
37085,0
37086,1
37087,2
37088,2
37089,0
37090,2
37091,0
37092,2
37093,2
37094,2
37095,0
37096,2
37097,0
37098,0
37099,2
37100,2
37101,2
37102,2
37103,0
37104,0
37105,1
37106,2
37107,0
37108,0
37109,2
37110,1
37111,0
37112,1
37113,1
37114,2
37115,0
37116,1
37117,0
37118,2
37119,2
37120,2
37121,2
37122,0
37123,0
37124,0
37125,0
37126,1
37127,1
37128,2
37129,1
37130,0
37131,0
37132,0
37133,0
37134,0
37135,0
37136,0
37137,0
37138,0
37139,1
37140,0
37141,0
37142,0
37143,0
37144,0
37145,2
37146,0
37147,0
37148,1
37149,0
37150,0
37151,0
37152,0
37153,0
37154,1
37155,0
37156,1
37157,1
37158,0
37159,0
37160,0
37161,0
37162,2
37163,2
37164,1
37165,0
37166,0
37167,1
37168,1
37169,0
37170,0
37171,1
37172,0
37173,1
37174,0
37175,0
37176,2
37177,0
37178,0
37179,0
37180,2
37181,0
37182,1
37183,2
37184,1
37185,0
37186,0
37187,1
37188,0
37189,2
37190,2
37191,0
37192,1
37193,1
37194,2
37195,0
37196,0
37197,1
37198,2
37199,0
37200,2
37201,2
37202,0
37203,0
37204,0
37205,0
37206,1
37207,0
37208,0
37209,0
37210,1
37211,1
37212,2
37213,0
37214,1
37215,2
37216,0
37217,2
37218,2
37219,1
37220,0
37221,1
37222,0
37223,2
37224,1
37225,0
37226,0
37227,0
37228,0
37229,1
37230,0
37231,0
37232,1
37233,0
37234,1
37235,0
37236,0
37237,0
37238,1
37239,2
37240,0
37241,0
37242,1
37243,2
37244,1
37245,1
37246,0
37247,0
37248,0
37249,2
37250,0
37251,0
37252,1
37253,1
37254,0
37255,2
37256,2
37257,0
37258,1
37259,1
37260,0
37261,0
37262,0
37263,0
37264,2
37265,0
37266,1
37267,2
37268,2
37269,1
37270,0
37271,2
37272,0
37273,0
37274,2
37275,2
37276,0
37277,0
37278,2
37279,0
37280,0
37281,0
37282,1
37283,1
37284,0
37285,1
37286,1
37287,0
37288,0
37289,2
37290,2
37291,2
37292,2
37293,2
37294,0
37295,2
37296,2
37297,2
37298,1
37299,1
37300,2
37301,1
37302,1
37303,0
37304,2
37305,2
37306,1
37307,0
37308,0
37309,0
37310,2
37311,1
37312,0
37313,0
37314,0
37315,1
37316,0
37317,0
37318,2
37319,2
37320,2
37321,1
37322,2
37323,2
37324,0
37325,2
37326,2
37327,0
37328,0
37329,0
37330,2
37331,2
37332,0
37333,0
37334,1
37335,0
37336,1
37337,1
37338,2
37339,0
37340,2
37341,1
37342,0
37343,2
37344,0
37345,2
37346,2
37347,2
37348,2
37349,0
37350,0
37351,0
37352,2
37353,0
37354,0
37355,1
37356,0
37357,2
37358,2
37359,0
37360,2
37361,0
37362,2
37363,1
37364,0
37365,2
37366,0
37367,0
37368,2
37369,1
37370,0
37371,0
37372,0
37373,2
37374,1
37375,1
37376,1
37377,2
37378,0
37379,2
37380,0
37381,1
37382,2
37383,1
37384,0
37385,0
37386,1
37387,1
37388,0
37389,1
37390,1
37391,1
37392,0
37393,0
37394,2
37395,0
37396,0
37397,0
37398,0
37399,1
37400,2
37401,0
37402,0
37403,1
37404,0
37405,0
37406,2
37407,1
37408,2
37409,0
37410,1
37411,0
37412,1
37413,1
37414,0
37415,1
37416,1
37417,0
37418,2
37419,0
37420,1
37421,2
37422,2
37423,2
37424,1
37425,1
37426,2
37427,1
37428,0
37429,2
37430,0
37431,0
37432,0
37433,0
37434,0
37435,1
37436,0
37437,0
37438,2
37439,1
37440,2
37441,0
37442,0
37443,2
37444,1
37445,0
37446,0
37447,1
37448,1
37449,0
37450,0
37451,0
37452,2
37453,1
37454,2
37455,1
37456,0
37457,2
37458,1
37459,2
37460,0
37461,2
37462,2
37463,1
37464,0
37465,0
37466,2
37467,1
37468,2
37469,1
37470,2
37471,2
37472,2
37473,0
37474,0
37475,0
37476,1
37477,2
37478,0
37479,2
37480,1
37481,1
37482,2
37483,0
37484,0
37485,2
37486,1
37487,2
37488,2
37489,0
37490,1
37491,0
37492,2
37493,1
37494,2
37495,2
37496,2
37497,0
37498,0
37499,0
37500,2
37501,0
37502,2
37503,2
37504,0
37505,0
37506,0
37507,0
37508,1
37509,0
37510,1
37511,0
37512,1
37513,1
37514,2
37515,0
37516,2
37517,1
37518,0
37519,1
37520,1
37521,0
37522,1
37523,1
37524,1
37525,0
37526,1
37527,0
37528,1
37529,0
37530,0
37531,1
37532,0
37533,2
37534,1
37535,2
37536,2
37537,0
37538,1
37539,0
37540,0
37541,1
37542,2
37543,1
37544,0
37545,0
37546,0
37547,1
37548,0
37549,0
37550,0
37551,1
37552,2
37553,0
37554,0
37555,0
37556,1
37557,1
37558,2
37559,1
37560,2
37561,2
37562,2
37563,2
37564,1
37565,1
37566,2
37567,0
37568,0
37569,0
37570,0
37571,1
37572,1
37573,1
37574,0
37575,2
37576,2
37577,0
37578,1
37579,0
37580,0
37581,2
37582,1
37583,0
37584,2
37585,1
37586,2
37587,0
37588,2
37589,0
37590,1
37591,0
37592,0
37593,0
37594,2
37595,2
37596,1
37597,1
37598,0
37599,1
37600,0
37601,1
37602,0
37603,0
37604,0
37605,0
37606,0
37607,0
37608,0
37609,0
37610,0
37611,1
37612,2
37613,0
37614,1
37615,1
37616,0
37617,2
37618,2
37619,0
37620,1
37621,0
37622,0
37623,1
37624,0
37625,0
37626,0
37627,1
37628,1
37629,0
37630,2
37631,1
37632,0
37633,0
37634,2
37635,2
37636,1
37637,2
37638,0
37639,1
37640,0
37641,2
37642,1
37643,1
37644,0
37645,0
37646,2
37647,0
37648,0
37649,1
37650,0
37651,2
37652,1
37653,1
37654,0
37655,1
37656,0
37657,0
37658,0
37659,1
37660,0
37661,0
37662,0
37663,1
37664,2
37665,0
37666,0
37667,0
37668,0
37669,0
37670,0
37671,1
37672,1
37673,1
37674,0
37675,1
37676,0
37677,0
37678,2
37679,2
37680,0
37681,1
37682,0
37683,2
37684,1
37685,0
37686,1
37687,2
37688,2
37689,0
37690,2
37691,2
37692,1
37693,0
37694,2
37695,2
37696,1
37697,0
37698,2
37699,0
37700,2
37701,1
37702,2
37703,1
37704,0
37705,0
37706,1
37707,0
37708,0
37709,2
37710,1
37711,0
37712,2
37713,2
37714,1
37715,0
37716,1
37717,0
37718,0
37719,2
37720,2
37721,2
37722,0
37723,2
37724,2
37725,2
37726,1
37727,0
37728,2
37729,2
37730,0
37731,0
37732,2
37733,0
37734,0
37735,1
37736,2
37737,2
37738,1
37739,2
37740,1
37741,1
37742,0
37743,0
37744,2
37745,2
37746,2
37747,2
37748,0
37749,1
37750,2
37751,0
37752,0
37753,2
37754,1
37755,0
37756,2
37757,0
37758,1
37759,0
37760,0
37761,1
37762,0
37763,0
37764,2
37765,2
37766,0
37767,1
37768,0
37769,1
37770,0
37771,1
37772,1
37773,1
37774,1
37775,1
37776,0
37777,2
37778,1
37779,2
37780,0
37781,1
37782,1
37783,0
37784,0
37785,0
37786,1
37787,1
37788,1
37789,2
37790,0
37791,2
37792,2
37793,0
37794,2
37795,1
37796,0
37797,1
37798,0
37799,1
37800,0
37801,0
37802,0
37803,1
37804,0
37805,0
37806,0
37807,2
37808,2
37809,0
37810,0
37811,2
37812,0
37813,2
37814,2
37815,2
37816,0
37817,1
37818,0
37819,1
37820,2
37821,2
37822,1
37823,0
37824,2
37825,1
37826,0
37827,1
37828,0
37829,0
37830,0
37831,1
37832,2
37833,2
37834,1
37835,1
37836,0
37837,1
37838,1
37839,1
37840,2
37841,2
37842,0
37843,1
37844,0
37845,2
37846,1
37847,0
37848,2
37849,2
37850,1
37851,2
37852,0
37853,1
37854,0
37855,2
37856,0
37857,1
37858,2
37859,0
37860,2
37861,0
37862,2
37863,1
37864,0
37865,2
37866,0
37867,0
37868,0
37869,1
37870,2
37871,2
37872,0
37873,0
37874,1
37875,1
37876,1
37877,0
37878,2
37879,0
37880,1
37881,1
37882,0
37883,0
37884,0
37885,0
37886,2
37887,0
37888,0
37889,2
37890,1
37891,1
37892,1
37893,1
37894,0
37895,0
37896,1
37897,0
37898,0
37899,1
37900,1
37901,1
37902,0
37903,0
37904,0
37905,1
37906,0
37907,0
37908,2
37909,1
37910,0
37911,0
37912,2
37913,1
37914,0
37915,0
37916,1
37917,1
37918,1
37919,2
37920,0
37921,1
37922,2
37923,0
37924,0
37925,2
37926,0
37927,2
37928,1
37929,0
37930,1
37931,1
37932,2
37933,0
37934,0
37935,0
37936,2
37937,0
37938,0
37939,1
37940,1
37941,0
37942,2
37943,0
37944,0
37945,2
37946,1
37947,0
37948,1
37949,0
37950,1
37951,0
37952,1
37953,1
37954,0
37955,1
37956,1
37957,0
37958,1
37959,2
37960,0
37961,1
37962,1
37963,1
37964,0
37965,1
37966,0
37967,0
37968,0
37969,0
37970,0
37971,0
37972,2
37973,1
37974,0
37975,2
37976,1
37977,2
37978,1
37979,2
37980,0
37981,1
37982,2
37983,0
37984,0
37985,1
37986,0
37987,2
37988,2
37989,1
37990,0
37991,1
37992,2
37993,1
37994,1
37995,0
37996,1
37997,0
37998,2
37999,1
38000,2
38001,2
38002,0
38003,0
38004,0
38005,2
38006,0
38007,0
38008,1
38009,2
38010,1
38011,2
38012,0
38013,2
38014,2
38015,0
38016,0
38017,0
38018,2
38019,0
38020,1
38021,1
38022,2
38023,0
38024,0
38025,1
38026,0
38027,0
38028,1
38029,0
38030,0
38031,2
38032,2
38033,2
38034,1
38035,2
38036,0
38037,2
38038,1
38039,1
38040,0
38041,2
38042,1
38043,0
38044,0
38045,1
38046,1
38047,0
38048,0
38049,0
38050,0
38051,0
38052,2
38053,2
38054,0
38055,1
38056,2
38057,0
38058,0
38059,2
38060,0
38061,1
38062,0
38063,0
38064,0
38065,1
38066,2
38067,2
38068,0
38069,2
38070,1
38071,2
38072,0
38073,1
38074,2
38075,1
38076,0
38077,0
38078,0
38079,0
38080,1
38081,1
38082,2
38083,0
38084,2
38085,2
38086,0
38087,0
38088,0
38089,0
38090,0
38091,1
38092,0
38093,0
38094,0
38095,2
38096,1
38097,0
38098,0
38099,2
38100,0
38101,1
38102,1
38103,0
38104,0
38105,0
38106,2
38107,1
38108,1
38109,0
38110,0
38111,0
38112,2
38113,0
38114,1
38115,0
38116,1
38117,2
38118,1
38119,0
38120,1
38121,2
38122,2
38123,1
38124,0
38125,0
38126,1
38127,2
38128,1
38129,2
38130,0
38131,0
38132,1
38133,2
38134,1
38135,0
38136,2
38137,0
38138,2
38139,0
38140,1
38141,1
38142,2
38143,0
38144,0
38145,0
38146,0
38147,1
38148,1
38149,1
38150,2
38151,1
38152,0
38153,2
38154,0
38155,1
38156,0
38157,1
38158,0
38159,2
38160,1
38161,1
38162,2
38163,1
38164,1
38165,2
38166,0
38167,1
38168,1
38169,2
38170,1
38171,0
38172,0
38173,0
38174,2
38175,2
38176,0
38177,0
38178,2
38179,2
38180,1
38181,0
38182,1
38183,0
38184,1
38185,2
38186,2
38187,1
38188,1
38189,0
38190,0
38191,0
38192,2
38193,0
38194,2
38195,0
38196,2
38197,0
38198,0
38199,0
38200,1
38201,2
38202,2
38203,0
38204,0
38205,2
38206,2
38207,2
38208,2
38209,1
38210,1
38211,2
38212,2
38213,0
38214,1
38215,1
38216,1
38217,1
38218,2
38219,2
38220,2
38221,1
38222,2
38223,2
38224,2
38225,2
38226,1
38227,0
38228,0
38229,0
38230,2
38231,1
38232,1
38233,2
38234,2
38235,1
38236,1
38237,0
38238,0
38239,2
38240,2
38241,2
38242,2
38243,0
38244,0
38245,2
38246,0
38247,0
38248,2
38249,1
38250,0
38251,1
38252,0
38253,2
38254,2
38255,1
38256,2
38257,1
38258,0
38259,0
38260,1
38261,0
38262,0
38263,1
38264,1
38265,1
38266,1
38267,1
38268,0
38269,2
38270,0
38271,0
38272,1
38273,1
38274,0
38275,2
38276,2
38277,0
38278,1
38279,1
38280,2
38281,0
38282,1
38283,0
38284,0
38285,1
38286,2
38287,0
38288,2
38289,0
38290,0
38291,0
38292,2
38293,2
38294,2
38295,2
38296,1
38297,2
38298,0
38299,2
38300,2
38301,0
38302,0
38303,1
38304,1
38305,2
38306,1
38307,0
38308,1
38309,2
38310,2
38311,2
38312,0
38313,1
38314,2
38315,2
38316,0
38317,1
38318,1
38319,2
38320,0
38321,0
38322,0
38323,1
38324,0
38325,2
38326,0
38327,1
38328,1
38329,0
38330,1
38331,2
38332,1
38333,2
38334,1
38335,1
38336,2
38337,1
38338,0
38339,2
38340,0
38341,2
38342,2
38343,0
38344,0
38345,0
38346,0
38347,0
38348,0
38349,1
38350,2
38351,0
38352,0
38353,0
38354,0
38355,2
38356,2
38357,1
38358,2
38359,1
38360,0
38361,2
38362,0
38363,1
38364,0
38365,1
38366,2
38367,0
38368,0
38369,0
38370,2
38371,0
38372,0
38373,1
38374,0
38375,1
38376,1
38377,1
38378,0
38379,0
38380,2
38381,2
38382,1
38383,0
38384,1
38385,1
38386,2
38387,0
38388,2
38389,0
38390,0
38391,1
38392,0
38393,0
38394,0
38395,0
38396,0
38397,0
38398,0
38399,1
38400,1
38401,1
38402,1
38403,0
38404,1
38405,1
38406,0
38407,0
38408,0
38409,2
38410,0
38411,0
38412,1
38413,1
38414,1
38415,0
38416,2
38417,2
38418,2
38419,2
38420,2
38421,0
38422,0
38423,0
38424,0
38425,0
38426,2
38427,1
38428,2
38429,2
38430,2
38431,2
38432,0
38433,0
38434,0
38435,1
38436,1
38437,1
38438,0
38439,0
38440,1
38441,2
38442,2
38443,0
38444,1
38445,0
38446,0
38447,2
38448,1
38449,2
38450,0
38451,1
38452,0
38453,0
38454,0
38455,2
38456,0
38457,2
38458,0
38459,0
38460,1
38461,2
38462,2
38463,0
38464,1
38465,1
38466,2
38467,2
38468,0
38469,0
38470,0
38471,1
38472,1
38473,0
38474,0
38475,0
38476,0
38477,2
38478,2
38479,0
38480,1
38481,2
38482,2
38483,0
38484,1
38485,0
38486,2
38487,1
38488,1
38489,0
38490,0
38491,0
38492,0
38493,2
38494,0
38495,0
38496,2
38497,0
38498,1
38499,2
38500,1
38501,2
38502,2
38503,0
38504,0
38505,1
38506,1
38507,0
38508,1
38509,2
38510,0
38511,1
38512,2
38513,2
38514,1
38515,2
38516,1
38517,2
38518,0
38519,1
38520,1
38521,1
38522,2
38523,0
38524,1
38525,0
38526,2
38527,1
38528,0
38529,2
38530,1
38531,1
38532,0
38533,0
38534,0
38535,0
38536,2
38537,0
38538,2
38539,0
38540,1
38541,2
38542,0
38543,1
38544,0
38545,0
38546,2
38547,0
38548,2
38549,1
38550,1
38551,0
38552,0
38553,0
38554,1
38555,0
38556,0
38557,0
38558,1
38559,2
38560,2
38561,1
38562,1
38563,1
38564,2
38565,0
38566,2
38567,1
38568,0
38569,0
38570,0
38571,2
38572,1
38573,2
38574,2
38575,1
38576,2
38577,2
38578,2
38579,0
38580,0
38581,0
38582,2
38583,0
38584,0
38585,0
38586,2
38587,1
38588,1
38589,1
38590,2
38591,2
38592,2
38593,2
38594,2
38595,1
38596,2
38597,0
38598,2
38599,0
38600,2
38601,0
38602,1
38603,1
38604,2
38605,0
38606,1
38607,2
38608,0
38609,0
38610,2
38611,0
38612,0
38613,0
38614,0
38615,2
38616,0
38617,0
38618,0
38619,0
38620,0
38621,0
38622,1
38623,1
38624,0
38625,1
38626,2
38627,1
38628,0
38629,0
38630,1
38631,0
38632,1
38633,1
38634,2
38635,2
38636,0
38637,2
38638,2
38639,0
38640,2
38641,1
38642,1
38643,2
38644,1
38645,2
38646,0
38647,0
38648,0
38649,1
38650,1
38651,0
38652,2
38653,0
38654,0
38655,0
38656,1
38657,1
38658,2
38659,1
38660,0
38661,0
38662,0
38663,2
38664,0
38665,0
38666,1
38667,0
38668,2
38669,1
38670,0
38671,2
38672,0
38673,2
38674,1
38675,0
38676,2
38677,2
38678,0
38679,0
38680,2
38681,1
38682,1
38683,0
38684,0
38685,2
38686,1
38687,0
38688,0
38689,0
38690,2
38691,0
38692,1
38693,0
38694,2
38695,1
38696,0
38697,2
38698,0
38699,0
38700,2
38701,1
38702,0
38703,2
38704,0
38705,1
38706,1
38707,2
38708,2
38709,1
38710,2
38711,0
38712,0
38713,2
38714,1
38715,1
38716,1
38717,0
38718,2
38719,0
38720,1
38721,2
38722,2
38723,2
38724,1
38725,1
38726,2
38727,1
38728,1
38729,0
38730,0
38731,0
38732,2
38733,0
38734,2
38735,0
38736,1
38737,0
38738,0
38739,2
38740,2
38741,2
38742,0
38743,0
38744,0
38745,2
38746,2
38747,1
38748,0
38749,2
38750,2
38751,2
38752,1
38753,0
38754,0
38755,1
38756,0
38757,2
38758,2
38759,0
38760,2
38761,1
38762,0
38763,0
38764,0
38765,2
38766,0
38767,0
38768,1
38769,0
38770,0
38771,1
38772,1
38773,0
38774,1
38775,0
38776,2
38777,2
38778,0
38779,1
38780,2
38781,2
38782,0
38783,0
38784,2
38785,0
38786,2
38787,0
38788,0
38789,1
38790,0
38791,2
38792,2
38793,1
38794,2
38795,0
38796,0
38797,0
38798,1
38799,0
38800,0
38801,2
38802,1
38803,1
38804,2
38805,1
38806,0
38807,2
38808,2
38809,0
38810,1
38811,2
38812,1
38813,2
38814,2
38815,1
38816,2
38817,0
38818,0
38819,0
38820,0
38821,2
38822,0
38823,2
38824,2
38825,0
38826,1
38827,0
38828,2
38829,0
38830,0
38831,0
38832,1
38833,0
38834,1
38835,1
38836,0
38837,0
38838,1
38839,0
38840,0
38841,1
38842,0
38843,1
38844,2
38845,0
38846,2
38847,0
38848,2
38849,0
38850,2
38851,0
38852,0
38853,0
38854,0
38855,2
38856,0
38857,2
38858,0
38859,2
38860,0
38861,0
38862,0
38863,0
38864,1
38865,0
38866,0
38867,2
38868,0
38869,0
38870,0
38871,0
38872,1
38873,2
38874,0
38875,2
38876,0
38877,0
38878,1
38879,1
38880,0
38881,0
38882,2
38883,0
38884,0
38885,0
38886,1
38887,0
38888,0
38889,1
38890,1
38891,2
38892,2
38893,1
38894,2
38895,2
38896,1
38897,2
38898,1
38899,0
38900,2
38901,2
38902,0
38903,1
38904,2
38905,2
38906,2
38907,0
38908,1
38909,0
38910,1
38911,0
38912,0
38913,2
38914,1
38915,2
38916,0
38917,0
38918,0
38919,2
38920,2
38921,1
38922,0
38923,2
38924,0
38925,1
38926,2
38927,0
38928,2
38929,1
38930,0
38931,1
38932,0
38933,1
38934,1
38935,2
38936,1
38937,0
38938,2
38939,2
38940,2
38941,0
38942,0
38943,0
38944,1
38945,1
38946,0
38947,1
38948,0
38949,1
38950,0
38951,0
38952,0
38953,2
38954,2
38955,1
38956,1
38957,0
38958,0
38959,1
38960,0
38961,0
38962,1
38963,0
38964,1
38965,0
38966,1
38967,2
38968,2
38969,2
38970,0
38971,1
38972,0
38973,1
38974,2
38975,2
38976,2
38977,2
38978,1
38979,1
38980,0
38981,2
38982,1
38983,1
38984,2
38985,0
38986,0
38987,1
38988,0
38989,0
38990,1
38991,0
38992,0
38993,0
38994,1
38995,2
38996,0
38997,0
38998,1
38999,2
39000,2
39001,2
39002,1
39003,2
39004,0
39005,0
39006,0
39007,1
39008,0
39009,0
39010,1
39011,0
39012,2
39013,2
39014,0
39015,1
39016,2
39017,0
39018,1
39019,2
39020,0
39021,1
39022,2
39023,2
39024,0
39025,0
39026,1
39027,0
39028,1
39029,2
39030,2
39031,1
39032,0
39033,0
39034,0
39035,0
39036,2
39037,2
39038,2
39039,0
39040,0
39041,2
39042,0
39043,2
39044,0
39045,0
39046,0
39047,2
39048,2
39049,1
39050,0
39051,0
39052,2
39053,2
39054,1
39055,1
39056,0
39057,2
39058,0
39059,2
39060,2
39061,2
39062,2
39063,0
39064,0
39065,0
39066,2
39067,0
39068,0
39069,1
39070,2
39071,2
39072,2
39073,2
39074,0
39075,1
39076,2
39077,1
39078,0
39079,2
39080,0
39081,0
39082,0
39083,2
39084,1
39085,0
39086,2
39087,0
39088,1
39089,1
39090,1
39091,1
39092,0
39093,1
39094,2
39095,2
39096,2
39097,1
39098,2
39099,2
39100,1
39101,1
39102,2
39103,2
39104,0
39105,2
39106,1
39107,1
39108,2
39109,1
39110,0
39111,0
39112,1
39113,1
39114,2
39115,1
39116,2
39117,0
39118,2
39119,0
39120,1
39121,0
39122,1
39123,2
39124,1
39125,0
39126,1
39127,2
39128,1
39129,1
39130,0
39131,2
39132,2
39133,0
39134,0
39135,1
39136,1
39137,0
39138,0
39139,2
39140,0
39141,2
39142,1
39143,2
39144,2
39145,1
39146,2
39147,1
39148,2
39149,1
39150,0
39151,1
39152,0
39153,0
39154,1
39155,0
39156,0
39157,2
39158,1
39159,2
39160,1
39161,0
39162,1
39163,1
39164,1
39165,1
39166,1
39167,0
39168,0
39169,1
39170,2
39171,2
39172,1
39173,0
39174,1
39175,1
39176,2
39177,2
39178,2
39179,0
39180,1
39181,1
39182,2
39183,0
39184,1
39185,2
39186,2
39187,0
39188,1
39189,0
39190,0
39191,0
39192,0
39193,0
39194,1
39195,2
39196,0
39197,1
39198,2
39199,2
39200,1
39201,0
39202,0
39203,0
39204,1
39205,1
39206,0
39207,0
39208,0
39209,2
39210,0
39211,0
39212,0
39213,1
39214,0
39215,1
39216,0
39217,1
39218,0
39219,0
39220,2
39221,1
39222,0
39223,2
39224,0
39225,2
39226,0
39227,0
39228,1
39229,0
39230,2
39231,1
39232,0
39233,1
39234,0
39235,2
39236,1
39237,1
39238,1
39239,1
39240,2
39241,0
39242,0
39243,1
39244,0
39245,1
39246,0
39247,2
39248,1
39249,0
39250,2
39251,2
39252,0
39253,2
39254,2
39255,2
39256,2
39257,2
39258,1
39259,2
39260,0
39261,2
39262,2
39263,1
39264,1
39265,2
39266,1
39267,1
39268,0
39269,1
39270,0
39271,1
39272,0
39273,0
39274,0
39275,0
39276,0
39277,1
39278,0
39279,1
39280,0
39281,1
39282,2
39283,2
39284,2
39285,2
39286,0
39287,0
39288,1
39289,1
39290,0
39291,0
39292,0
39293,0
39294,2
39295,0
39296,1
39297,2
39298,0
39299,1
39300,1
39301,0
39302,0
39303,1
39304,1
39305,0
39306,0
39307,1
39308,2
39309,0
39310,2
39311,1
39312,0
39313,0
39314,2
39315,1
39316,2
39317,0
39318,1
39319,1
39320,1
39321,1
39322,0
39323,0
39324,1
39325,1
39326,0
39327,1
39328,0
39329,0
39330,1
39331,1
39332,2
39333,1
39334,0
39335,0
39336,2
39337,0
39338,0
39339,1
39340,2
39341,0
39342,2
39343,2
39344,1
39345,1
39346,0
39347,0
39348,0
39349,1
39350,0
39351,1
39352,0
39353,0
39354,1
39355,0
39356,2
39357,2
39358,1
39359,1
39360,2
39361,1
39362,2
39363,0
39364,1
39365,0
39366,2
39367,2
39368,2
39369,0
39370,2
39371,0
39372,2
39373,0
39374,2
39375,0
39376,1
39377,0
39378,0
39379,2
39380,0
39381,0
39382,1
39383,0
39384,2
39385,2
39386,1
39387,2
39388,2
39389,0
39390,0
39391,0
39392,2
39393,2
39394,0
39395,2
39396,1
39397,1
39398,2
39399,0
39400,0
39401,0
39402,2
39403,0
39404,2
39405,2
39406,1
39407,2
39408,0
39409,0
39410,0
39411,0
39412,1
39413,1
39414,0
39415,0
39416,2
39417,0
39418,0
39419,2
39420,2
39421,2
39422,1
39423,2
39424,0
39425,1
39426,1
39427,1
39428,2
39429,1
39430,1
39431,0
39432,0
39433,2
39434,0
39435,2
39436,0
39437,1
39438,0
39439,0
39440,2
39441,0
39442,0
39443,1
39444,1
39445,1
39446,1
39447,0
39448,0
39449,2
39450,1
39451,0
39452,1
39453,0
39454,0
39455,0
39456,2
39457,0
39458,0
39459,2
39460,1
39461,0
39462,0
39463,2
39464,0
39465,2
39466,1
39467,0
39468,0
39469,0
39470,2
39471,2
39472,2
39473,0
39474,0
39475,0
39476,2
39477,0
39478,0
39479,2
39480,2
39481,1
39482,0
39483,1
39484,1
39485,0
39486,1
39487,1
39488,1
39489,0
39490,0
39491,1
39492,1
39493,2
39494,0
39495,0
39496,0
39497,1
39498,2
39499,0
39500,0
39501,0
39502,0
39503,1
39504,0
39505,0
39506,2
39507,0
39508,0
39509,0
39510,2
39511,2
39512,1
39513,2
39514,2
39515,2
39516,0
39517,2
39518,2
39519,2
39520,0
39521,2
39522,0
39523,1
39524,0
39525,1
39526,0
39527,0
39528,2
39529,2
39530,1
39531,2
39532,0
39533,0
39534,1
39535,0
39536,2
39537,1
39538,0
39539,0
39540,1
39541,1
39542,2
39543,2
39544,0
39545,2
39546,1
39547,2
39548,0
39549,2
39550,0
39551,2
39552,0
39553,1
39554,2
39555,0
39556,2
39557,1
39558,2
39559,0
39560,2
39561,1
39562,0
39563,0
39564,0
39565,0
39566,0
39567,1
39568,0
39569,0
39570,0
39571,2
39572,1
39573,2
39574,2
39575,0
39576,2
39577,0
39578,0
39579,1
39580,0
39581,1
39582,0
39583,1
39584,2
39585,1
39586,1
39587,2
39588,2
39589,2
39590,2
39591,1
39592,0
39593,0
39594,1
39595,2
39596,0
39597,1
39598,2
39599,0
39600,1
39601,2
39602,0
39603,0
39604,0
39605,0
39606,2
39607,0
39608,0
39609,2
39610,0
39611,1
39612,0
39613,0
39614,0
39615,2
39616,2
39617,0
39618,0
39619,0
39620,1
39621,0
39622,0
39623,2
39624,0
39625,1
39626,2
39627,2
39628,0
39629,1
39630,1
39631,1
39632,1
39633,0
39634,0
39635,2
39636,0
39637,1
39638,1
39639,2
39640,1
39641,0
39642,1
39643,0
39644,0
39645,2
39646,1
39647,0
39648,2
39649,1
39650,2
39651,0
39652,2
39653,0
39654,0
39655,1
39656,1
39657,2
39658,1
39659,2
39660,2
39661,2
39662,2
39663,1
39664,2
39665,2
39666,0
39667,1
39668,0
39669,1
39670,1
39671,0
39672,2
39673,2
39674,0
39675,0
39676,0
39677,1
39678,0
39679,0
39680,0
39681,0
39682,2
39683,1
39684,0
39685,2
39686,0
39687,0
39688,0
39689,1
39690,2
39691,0
39692,2
39693,2
39694,0
39695,0
39696,1
39697,2
39698,2
39699,0
39700,0
39701,0
39702,1
39703,0
39704,0
39705,2
39706,0
39707,2
39708,1
39709,2
39710,0
39711,0
39712,2
39713,0
39714,2
39715,2
39716,0
39717,0
39718,0
39719,1
39720,2
39721,1
39722,0
39723,2
39724,1
39725,0
39726,0
39727,2
39728,2
39729,2
39730,2
39731,0
39732,0
39733,0
39734,2
39735,2
39736,1
39737,2
39738,2
39739,1
39740,0
39741,1
39742,1
39743,1
39744,2
39745,1
39746,1
39747,0
39748,0
39749,1
39750,0
39751,0
39752,0
39753,0
39754,1
39755,1
39756,0
39757,1
39758,0
39759,0
39760,0
39761,2
39762,1
39763,0
39764,0
39765,0
39766,0
39767,0
39768,2
39769,0
39770,1
39771,0
39772,2
39773,0
39774,2
39775,1
39776,0
39777,1
39778,0
39779,1
39780,1
39781,0
39782,1
39783,1
39784,1
39785,0
39786,1
39787,1
39788,1
39789,0
39790,2
39791,0
39792,2
39793,2
39794,1
39795,2
39796,0
39797,2
39798,2
39799,1
39800,2
39801,1
39802,0
39803,2
39804,0
39805,0
39806,1
39807,1
39808,2
39809,1
39810,0
39811,0
39812,2
39813,1
39814,0
39815,2
39816,0
39817,1
39818,0
39819,0
39820,0
39821,1
39822,0
39823,1
39824,2
39825,2
39826,0
39827,1
39828,1
39829,2
39830,2
39831,0
39832,0
39833,1
39834,1
39835,1
39836,2
39837,2
39838,0
39839,0
39840,1
39841,0
39842,1
39843,2
39844,0
39845,1
39846,0
39847,2
39848,1
39849,0
39850,0
39851,2
39852,2
39853,0
39854,2
39855,2
39856,0
39857,2
39858,1
39859,2
39860,2
39861,0
39862,2
39863,1
39864,2
39865,0
39866,0
39867,0
39868,1
39869,0
39870,2
39871,2
39872,1
39873,0
39874,2
39875,0
39876,0
39877,2
39878,0
39879,1
39880,2
39881,0
39882,2
39883,1
39884,2
39885,2
39886,0
39887,2
39888,1
39889,2
39890,2
39891,1
39892,0
39893,2
39894,0
39895,0
39896,0
39897,1
39898,1
39899,1
39900,0
39901,0
39902,1
39903,0
39904,2
39905,2
39906,1
39907,1
39908,1
39909,1
39910,0
39911,0
39912,0
39913,0
39914,2
39915,2
39916,2
39917,0
39918,0
39919,1
39920,2
39921,0
39922,2
39923,0
39924,0
39925,2
39926,2
39927,0
39928,0
39929,0
39930,2
39931,0
39932,2
39933,2
39934,1
39935,2
39936,2
39937,1
39938,0
39939,0
39940,0
39941,1
39942,2
39943,0
39944,0
39945,0
39946,1
39947,0
39948,0
39949,1
39950,0
39951,0
39952,2
39953,2
39954,0
39955,2
39956,0
39957,2
39958,1
39959,1
39960,1
39961,2
39962,0
39963,1
39964,0
39965,0
39966,1
39967,0
39968,1
39969,0
39970,0
39971,0
39972,1
39973,0
39974,2
39975,1
39976,1
39977,2
39978,1
39979,0
39980,1
39981,0
39982,1
39983,0
39984,2
39985,1
39986,0
39987,2
39988,2
39989,1
39990,1
39991,2
39992,1
39993,2
39994,1
39995,1
39996,1
39997,0
39998,2
39999,1
40000,2
